[2025-08-12 05:03:13] WHERE clause: 
[2025-08-12 05:03:13] SQL Query: SELECT b.transactNo, DATE_FORMAT(f.flightDepartureDate, '%Y.%m.%d') AS departureDate, f.returnDepartureDate AS returnDate, 
        b.status AS bookingStatus, CONCAT(f.flightDepartureDate, ' | ', f.returnDepartureDate) AS FlightDate, 
        p.packageName AS PackageName, b.bookingDate, b.pax AS TotalPax,  
        b.totalPrice AS PackagePrice, br.branchName as branchName, COALESCE(SUM(pa.amount), 0) AS TotalAmountPaid,
        CONCAT(a.lName, ', ', a.fName, ' ', IFNULL(CONCAT(SUBSTRING(a.mName, 1, 1), '.'), '')) AS agentName,
        COALESCE(SUM(r.requestCost), 0) AS TotalRequestAmount
        FROM booking b
        JOIN branch br ON b.agentCode = br.branchAgentCode
        JOIN flight f ON f.flightId = b.flightId
        JOIN package p ON p.packageId = b.packageId
        LEFT JOIN agent a ON b.accountType = 'Agent' AND b.accountId = a.accountId
        LEFT JOIN company c ON a.companyId = c.companyId
        LEFT JOIN client cl ON b.accountType = 'Client' AND b.accountId = cl.accountId
        LEFT JOIN company cc ON cl.companyId = cc.companyId
        LEFT JOIN payment pa ON pa.transactNo = b.transactNo AND pa.paymentStatus = 'Approved'
        LEFT JOIN request r ON r.transactNo = b.transactNo AND r.requestStatus = 'Confirmed'
        
        GROUP BY b.transactNo, f.flightDepartureDate, f.returnDepartureDate, b.status, 
                 p.packageName, b.bookingDate, b.pax, b.totalPrice, a.lName, a.fName, a.mName, br.branchName
        ORDER BY CAST(SUBSTRING_INDEX(b.transactNo, '-', -1) AS UNSIGNED)
[2025-08-12 05:03:13] Total records fetched: 98
[2025-08-12 05:03:14] WHERE clause: 
[2025-08-12 05:03:14] SQL Query: SELECT b.transactNo, DATE_FORMAT(f.flightDepartureDate, '%Y.%m.%d') AS departureDate, f.returnDepartureDate AS returnDate, 
        b.status AS bookingStatus, CONCAT(f.flightDepartureDate, ' | ', f.returnDepartureDate) AS FlightDate, 
        p.packageName AS PackageName, b.bookingDate, b.pax AS TotalPax,  
        b.totalPrice AS PackagePrice, br.branchName as branchName, COALESCE(SUM(pa.amount), 0) AS TotalAmountPaid,
        CONCAT(a.lName, ', ', a.fName, ' ', IFNULL(CONCAT(SUBSTRING(a.mName, 1, 1), '.'), '')) AS agentName,
        COALESCE(SUM(r.requestCost), 0) AS TotalRequestAmount
        FROM booking b
        JOIN branch br ON b.agentCode = br.branchAgentCode
        JOIN flight f ON f.flightId = b.flightId
        JOIN package p ON p.packageId = b.packageId
        LEFT JOIN agent a ON b.accountType = 'Agent' AND b.accountId = a.accountId
        LEFT JOIN company c ON a.companyId = c.companyId
        LEFT JOIN client cl ON b.accountType = 'Client' AND b.accountId = cl.accountId
        LEFT JOIN company cc ON cl.companyId = cc.companyId
        LEFT JOIN payment pa ON pa.transactNo = b.transactNo AND pa.paymentStatus = 'Approved'
        LEFT JOIN request r ON r.transactNo = b.transactNo AND r.requestStatus = 'Confirmed'
        
        GROUP BY b.transactNo, f.flightDepartureDate, f.returnDepartureDate, b.status, 
                 p.packageName, b.bookingDate, b.pax, b.totalPrice, a.lName, a.fName, a.mName, br.branchName
        ORDER BY CAST(SUBSTRING_INDEX(b.transactNo, '-', -1) AS UNSIGNED)
[2025-08-12 05:03:14] Total records fetched: 98
[2025-08-12 05:03:28] WHERE clause: 
[2025-08-12 05:03:28] SQL Query: SELECT b.transactNo, DATE_FORMAT(f.flightDepartureDate, '%Y.%m.%d') AS departureDate, f.returnDepartureDate AS returnDate, 
        b.status AS bookingStatus, CONCAT(f.flightDepartureDate, ' | ', f.returnDepartureDate) AS FlightDate, 
        p.packageName AS PackageName, b.bookingDate, b.pax AS TotalPax,  
        b.totalPrice AS PackagePrice, br.branchName as branchName, COALESCE(SUM(pa.amount), 0) AS TotalAmountPaid,
        CONCAT(a.lName, ', ', a.fName, ' ', IFNULL(CONCAT(SUBSTRING(a.mName, 1, 1), '.'), '')) AS agentName,
        COALESCE(SUM(r.requestCost), 0) AS TotalRequestAmount
        FROM booking b
        JOIN branch br ON b.agentCode = br.branchAgentCode
        JOIN flight f ON f.flightId = b.flightId
        JOIN package p ON p.packageId = b.packageId
        LEFT JOIN agent a ON b.accountType = 'Agent' AND b.accountId = a.accountId
        LEFT JOIN company c ON a.companyId = c.companyId
        LEFT JOIN client cl ON b.accountType = 'Client' AND b.accountId = cl.accountId
        LEFT JOIN company cc ON cl.companyId = cc.companyId
        LEFT JOIN payment pa ON pa.transactNo = b.transactNo AND pa.paymentStatus = 'Approved'
        LEFT JOIN request r ON r.transactNo = b.transactNo AND r.requestStatus = 'Confirmed'
        
        GROUP BY b.transactNo, f.flightDepartureDate, f.returnDepartureDate, b.status, 
                 p.packageName, b.bookingDate, b.pax, b.totalPrice, a.lName, a.fName, a.mName, br.branchName
        ORDER BY CAST(SUBSTRING_INDEX(b.transactNo, '-', -1) AS UNSIGNED)
[2025-08-12 05:03:28] Total records fetched: 98
[2025-08-12 05:03:51] WHERE clause: 
[2025-08-12 05:03:51] SQL Query: SELECT b.transactNo, DATE_FORMAT(f.flightDepartureDate, '%Y.%m.%d') AS departureDate, f.returnDepartureDate AS returnDate, 
        b.status AS bookingStatus, CONCAT(f.flightDepartureDate, ' | ', f.returnDepartureDate) AS FlightDate, 
        p.packageName AS PackageName, b.bookingDate, b.pax AS TotalPax,  
        b.totalPrice AS PackagePrice, br.branchName as branchName, COALESCE(SUM(pa.amount), 0) AS TotalAmountPaid,
        CONCAT(a.lName, ', ', a.fName, ' ', IFNULL(CONCAT(SUBSTRING(a.mName, 1, 1), '.'), '')) AS agentName,
        COALESCE(SUM(r.requestCost), 0) AS TotalRequestAmount
        FROM booking b
        JOIN branch br ON b.agentCode = br.branchAgentCode
        JOIN flight f ON f.flightId = b.flightId
        JOIN package p ON p.packageId = b.packageId
        LEFT JOIN agent a ON b.accountType = 'Agent' AND b.accountId = a.accountId
        LEFT JOIN company c ON a.companyId = c.companyId
        LEFT JOIN client cl ON b.accountType = 'Client' AND b.accountId = cl.accountId
        LEFT JOIN company cc ON cl.companyId = cc.companyId
        LEFT JOIN payment pa ON pa.transactNo = b.transactNo AND pa.paymentStatus = 'Approved'
        LEFT JOIN request r ON r.transactNo = b.transactNo AND r.requestStatus = 'Confirmed'
        
        GROUP BY b.transactNo, f.flightDepartureDate, f.returnDepartureDate, b.status, 
                 p.packageName, b.bookingDate, b.pax, b.totalPrice, a.lName, a.fName, a.mName, br.branchName
        ORDER BY CAST(SUBSTRING_INDEX(b.transactNo, '-', -1) AS UNSIGNED)
[2025-08-12 05:03:51] Total records fetched: 98
[2025-08-12 05:03:52] WHERE clause: 
[2025-08-12 05:03:52] SQL Query: SELECT b.transactNo, DATE_FORMAT(f.flightDepartureDate, '%Y.%m.%d') AS departureDate, f.returnDepartureDate AS returnDate, 
        b.status AS bookingStatus, CONCAT(f.flightDepartureDate, ' | ', f.returnDepartureDate) AS FlightDate, 
        p.packageName AS PackageName, b.bookingDate, b.pax AS TotalPax,  
        b.totalPrice AS PackagePrice, br.branchName as branchName, COALESCE(SUM(pa.amount), 0) AS TotalAmountPaid,
        CONCAT(a.lName, ', ', a.fName, ' ', IFNULL(CONCAT(SUBSTRING(a.mName, 1, 1), '.'), '')) AS agentName,
        COALESCE(SUM(r.requestCost), 0) AS TotalRequestAmount
        FROM booking b
        JOIN branch br ON b.agentCode = br.branchAgentCode
        JOIN flight f ON f.flightId = b.flightId
        JOIN package p ON p.packageId = b.packageId
        LEFT JOIN agent a ON b.accountType = 'Agent' AND b.accountId = a.accountId
        LEFT JOIN company c ON a.companyId = c.companyId
        LEFT JOIN client cl ON b.accountType = 'Client' AND b.accountId = cl.accountId
        LEFT JOIN company cc ON cl.companyId = cc.companyId
        LEFT JOIN payment pa ON pa.transactNo = b.transactNo AND pa.paymentStatus = 'Approved'
        LEFT JOIN request r ON r.transactNo = b.transactNo AND r.requestStatus = 'Confirmed'
        
        GROUP BY b.transactNo, f.flightDepartureDate, f.returnDepartureDate, b.status, 
                 p.packageName, b.bookingDate, b.pax, b.totalPrice, a.lName, a.fName, a.mName, br.branchName
        ORDER BY CAST(SUBSTRING_INDEX(b.transactNo, '-', -1) AS UNSIGNED)
[2025-08-12 05:03:52] Total records fetched: 98
[2025-08-12 05:04:03] WHERE clause: 
[2025-08-12 05:04:03] SQL Query: SELECT b.transactNo, DATE_FORMAT(f.flightDepartureDate, '%Y.%m.%d') AS departureDate, f.returnDepartureDate AS returnDate, 
        b.status AS bookingStatus, CONCAT(f.flightDepartureDate, ' | ', f.returnDepartureDate) AS FlightDate, 
        p.packageName AS PackageName, b.bookingDate, b.pax AS TotalPax,  
        b.totalPrice AS PackagePrice, br.branchName as branchName, COALESCE(SUM(pa.amount), 0) AS TotalAmountPaid,
        CONCAT(a.lName, ', ', a.fName, ' ', IFNULL(CONCAT(SUBSTRING(a.mName, 1, 1), '.'), '')) AS agentName,
        COALESCE(SUM(r.requestCost), 0) AS TotalRequestAmount
        FROM booking b
        JOIN branch br ON b.agentCode = br.branchAgentCode
        JOIN flight f ON f.flightId = b.flightId
        JOIN package p ON p.packageId = b.packageId
        LEFT JOIN agent a ON b.accountType = 'Agent' AND b.accountId = a.accountId
        LEFT JOIN company c ON a.companyId = c.companyId
        LEFT JOIN client cl ON b.accountType = 'Client' AND b.accountId = cl.accountId
        LEFT JOIN company cc ON cl.companyId = cc.companyId
        LEFT JOIN payment pa ON pa.transactNo = b.transactNo AND pa.paymentStatus = 'Approved'
        LEFT JOIN request r ON r.transactNo = b.transactNo AND r.requestStatus = 'Confirmed'
        
        GROUP BY b.transactNo, f.flightDepartureDate, f.returnDepartureDate, b.status, 
                 p.packageName, b.bookingDate, b.pax, b.totalPrice, a.lName, a.fName, a.mName, br.branchName
        ORDER BY CAST(SUBSTRING_INDEX(b.transactNo, '-', -1) AS UNSIGNED)
[2025-08-12 05:04:03] Total records fetched: 98
[2025-08-12 05:05:38] WHERE clause: 
[2025-08-12 05:05:38] SQL Query: SELECT b.transactNo, DATE_FORMAT(f.flightDepartureDate, '%Y.%m.%d') AS departureDate, f.returnDepartureDate AS returnDate, 
        b.status AS bookingStatus, CONCAT(f.flightDepartureDate, ' | ', f.returnDepartureDate) AS FlightDate, 
        p.packageName AS PackageName, b.bookingDate, b.pax AS TotalPax,  
        b.totalPrice AS PackagePrice, br.branchName as branchName, COALESCE(SUM(pa.amount), 0) AS TotalAmountPaid,
        CONCAT(a.lName, ', ', a.fName, ' ', IFNULL(CONCAT(SUBSTRING(a.mName, 1, 1), '.'), '')) AS agentName,
        COALESCE(SUM(r.requestCost), 0) AS TotalRequestAmount
        FROM booking b
        JOIN branch br ON b.agentCode = br.branchAgentCode
        JOIN flight f ON f.flightId = b.flightId
        JOIN package p ON p.packageId = b.packageId
        LEFT JOIN agent a ON b.accountType = 'Agent' AND b.accountId = a.accountId
        LEFT JOIN company c ON a.companyId = c.companyId
        LEFT JOIN client cl ON b.accountType = 'Client' AND b.accountId = cl.accountId
        LEFT JOIN company cc ON cl.companyId = cc.companyId
        LEFT JOIN payment pa ON pa.transactNo = b.transactNo AND pa.paymentStatus = 'Approved'
        LEFT JOIN request r ON r.transactNo = b.transactNo AND r.requestStatus = 'Confirmed'
        
        GROUP BY b.transactNo, f.flightDepartureDate, f.returnDepartureDate, b.status, 
                 p.packageName, b.bookingDate, b.pax, b.totalPrice, a.lName, a.fName, a.mName, br.branchName
        ORDER BY CAST(SUBSTRING_INDEX(b.transactNo, '-', -1) AS UNSIGNED)
[2025-08-12 05:05:38] Total records fetched: 98
[2025-08-12 05:08:09] WHERE clause: 
[2025-08-12 05:08:09] SQL Query: SELECT b.transactNo, DATE_FORMAT(f.flightDepartureDate, '%Y.%m.%d') AS departureDate, f.returnDepartureDate AS returnDate, 
        b.status AS bookingStatus, CONCAT(f.flightDepartureDate, ' | ', f.returnDepartureDate) AS FlightDate, 
        p.packageName AS PackageName, b.bookingDate, b.pax AS TotalPax,  
        b.totalPrice AS PackagePrice, br.branchName as branchName, COALESCE(SUM(pa.amount), 0) AS TotalAmountPaid,
        CONCAT(a.lName, ', ', a.fName, ' ', IFNULL(CONCAT(SUBSTRING(a.mName, 1, 1), '.'), '')) AS agentName,
        COALESCE(SUM(r.requestCost), 0) AS TotalRequestAmount
        FROM booking b
        JOIN branch br ON b.agentCode = br.branchAgentCode
        JOIN flight f ON f.flightId = b.flightId
        JOIN package p ON p.packageId = b.packageId
        LEFT JOIN agent a ON b.accountType = 'Agent' AND b.accountId = a.accountId
        LEFT JOIN company c ON a.companyId = c.companyId
        LEFT JOIN client cl ON b.accountType = 'Client' AND b.accountId = cl.accountId
        LEFT JOIN company cc ON cl.companyId = cc.companyId
        LEFT JOIN payment pa ON pa.transactNo = b.transactNo AND pa.paymentStatus = 'Approved'
        LEFT JOIN request r ON r.transactNo = b.transactNo AND r.requestStatus = 'Confirmed'
        
        GROUP BY b.transactNo, f.flightDepartureDate, f.returnDepartureDate, b.status, 
                 p.packageName, b.bookingDate, b.pax, b.totalPrice, a.lName, a.fName, a.mName, br.branchName
        ORDER BY CAST(SUBSTRING_INDEX(b.transactNo, '-', -1) AS UNSIGNED)
[2025-08-12 05:08:09] Total records fetched: 98
[2025-08-12 05:09:15] WHERE clause: 
[2025-08-12 05:09:15] SQL Query: SELECT b.transactNo, DATE_FORMAT(f.flightDepartureDate, '%Y.%m.%d') AS departureDate, f.returnDepartureDate AS returnDate, 
        b.status AS bookingStatus, CONCAT(f.flightDepartureDate, ' | ', f.returnDepartureDate) AS FlightDate, 
        p.packageName AS PackageName, b.bookingDate, b.pax AS TotalPax,  
        b.totalPrice AS PackagePrice, br.branchName as branchName, COALESCE(SUM(pa.amount), 0) AS TotalAmountPaid,
        CONCAT(a.lName, ', ', a.fName, ' ', IFNULL(CONCAT(SUBSTRING(a.mName, 1, 1), '.'), '')) AS agentName,
        COALESCE(SUM(r.requestCost), 0) AS TotalRequestAmount
        FROM booking b
        JOIN branch br ON b.agentCode = br.branchAgentCode
        JOIN flight f ON f.flightId = b.flightId
        JOIN package p ON p.packageId = b.packageId
        LEFT JOIN agent a ON b.accountType = 'Agent' AND b.accountId = a.accountId
        LEFT JOIN company c ON a.companyId = c.companyId
        LEFT JOIN client cl ON b.accountType = 'Client' AND b.accountId = cl.accountId
        LEFT JOIN company cc ON cl.companyId = cc.companyId
        LEFT JOIN payment pa ON pa.transactNo = b.transactNo AND pa.paymentStatus = 'Approved'
        LEFT JOIN request r ON r.transactNo = b.transactNo AND r.requestStatus = 'Confirmed'
        
        GROUP BY b.transactNo, f.flightDepartureDate, f.returnDepartureDate, b.status, 
                 p.packageName, b.bookingDate, b.pax, b.totalPrice, a.lName, a.fName, a.mName, br.branchName
        ORDER BY CAST(SUBSTRING_INDEX(b.transactNo, '-', -1) AS UNSIGNED)
[2025-08-12 05:09:15] Total records fetched: 98
[2025-08-12 05:09:41] WHERE clause: 
[2025-08-12 05:09:41] SQL Query: SELECT b.transactNo, DATE_FORMAT(f.flightDepartureDate, '%Y.%m.%d') AS departureDate, f.returnDepartureDate AS returnDate, 
        b.status AS bookingStatus, CONCAT(f.flightDepartureDate, ' | ', f.returnDepartureDate) AS FlightDate, 
        p.packageName AS PackageName, b.bookingDate, b.pax AS TotalPax,  
        b.totalPrice AS PackagePrice, br.branchName as branchName, COALESCE(SUM(pa.amount), 0) AS TotalAmountPaid,
        CONCAT(a.lName, ', ', a.fName, ' ', IFNULL(CONCAT(SUBSTRING(a.mName, 1, 1), '.'), '')) AS agentName,
        COALESCE(SUM(r.requestCost), 0) AS TotalRequestAmount
        FROM booking b
        JOIN branch br ON b.agentCode = br.branchAgentCode
        JOIN flight f ON f.flightId = b.flightId
        JOIN package p ON p.packageId = b.packageId
        LEFT JOIN agent a ON b.accountType = 'Agent' AND b.accountId = a.accountId
        LEFT JOIN company c ON a.companyId = c.companyId
        LEFT JOIN client cl ON b.accountType = 'Client' AND b.accountId = cl.accountId
        LEFT JOIN company cc ON cl.companyId = cc.companyId
        LEFT JOIN payment pa ON pa.transactNo = b.transactNo AND pa.paymentStatus = 'Approved'
        LEFT JOIN request r ON r.transactNo = b.transactNo AND r.requestStatus = 'Confirmed'
        
        GROUP BY b.transactNo, f.flightDepartureDate, f.returnDepartureDate, b.status, 
                 p.packageName, b.bookingDate, b.pax, b.totalPrice, a.lName, a.fName, a.mName, br.branchName
        ORDER BY CAST(SUBSTRING_INDEX(b.transactNo, '-', -1) AS UNSIGNED)
[2025-08-12 05:09:41] Total records fetched: 98
[2025-08-12 05:10:09] WHERE clause: 
[2025-08-12 05:10:09] SQL Query: SELECT b.transactNo, DATE_FORMAT(f.flightDepartureDate, '%Y.%m.%d') AS departureDate, f.returnDepartureDate AS returnDate, 
        b.status AS bookingStatus, CONCAT(f.flightDepartureDate, ' | ', f.returnDepartureDate) AS FlightDate, 
        p.packageName AS PackageName, b.bookingDate, b.pax AS TotalPax,  
        b.totalPrice AS PackagePrice, br.branchName as branchName, COALESCE(SUM(pa.amount), 0) AS TotalAmountPaid,
        CONCAT(a.lName, ', ', a.fName, ' ', IFNULL(CONCAT(SUBSTRING(a.mName, 1, 1), '.'), '')) AS agentName,
        COALESCE(SUM(r.requestCost), 0) AS TotalRequestAmount
        FROM booking b
        JOIN branch br ON b.agentCode = br.branchAgentCode
        JOIN flight f ON f.flightId = b.flightId
        JOIN package p ON p.packageId = b.packageId
        LEFT JOIN agent a ON b.accountType = 'Agent' AND b.accountId = a.accountId
        LEFT JOIN company c ON a.companyId = c.companyId
        LEFT JOIN client cl ON b.accountType = 'Client' AND b.accountId = cl.accountId
        LEFT JOIN company cc ON cl.companyId = cc.companyId
        LEFT JOIN payment pa ON pa.transactNo = b.transactNo AND pa.paymentStatus = 'Approved'
        LEFT JOIN request r ON r.transactNo = b.transactNo AND r.requestStatus = 'Confirmed'
        
        GROUP BY b.transactNo, f.flightDepartureDate, f.returnDepartureDate, b.status, 
                 p.packageName, b.bookingDate, b.pax, b.totalPrice, a.lName, a.fName, a.mName, br.branchName
        ORDER BY CAST(SUBSTRING_INDEX(b.transactNo, '-', -1) AS UNSIGNED)
[2025-08-12 05:10:09] Total records fetched: 98
[2025-08-12 05:10:10] WHERE clause: 
[2025-08-12 05:10:10] SQL Query: SELECT b.transactNo, DATE_FORMAT(f.flightDepartureDate, '%Y.%m.%d') AS departureDate, f.returnDepartureDate AS returnDate, 
        b.status AS bookingStatus, CONCAT(f.flightDepartureDate, ' | ', f.returnDepartureDate) AS FlightDate, 
        p.packageName AS PackageName, b.bookingDate, b.pax AS TotalPax,  
        b.totalPrice AS PackagePrice, br.branchName as branchName, COALESCE(SUM(pa.amount), 0) AS TotalAmountPaid,
        CONCAT(a.lName, ', ', a.fName, ' ', IFNULL(CONCAT(SUBSTRING(a.mName, 1, 1), '.'), '')) AS agentName,
        COALESCE(SUM(r.requestCost), 0) AS TotalRequestAmount
        FROM booking b
        JOIN branch br ON b.agentCode = br.branchAgentCode
        JOIN flight f ON f.flightId = b.flightId
        JOIN package p ON p.packageId = b.packageId
        LEFT JOIN agent a ON b.accountType = 'Agent' AND b.accountId = a.accountId
        LEFT JOIN company c ON a.companyId = c.companyId
        LEFT JOIN client cl ON b.accountType = 'Client' AND b.accountId = cl.accountId
        LEFT JOIN company cc ON cl.companyId = cc.companyId
        LEFT JOIN payment pa ON pa.transactNo = b.transactNo AND pa.paymentStatus = 'Approved'
        LEFT JOIN request r ON r.transactNo = b.transactNo AND r.requestStatus = 'Confirmed'
        
        GROUP BY b.transactNo, f.flightDepartureDate, f.returnDepartureDate, b.status, 
                 p.packageName, b.bookingDate, b.pax, b.totalPrice, a.lName, a.fName, a.mName, br.branchName
        ORDER BY CAST(SUBSTRING_INDEX(b.transactNo, '-', -1) AS UNSIGNED)
[2025-08-12 05:10:10] Total records fetched: 98
[2025-08-12 05:10:10] WHERE clause: 
[2025-08-12 05:10:10] SQL Query: SELECT b.transactNo, DATE_FORMAT(f.flightDepartureDate, '%Y.%m.%d') AS departureDate, f.returnDepartureDate AS returnDate, 
        b.status AS bookingStatus, CONCAT(f.flightDepartureDate, ' | ', f.returnDepartureDate) AS FlightDate, 
        p.packageName AS PackageName, b.bookingDate, b.pax AS TotalPax,  
        b.totalPrice AS PackagePrice, br.branchName as branchName, COALESCE(SUM(pa.amount), 0) AS TotalAmountPaid,
        CONCAT(a.lName, ', ', a.fName, ' ', IFNULL(CONCAT(SUBSTRING(a.mName, 1, 1), '.'), '')) AS agentName,
        COALESCE(SUM(r.requestCost), 0) AS TotalRequestAmount
        FROM booking b
        JOIN branch br ON b.agentCode = br.branchAgentCode
        JOIN flight f ON f.flightId = b.flightId
        JOIN package p ON p.packageId = b.packageId
        LEFT JOIN agent a ON b.accountType = 'Agent' AND b.accountId = a.accountId
        LEFT JOIN company c ON a.companyId = c.companyId
        LEFT JOIN client cl ON b.accountType = 'Client' AND b.accountId = cl.accountId
        LEFT JOIN company cc ON cl.companyId = cc.companyId
        LEFT JOIN payment pa ON pa.transactNo = b.transactNo AND pa.paymentStatus = 'Approved'
        LEFT JOIN request r ON r.transactNo = b.transactNo AND r.requestStatus = 'Confirmed'
        
        GROUP BY b.transactNo, f.flightDepartureDate, f.returnDepartureDate, b.status, 
                 p.packageName, b.bookingDate, b.pax, b.totalPrice, a.lName, a.fName, a.mName, br.branchName
        ORDER BY CAST(SUBSTRING_INDEX(b.transactNo, '-', -1) AS UNSIGNED)
[2025-08-12 05:10:10] Total records fetched: 98
[2025-08-12 05:17:42] WHERE clause: 
[2025-08-12 05:17:42] SQL Query: SELECT b.transactNo, DATE_FORMAT(f.flightDepartureDate, '%Y.%m.%d') AS departureDate, f.returnDepartureDate AS returnDate, 
        b.status AS bookingStatus, CONCAT(f.flightDepartureDate, ' | ', f.returnDepartureDate) AS FlightDate, 
        p.packageName AS PackageName, b.bookingDate, b.pax AS TotalPax,  
        b.totalPrice AS PackagePrice, br.branchName as branchName, COALESCE(SUM(pa.amount), 0) AS TotalAmountPaid,
        CONCAT(a.lName, ', ', a.fName, ' ', IFNULL(CONCAT(SUBSTRING(a.mName, 1, 1), '.'), '')) AS agentName,
        COALESCE(SUM(r.requestCost), 0) AS TotalRequestAmount
        FROM booking b
        JOIN branch br ON b.agentCode = br.branchAgentCode
        JOIN flight f ON f.flightId = b.flightId
        JOIN package p ON p.packageId = b.packageId
        LEFT JOIN agent a ON b.accountType = 'Agent' AND b.accountId = a.accountId
        LEFT JOIN company c ON a.companyId = c.companyId
        LEFT JOIN client cl ON b.accountType = 'Client' AND b.accountId = cl.accountId
        LEFT JOIN company cc ON cl.companyId = cc.companyId
        LEFT JOIN payment pa ON pa.transactNo = b.transactNo AND pa.paymentStatus = 'Approved'
        LEFT JOIN request r ON r.transactNo = b.transactNo AND r.requestStatus = 'Confirmed'
        
        GROUP BY b.transactNo, f.flightDepartureDate, f.returnDepartureDate, b.status, 
                 p.packageName, b.bookingDate, b.pax, b.totalPrice, a.lName, a.fName, a.mName, br.branchName
        ORDER BY CAST(SUBSTRING_INDEX(b.transactNo, '-', -1) AS UNSIGNED)
[2025-08-12 05:17:42] Total records fetched: 98
[2025-08-12 05:17:43] WHERE clause: 
[2025-08-12 05:17:43] SQL Query: SELECT b.transactNo, DATE_FORMAT(f.flightDepartureDate, '%Y.%m.%d') AS departureDate, f.returnDepartureDate AS returnDate, 
        b.status AS bookingStatus, CONCAT(f.flightDepartureDate, ' | ', f.returnDepartureDate) AS FlightDate, 
        p.packageName AS PackageName, b.bookingDate, b.pax AS TotalPax,  
        b.totalPrice AS PackagePrice, br.branchName as branchName, COALESCE(SUM(pa.amount), 0) AS TotalAmountPaid,
        CONCAT(a.lName, ', ', a.fName, ' ', IFNULL(CONCAT(SUBSTRING(a.mName, 1, 1), '.'), '')) AS agentName,
        COALESCE(SUM(r.requestCost), 0) AS TotalRequestAmount
        FROM booking b
        JOIN branch br ON b.agentCode = br.branchAgentCode
        JOIN flight f ON f.flightId = b.flightId
        JOIN package p ON p.packageId = b.packageId
        LEFT JOIN agent a ON b.accountType = 'Agent' AND b.accountId = a.accountId
        LEFT JOIN company c ON a.companyId = c.companyId
        LEFT JOIN client cl ON b.accountType = 'Client' AND b.accountId = cl.accountId
        LEFT JOIN company cc ON cl.companyId = cc.companyId
        LEFT JOIN payment pa ON pa.transactNo = b.transactNo AND pa.paymentStatus = 'Approved'
        LEFT JOIN request r ON r.transactNo = b.transactNo AND r.requestStatus = 'Confirmed'
        
        GROUP BY b.transactNo, f.flightDepartureDate, f.returnDepartureDate, b.status, 
                 p.packageName, b.bookingDate, b.pax, b.totalPrice, a.lName, a.fName, a.mName, br.branchName
        ORDER BY CAST(SUBSTRING_INDEX(b.transactNo, '-', -1) AS UNSIGNED)
[2025-08-12 05:17:43] Total records fetched: 98
[2025-08-12 05:17:44] WHERE clause: 
[2025-08-12 05:17:44] SQL Query: SELECT b.transactNo, DATE_FORMAT(f.flightDepartureDate, '%Y.%m.%d') AS departureDate, f.returnDepartureDate AS returnDate, 
        b.status AS bookingStatus, CONCAT(f.flightDepartureDate, ' | ', f.returnDepartureDate) AS FlightDate, 
        p.packageName AS PackageName, b.bookingDate, b.pax AS TotalPax,  
        b.totalPrice AS PackagePrice, br.branchName as branchName, COALESCE(SUM(pa.amount), 0) AS TotalAmountPaid,
        CONCAT(a.lName, ', ', a.fName, ' ', IFNULL(CONCAT(SUBSTRING(a.mName, 1, 1), '.'), '')) AS agentName,
        COALESCE(SUM(r.requestCost), 0) AS TotalRequestAmount
        FROM booking b
        JOIN branch br ON b.agentCode = br.branchAgentCode
        JOIN flight f ON f.flightId = b.flightId
        JOIN package p ON p.packageId = b.packageId
        LEFT JOIN agent a ON b.accountType = 'Agent' AND b.accountId = a.accountId
        LEFT JOIN company c ON a.companyId = c.companyId
        LEFT JOIN client cl ON b.accountType = 'Client' AND b.accountId = cl.accountId
        LEFT JOIN company cc ON cl.companyId = cc.companyId
        LEFT JOIN payment pa ON pa.transactNo = b.transactNo AND pa.paymentStatus = 'Approved'
        LEFT JOIN request r ON r.transactNo = b.transactNo AND r.requestStatus = 'Confirmed'
        
        GROUP BY b.transactNo, f.flightDepartureDate, f.returnDepartureDate, b.status, 
                 p.packageName, b.bookingDate, b.pax, b.totalPrice, a.lName, a.fName, a.mName, br.branchName
        ORDER BY CAST(SUBSTRING_INDEX(b.transactNo, '-', -1) AS UNSIGNED)
[2025-08-12 05:17:44] Total records fetched: 98
[2025-08-12 05:17:44] WHERE clause: 
[2025-08-12 05:17:44] SQL Query: SELECT b.transactNo, DATE_FORMAT(f.flightDepartureDate, '%Y.%m.%d') AS departureDate, f.returnDepartureDate AS returnDate, 
        b.status AS bookingStatus, CONCAT(f.flightDepartureDate, ' | ', f.returnDepartureDate) AS FlightDate, 
        p.packageName AS PackageName, b.bookingDate, b.pax AS TotalPax,  
        b.totalPrice AS PackagePrice, br.branchName as branchName, COALESCE(SUM(pa.amount), 0) AS TotalAmountPaid,
        CONCAT(a.lName, ', ', a.fName, ' ', IFNULL(CONCAT(SUBSTRING(a.mName, 1, 1), '.'), '')) AS agentName,
        COALESCE(SUM(r.requestCost), 0) AS TotalRequestAmount
        FROM booking b
        JOIN branch br ON b.agentCode = br.branchAgentCode
        JOIN flight f ON f.flightId = b.flightId
        JOIN package p ON p.packageId = b.packageId
        LEFT JOIN agent a ON b.accountType = 'Agent' AND b.accountId = a.accountId
        LEFT JOIN company c ON a.companyId = c.companyId
        LEFT JOIN client cl ON b.accountType = 'Client' AND b.accountId = cl.accountId
        LEFT JOIN company cc ON cl.companyId = cc.companyId
        LEFT JOIN payment pa ON pa.transactNo = b.transactNo AND pa.paymentStatus = 'Approved'
        LEFT JOIN request r ON r.transactNo = b.transactNo AND r.requestStatus = 'Confirmed'
        
        GROUP BY b.transactNo, f.flightDepartureDate, f.returnDepartureDate, b.status, 
                 p.packageName, b.bookingDate, b.pax, b.totalPrice, a.lName, a.fName, a.mName, br.branchName
        ORDER BY CAST(SUBSTRING_INDEX(b.transactNo, '-', -1) AS UNSIGNED)
[2025-08-12 05:17:44] Total records fetched: 98
[2025-08-12 05:17:45] WHERE clause: 
[2025-08-12 05:17:45] SQL Query: SELECT b.transactNo, DATE_FORMAT(f.flightDepartureDate, '%Y.%m.%d') AS departureDate, f.returnDepartureDate AS returnDate, 
        b.status AS bookingStatus, CONCAT(f.flightDepartureDate, ' | ', f.returnDepartureDate) AS FlightDate, 
        p.packageName AS PackageName, b.bookingDate, b.pax AS TotalPax,  
        b.totalPrice AS PackagePrice, br.branchName as branchName, COALESCE(SUM(pa.amount), 0) AS TotalAmountPaid,
        CONCAT(a.lName, ', ', a.fName, ' ', IFNULL(CONCAT(SUBSTRING(a.mName, 1, 1), '.'), '')) AS agentName,
        COALESCE(SUM(r.requestCost), 0) AS TotalRequestAmount
        FROM booking b
        JOIN branch br ON b.agentCode = br.branchAgentCode
        JOIN flight f ON f.flightId = b.flightId
        JOIN package p ON p.packageId = b.packageId
        LEFT JOIN agent a ON b.accountType = 'Agent' AND b.accountId = a.accountId
        LEFT JOIN company c ON a.companyId = c.companyId
        LEFT JOIN client cl ON b.accountType = 'Client' AND b.accountId = cl.accountId
        LEFT JOIN company cc ON cl.companyId = cc.companyId
        LEFT JOIN payment pa ON pa.transactNo = b.transactNo AND pa.paymentStatus = 'Approved'
        LEFT JOIN request r ON r.transactNo = b.transactNo AND r.requestStatus = 'Confirmed'
        
        GROUP BY b.transactNo, f.flightDepartureDate, f.returnDepartureDate, b.status, 
                 p.packageName, b.bookingDate, b.pax, b.totalPrice, a.lName, a.fName, a.mName, br.branchName
        ORDER BY CAST(SUBSTRING_INDEX(b.transactNo, '-', -1) AS UNSIGNED)
[2025-08-12 05:17:45] Total records fetched: 98
[2025-08-12 05:26:34] WHERE clause: 
[2025-08-12 05:26:34] SQL Query: SELECT b.transactNo, DATE_FORMAT(f.flightDepartureDate, '%Y.%m.%d') AS departureDate, f.returnDepartureDate AS returnDate, 
        b.status AS bookingStatus, CONCAT(f.flightDepartureDate, ' | ', f.returnDepartureDate) AS FlightDate, 
        p.packageName AS PackageName, b.bookingDate, b.pax AS TotalPax,  
        b.totalPrice AS PackagePrice, br.branchName as branchName, COALESCE(SUM(pa.amount), 0) AS TotalAmountPaid,
        CONCAT(a.lName, ', ', a.fName, ' ', IFNULL(CONCAT(SUBSTRING(a.mName, 1, 1), '.'), '')) AS agentName,
        COALESCE(SUM(r.requestCost), 0) AS TotalRequestAmount
        FROM booking b
        JOIN branch br ON b.agentCode = br.branchAgentCode
        JOIN flight f ON f.flightId = b.flightId
        JOIN package p ON p.packageId = b.packageId
        LEFT JOIN agent a ON b.accountType = 'Agent' AND b.accountId = a.accountId
        LEFT JOIN company c ON a.companyId = c.companyId
        LEFT JOIN client cl ON b.accountType = 'Client' AND b.accountId = cl.accountId
        LEFT JOIN company cc ON cl.companyId = cc.companyId
        LEFT JOIN payment pa ON pa.transactNo = b.transactNo AND pa.paymentStatus = 'Approved'
        LEFT JOIN request r ON r.transactNo = b.transactNo AND r.requestStatus = 'Confirmed'
        
        GROUP BY b.transactNo, f.flightDepartureDate, f.returnDepartureDate, b.status, 
                 p.packageName, b.bookingDate, b.pax, b.totalPrice, a.lName, a.fName, a.mName, br.branchName
        ORDER BY CAST(SUBSTRING_INDEX(b.transactNo, '-', -1) AS UNSIGNED)
[2025-08-12 05:26:34] Total records fetched: 98
[2025-08-12 05:30:21] WHERE clause: 
[2025-08-12 05:30:21] SQL Query: SELECT b.transactNo, DATE_FORMAT(f.flightDepartureDate, '%Y.%m.%d') AS departureDate, f.returnDepartureDate AS returnDate, 
        b.status AS bookingStatus, CONCAT(f.flightDepartureDate, ' | ', f.returnDepartureDate) AS FlightDate, 
        p.packageName AS PackageName, b.bookingDate, b.pax AS TotalPax,  
        b.totalPrice AS PackagePrice, br.branchName as branchName, COALESCE(SUM(pa.amount), 0) AS TotalAmountPaid,
        CONCAT(a.lName, ', ', a.fName, ' ', IFNULL(CONCAT(SUBSTRING(a.mName, 1, 1), '.'), '')) AS agentName,
        COALESCE(SUM(r.requestCost), 0) AS TotalRequestAmount
        FROM booking b
        JOIN branch br ON b.agentCode = br.branchAgentCode
        JOIN flight f ON f.flightId = b.flightId
        JOIN package p ON p.packageId = b.packageId
        LEFT JOIN agent a ON b.accountType = 'Agent' AND b.accountId = a.accountId
        LEFT JOIN company c ON a.companyId = c.companyId
        LEFT JOIN client cl ON b.accountType = 'Client' AND b.accountId = cl.accountId
        LEFT JOIN company cc ON cl.companyId = cc.companyId
        LEFT JOIN payment pa ON pa.transactNo = b.transactNo AND pa.paymentStatus = 'Approved'
        LEFT JOIN request r ON r.transactNo = b.transactNo AND r.requestStatus = 'Confirmed'
        
        GROUP BY b.transactNo, f.flightDepartureDate, f.returnDepartureDate, b.status, 
                 p.packageName, b.bookingDate, b.pax, b.totalPrice, a.lName, a.fName, a.mName, br.branchName
        ORDER BY CAST(SUBSTRING_INDEX(b.transactNo, '-', -1) AS UNSIGNED)
[2025-08-12 05:30:21] Total records fetched: 98
[2025-08-12 05:31:55] WHERE clause: 
[2025-08-12 05:31:55] SQL Query: SELECT b.transactNo, DATE_FORMAT(f.flightDepartureDate, '%Y.%m.%d') AS departureDate, f.returnDepartureDate AS returnDate, 
        b.status AS bookingStatus, CONCAT(f.flightDepartureDate, ' | ', f.returnDepartureDate) AS FlightDate, 
        p.packageName AS PackageName, b.bookingDate, b.pax AS TotalPax,  
        b.totalPrice AS PackagePrice, br.branchName as branchName, COALESCE(SUM(pa.amount), 0) AS TotalAmountPaid,
        CONCAT(a.lName, ', ', a.fName, ' ', IFNULL(CONCAT(SUBSTRING(a.mName, 1, 1), '.'), '')) AS agentName,
        COALESCE(SUM(r.requestCost), 0) AS TotalRequestAmount
        FROM booking b
        JOIN branch br ON b.agentCode = br.branchAgentCode
        JOIN flight f ON f.flightId = b.flightId
        JOIN package p ON p.packageId = b.packageId
        LEFT JOIN agent a ON b.accountType = 'Agent' AND b.accountId = a.accountId
        LEFT JOIN company c ON a.companyId = c.companyId
        LEFT JOIN client cl ON b.accountType = 'Client' AND b.accountId = cl.accountId
        LEFT JOIN company cc ON cl.companyId = cc.companyId
        LEFT JOIN payment pa ON pa.transactNo = b.transactNo AND pa.paymentStatus = 'Approved'
        LEFT JOIN request r ON r.transactNo = b.transactNo AND r.requestStatus = 'Confirmed'
        
        GROUP BY b.transactNo, f.flightDepartureDate, f.returnDepartureDate, b.status, 
                 p.packageName, b.bookingDate, b.pax, b.totalPrice, a.lName, a.fName, a.mName, br.branchName
        ORDER BY CAST(SUBSTRING_INDEX(b.transactNo, '-', -1) AS UNSIGNED)
[2025-08-12 05:31:55] Total records fetched: 98
[2025-08-12 05:31:57] WHERE clause: 
[2025-08-12 05:31:57] SQL Query: SELECT b.transactNo, DATE_FORMAT(f.flightDepartureDate, '%Y.%m.%d') AS departureDate, f.returnDepartureDate AS returnDate, 
        b.status AS bookingStatus, CONCAT(f.flightDepartureDate, ' | ', f.returnDepartureDate) AS FlightDate, 
        p.packageName AS PackageName, b.bookingDate, b.pax AS TotalPax,  
        b.totalPrice AS PackagePrice, br.branchName as branchName, COALESCE(SUM(pa.amount), 0) AS TotalAmountPaid,
        CONCAT(a.lName, ', ', a.fName, ' ', IFNULL(CONCAT(SUBSTRING(a.mName, 1, 1), '.'), '')) AS agentName,
        COALESCE(SUM(r.requestCost), 0) AS TotalRequestAmount
        FROM booking b
        JOIN branch br ON b.agentCode = br.branchAgentCode
        JOIN flight f ON f.flightId = b.flightId
        JOIN package p ON p.packageId = b.packageId
        LEFT JOIN agent a ON b.accountType = 'Agent' AND b.accountId = a.accountId
        LEFT JOIN company c ON a.companyId = c.companyId
        LEFT JOIN client cl ON b.accountType = 'Client' AND b.accountId = cl.accountId
        LEFT JOIN company cc ON cl.companyId = cc.companyId
        LEFT JOIN payment pa ON pa.transactNo = b.transactNo AND pa.paymentStatus = 'Approved'
        LEFT JOIN request r ON r.transactNo = b.transactNo AND r.requestStatus = 'Confirmed'
        
        GROUP BY b.transactNo, f.flightDepartureDate, f.returnDepartureDate, b.status, 
                 p.packageName, b.bookingDate, b.pax, b.totalPrice, a.lName, a.fName, a.mName, br.branchName
        ORDER BY CAST(SUBSTRING_INDEX(b.transactNo, '-', -1) AS UNSIGNED)
[2025-08-12 05:31:57] Total records fetched: 98
[2025-08-12 05:31:57] WHERE clause: 
[2025-08-12 05:31:57] SQL Query: SELECT b.transactNo, DATE_FORMAT(f.flightDepartureDate, '%Y.%m.%d') AS departureDate, f.returnDepartureDate AS returnDate, 
        b.status AS bookingStatus, CONCAT(f.flightDepartureDate, ' | ', f.returnDepartureDate) AS FlightDate, 
        p.packageName AS PackageName, b.bookingDate, b.pax AS TotalPax,  
        b.totalPrice AS PackagePrice, br.branchName as branchName, COALESCE(SUM(pa.amount), 0) AS TotalAmountPaid,
        CONCAT(a.lName, ', ', a.fName, ' ', IFNULL(CONCAT(SUBSTRING(a.mName, 1, 1), '.'), '')) AS agentName,
        COALESCE(SUM(r.requestCost), 0) AS TotalRequestAmount
        FROM booking b
        JOIN branch br ON b.agentCode = br.branchAgentCode
        JOIN flight f ON f.flightId = b.flightId
        JOIN package p ON p.packageId = b.packageId
        LEFT JOIN agent a ON b.accountType = 'Agent' AND b.accountId = a.accountId
        LEFT JOIN company c ON a.companyId = c.companyId
        LEFT JOIN client cl ON b.accountType = 'Client' AND b.accountId = cl.accountId
        LEFT JOIN company cc ON cl.companyId = cc.companyId
        LEFT JOIN payment pa ON pa.transactNo = b.transactNo AND pa.paymentStatus = 'Approved'
        LEFT JOIN request r ON r.transactNo = b.transactNo AND r.requestStatus = 'Confirmed'
        
        GROUP BY b.transactNo, f.flightDepartureDate, f.returnDepartureDate, b.status, 
                 p.packageName, b.bookingDate, b.pax, b.totalPrice, a.lName, a.fName, a.mName, br.branchName
        ORDER BY CAST(SUBSTRING_INDEX(b.transactNo, '-', -1) AS UNSIGNED)
[2025-08-12 05:31:57] Total records fetched: 98
[2025-08-12 05:31:58] WHERE clause: 
[2025-08-12 05:31:58] SQL Query: SELECT b.transactNo, DATE_FORMAT(f.flightDepartureDate, '%Y.%m.%d') AS departureDate, f.returnDepartureDate AS returnDate, 
        b.status AS bookingStatus, CONCAT(f.flightDepartureDate, ' | ', f.returnDepartureDate) AS FlightDate, 
        p.packageName AS PackageName, b.bookingDate, b.pax AS TotalPax,  
        b.totalPrice AS PackagePrice, br.branchName as branchName, COALESCE(SUM(pa.amount), 0) AS TotalAmountPaid,
        CONCAT(a.lName, ', ', a.fName, ' ', IFNULL(CONCAT(SUBSTRING(a.mName, 1, 1), '.'), '')) AS agentName,
        COALESCE(SUM(r.requestCost), 0) AS TotalRequestAmount
        FROM booking b
        JOIN branch br ON b.agentCode = br.branchAgentCode
        JOIN flight f ON f.flightId = b.flightId
        JOIN package p ON p.packageId = b.packageId
        LEFT JOIN agent a ON b.accountType = 'Agent' AND b.accountId = a.accountId
        LEFT JOIN company c ON a.companyId = c.companyId
        LEFT JOIN client cl ON b.accountType = 'Client' AND b.accountId = cl.accountId
        LEFT JOIN company cc ON cl.companyId = cc.companyId
        LEFT JOIN payment pa ON pa.transactNo = b.transactNo AND pa.paymentStatus = 'Approved'
        LEFT JOIN request r ON r.transactNo = b.transactNo AND r.requestStatus = 'Confirmed'
        
        GROUP BY b.transactNo, f.flightDepartureDate, f.returnDepartureDate, b.status, 
                 p.packageName, b.bookingDate, b.pax, b.totalPrice, a.lName, a.fName, a.mName, br.branchName
        ORDER BY CAST(SUBSTRING_INDEX(b.transactNo, '-', -1) AS UNSIGNED)
[2025-08-12 05:31:58] Total records fetched: 98
[2025-08-12 05:31:58] WHERE clause: 
[2025-08-12 05:31:58] SQL Query: SELECT b.transactNo, DATE_FORMAT(f.flightDepartureDate, '%Y.%m.%d') AS departureDate, f.returnDepartureDate AS returnDate, 
        b.status AS bookingStatus, CONCAT(f.flightDepartureDate, ' | ', f.returnDepartureDate) AS FlightDate, 
        p.packageName AS PackageName, b.bookingDate, b.pax AS TotalPax,  
        b.totalPrice AS PackagePrice, br.branchName as branchName, COALESCE(SUM(pa.amount), 0) AS TotalAmountPaid,
        CONCAT(a.lName, ', ', a.fName, ' ', IFNULL(CONCAT(SUBSTRING(a.mName, 1, 1), '.'), '')) AS agentName,
        COALESCE(SUM(r.requestCost), 0) AS TotalRequestAmount
        FROM booking b
        JOIN branch br ON b.agentCode = br.branchAgentCode
        JOIN flight f ON f.flightId = b.flightId
        JOIN package p ON p.packageId = b.packageId
        LEFT JOIN agent a ON b.accountType = 'Agent' AND b.accountId = a.accountId
        LEFT JOIN company c ON a.companyId = c.companyId
        LEFT JOIN client cl ON b.accountType = 'Client' AND b.accountId = cl.accountId
        LEFT JOIN company cc ON cl.companyId = cc.companyId
        LEFT JOIN payment pa ON pa.transactNo = b.transactNo AND pa.paymentStatus = 'Approved'
        LEFT JOIN request r ON r.transactNo = b.transactNo AND r.requestStatus = 'Confirmed'
        
        GROUP BY b.transactNo, f.flightDepartureDate, f.returnDepartureDate, b.status, 
                 p.packageName, b.bookingDate, b.pax, b.totalPrice, a.lName, a.fName, a.mName, br.branchName
        ORDER BY CAST(SUBSTRING_INDEX(b.transactNo, '-', -1) AS UNSIGNED)
[2025-08-12 05:31:58] Total records fetched: 98
[2025-08-12 05:31:58] WHERE clause: 
[2025-08-12 05:31:58] SQL Query: SELECT b.transactNo, DATE_FORMAT(f.flightDepartureDate, '%Y.%m.%d') AS departureDate, f.returnDepartureDate AS returnDate, 
        b.status AS bookingStatus, CONCAT(f.flightDepartureDate, ' | ', f.returnDepartureDate) AS FlightDate, 
        p.packageName AS PackageName, b.bookingDate, b.pax AS TotalPax,  
        b.totalPrice AS PackagePrice, br.branchName as branchName, COALESCE(SUM(pa.amount), 0) AS TotalAmountPaid,
        CONCAT(a.lName, ', ', a.fName, ' ', IFNULL(CONCAT(SUBSTRING(a.mName, 1, 1), '.'), '')) AS agentName,
        COALESCE(SUM(r.requestCost), 0) AS TotalRequestAmount
        FROM booking b
        JOIN branch br ON b.agentCode = br.branchAgentCode
        JOIN flight f ON f.flightId = b.flightId
        JOIN package p ON p.packageId = b.packageId
        LEFT JOIN agent a ON b.accountType = 'Agent' AND b.accountId = a.accountId
        LEFT JOIN company c ON a.companyId = c.companyId
        LEFT JOIN client cl ON b.accountType = 'Client' AND b.accountId = cl.accountId
        LEFT JOIN company cc ON cl.companyId = cc.companyId
        LEFT JOIN payment pa ON pa.transactNo = b.transactNo AND pa.paymentStatus = 'Approved'
        LEFT JOIN request r ON r.transactNo = b.transactNo AND r.requestStatus = 'Confirmed'
        
        GROUP BY b.transactNo, f.flightDepartureDate, f.returnDepartureDate, b.status, 
                 p.packageName, b.bookingDate, b.pax, b.totalPrice, a.lName, a.fName, a.mName, br.branchName
        ORDER BY CAST(SUBSTRING_INDEX(b.transactNo, '-', -1) AS UNSIGNED)
[2025-08-12 05:31:58] Total records fetched: 98
[2025-08-12 05:31:59] WHERE clause: 
[2025-08-12 05:31:59] SQL Query: SELECT b.transactNo, DATE_FORMAT(f.flightDepartureDate, '%Y.%m.%d') AS departureDate, f.returnDepartureDate AS returnDate, 
        b.status AS bookingStatus, CONCAT(f.flightDepartureDate, ' | ', f.returnDepartureDate) AS FlightDate, 
        p.packageName AS PackageName, b.bookingDate, b.pax AS TotalPax,  
        b.totalPrice AS PackagePrice, br.branchName as branchName, COALESCE(SUM(pa.amount), 0) AS TotalAmountPaid,
        CONCAT(a.lName, ', ', a.fName, ' ', IFNULL(CONCAT(SUBSTRING(a.mName, 1, 1), '.'), '')) AS agentName,
        COALESCE(SUM(r.requestCost), 0) AS TotalRequestAmount
        FROM booking b
        JOIN branch br ON b.agentCode = br.branchAgentCode
        JOIN flight f ON f.flightId = b.flightId
        JOIN package p ON p.packageId = b.packageId
        LEFT JOIN agent a ON b.accountType = 'Agent' AND b.accountId = a.accountId
        LEFT JOIN company c ON a.companyId = c.companyId
        LEFT JOIN client cl ON b.accountType = 'Client' AND b.accountId = cl.accountId
        LEFT JOIN company cc ON cl.companyId = cc.companyId
        LEFT JOIN payment pa ON pa.transactNo = b.transactNo AND pa.paymentStatus = 'Approved'
        LEFT JOIN request r ON r.transactNo = b.transactNo AND r.requestStatus = 'Confirmed'
        
        GROUP BY b.transactNo, f.flightDepartureDate, f.returnDepartureDate, b.status, 
                 p.packageName, b.bookingDate, b.pax, b.totalPrice, a.lName, a.fName, a.mName, br.branchName
        ORDER BY CAST(SUBSTRING_INDEX(b.transactNo, '-', -1) AS UNSIGNED)
[2025-08-12 05:31:59] Total records fetched: 98
[2025-08-12 05:31:59] WHERE clause: 
[2025-08-12 05:31:59] SQL Query: SELECT b.transactNo, DATE_FORMAT(f.flightDepartureDate, '%Y.%m.%d') AS departureDate, f.returnDepartureDate AS returnDate, 
        b.status AS bookingStatus, CONCAT(f.flightDepartureDate, ' | ', f.returnDepartureDate) AS FlightDate, 
        p.packageName AS PackageName, b.bookingDate, b.pax AS TotalPax,  
        b.totalPrice AS PackagePrice, br.branchName as branchName, COALESCE(SUM(pa.amount), 0) AS TotalAmountPaid,
        CONCAT(a.lName, ', ', a.fName, ' ', IFNULL(CONCAT(SUBSTRING(a.mName, 1, 1), '.'), '')) AS agentName,
        COALESCE(SUM(r.requestCost), 0) AS TotalRequestAmount
        FROM booking b
        JOIN branch br ON b.agentCode = br.branchAgentCode
        JOIN flight f ON f.flightId = b.flightId
        JOIN package p ON p.packageId = b.packageId
        LEFT JOIN agent a ON b.accountType = 'Agent' AND b.accountId = a.accountId
        LEFT JOIN company c ON a.companyId = c.companyId
        LEFT JOIN client cl ON b.accountType = 'Client' AND b.accountId = cl.accountId
        LEFT JOIN company cc ON cl.companyId = cc.companyId
        LEFT JOIN payment pa ON pa.transactNo = b.transactNo AND pa.paymentStatus = 'Approved'
        LEFT JOIN request r ON r.transactNo = b.transactNo AND r.requestStatus = 'Confirmed'
        
        GROUP BY b.transactNo, f.flightDepartureDate, f.returnDepartureDate, b.status, 
                 p.packageName, b.bookingDate, b.pax, b.totalPrice, a.lName, a.fName, a.mName, br.branchName
        ORDER BY CAST(SUBSTRING_INDEX(b.transactNo, '-', -1) AS UNSIGNED)
[2025-08-12 05:31:59] Total records fetched: 98
[2025-08-12 05:32:19] WHERE clause: 
[2025-08-12 05:32:19] SQL Query: SELECT b.transactNo, DATE_FORMAT(f.flightDepartureDate, '%Y.%m.%d') AS departureDate, f.returnDepartureDate AS returnDate, 
        b.status AS bookingStatus, CONCAT(f.flightDepartureDate, ' | ', f.returnDepartureDate) AS FlightDate, 
        p.packageName AS PackageName, b.bookingDate, b.pax AS TotalPax,  
        b.totalPrice AS PackagePrice, br.branchName as branchName, COALESCE(SUM(pa.amount), 0) AS TotalAmountPaid,
        CONCAT(a.lName, ', ', a.fName, ' ', IFNULL(CONCAT(SUBSTRING(a.mName, 1, 1), '.'), '')) AS agentName,
        COALESCE(SUM(r.requestCost), 0) AS TotalRequestAmount
        FROM booking b
        JOIN branch br ON b.agentCode = br.branchAgentCode
        JOIN flight f ON f.flightId = b.flightId
        JOIN package p ON p.packageId = b.packageId
        LEFT JOIN agent a ON b.accountType = 'Agent' AND b.accountId = a.accountId
        LEFT JOIN company c ON a.companyId = c.companyId
        LEFT JOIN client cl ON b.accountType = 'Client' AND b.accountId = cl.accountId
        LEFT JOIN company cc ON cl.companyId = cc.companyId
        LEFT JOIN payment pa ON pa.transactNo = b.transactNo AND pa.paymentStatus = 'Approved'
        LEFT JOIN request r ON r.transactNo = b.transactNo AND r.requestStatus = 'Confirmed'
        
        GROUP BY b.transactNo, f.flightDepartureDate, f.returnDepartureDate, b.status, 
                 p.packageName, b.bookingDate, b.pax, b.totalPrice, a.lName, a.fName, a.mName, br.branchName
        ORDER BY CAST(SUBSTRING_INDEX(b.transactNo, '-', -1) AS UNSIGNED)
[2025-08-12 05:32:19] Total records fetched: 98
[2025-08-12 05:32:20] WHERE clause: 
[2025-08-12 05:32:20] SQL Query: SELECT b.transactNo, DATE_FORMAT(f.flightDepartureDate, '%Y.%m.%d') AS departureDate, f.returnDepartureDate AS returnDate, 
        b.status AS bookingStatus, CONCAT(f.flightDepartureDate, ' | ', f.returnDepartureDate) AS FlightDate, 
        p.packageName AS PackageName, b.bookingDate, b.pax AS TotalPax,  
        b.totalPrice AS PackagePrice, br.branchName as branchName, COALESCE(SUM(pa.amount), 0) AS TotalAmountPaid,
        CONCAT(a.lName, ', ', a.fName, ' ', IFNULL(CONCAT(SUBSTRING(a.mName, 1, 1), '.'), '')) AS agentName,
        COALESCE(SUM(r.requestCost), 0) AS TotalRequestAmount
        FROM booking b
        JOIN branch br ON b.agentCode = br.branchAgentCode
        JOIN flight f ON f.flightId = b.flightId
        JOIN package p ON p.packageId = b.packageId
        LEFT JOIN agent a ON b.accountType = 'Agent' AND b.accountId = a.accountId
        LEFT JOIN company c ON a.companyId = c.companyId
        LEFT JOIN client cl ON b.accountType = 'Client' AND b.accountId = cl.accountId
        LEFT JOIN company cc ON cl.companyId = cc.companyId
        LEFT JOIN payment pa ON pa.transactNo = b.transactNo AND pa.paymentStatus = 'Approved'
        LEFT JOIN request r ON r.transactNo = b.transactNo AND r.requestStatus = 'Confirmed'
        
        GROUP BY b.transactNo, f.flightDepartureDate, f.returnDepartureDate, b.status, 
                 p.packageName, b.bookingDate, b.pax, b.totalPrice, a.lName, a.fName, a.mName, br.branchName
        ORDER BY CAST(SUBSTRING_INDEX(b.transactNo, '-', -1) AS UNSIGNED)
[2025-08-12 05:32:20] Total records fetched: 98
[2025-08-12 05:32:20] WHERE clause: 
[2025-08-12 05:32:20] SQL Query: SELECT b.transactNo, DATE_FORMAT(f.flightDepartureDate, '%Y.%m.%d') AS departureDate, f.returnDepartureDate AS returnDate, 
        b.status AS bookingStatus, CONCAT(f.flightDepartureDate, ' | ', f.returnDepartureDate) AS FlightDate, 
        p.packageName AS PackageName, b.bookingDate, b.pax AS TotalPax,  
        b.totalPrice AS PackagePrice, br.branchName as branchName, COALESCE(SUM(pa.amount), 0) AS TotalAmountPaid,
        CONCAT(a.lName, ', ', a.fName, ' ', IFNULL(CONCAT(SUBSTRING(a.mName, 1, 1), '.'), '')) AS agentName,
        COALESCE(SUM(r.requestCost), 0) AS TotalRequestAmount
        FROM booking b
        JOIN branch br ON b.agentCode = br.branchAgentCode
        JOIN flight f ON f.flightId = b.flightId
        JOIN package p ON p.packageId = b.packageId
        LEFT JOIN agent a ON b.accountType = 'Agent' AND b.accountId = a.accountId
        LEFT JOIN company c ON a.companyId = c.companyId
        LEFT JOIN client cl ON b.accountType = 'Client' AND b.accountId = cl.accountId
        LEFT JOIN company cc ON cl.companyId = cc.companyId
        LEFT JOIN payment pa ON pa.transactNo = b.transactNo AND pa.paymentStatus = 'Approved'
        LEFT JOIN request r ON r.transactNo = b.transactNo AND r.requestStatus = 'Confirmed'
        
        GROUP BY b.transactNo, f.flightDepartureDate, f.returnDepartureDate, b.status, 
                 p.packageName, b.bookingDate, b.pax, b.totalPrice, a.lName, a.fName, a.mName, br.branchName
        ORDER BY CAST(SUBSTRING_INDEX(b.transactNo, '-', -1) AS UNSIGNED)
[2025-08-12 05:32:20] Total records fetched: 98
[2025-08-12 05:32:21] WHERE clause: 
[2025-08-12 05:32:21] SQL Query: SELECT b.transactNo, DATE_FORMAT(f.flightDepartureDate, '%Y.%m.%d') AS departureDate, f.returnDepartureDate AS returnDate, 
        b.status AS bookingStatus, CONCAT(f.flightDepartureDate, ' | ', f.returnDepartureDate) AS FlightDate, 
        p.packageName AS PackageName, b.bookingDate, b.pax AS TotalPax,  
        b.totalPrice AS PackagePrice, br.branchName as branchName, COALESCE(SUM(pa.amount), 0) AS TotalAmountPaid,
        CONCAT(a.lName, ', ', a.fName, ' ', IFNULL(CONCAT(SUBSTRING(a.mName, 1, 1), '.'), '')) AS agentName,
        COALESCE(SUM(r.requestCost), 0) AS TotalRequestAmount
        FROM booking b
        JOIN branch br ON b.agentCode = br.branchAgentCode
        JOIN flight f ON f.flightId = b.flightId
        JOIN package p ON p.packageId = b.packageId
        LEFT JOIN agent a ON b.accountType = 'Agent' AND b.accountId = a.accountId
        LEFT JOIN company c ON a.companyId = c.companyId
        LEFT JOIN client cl ON b.accountType = 'Client' AND b.accountId = cl.accountId
        LEFT JOIN company cc ON cl.companyId = cc.companyId
        LEFT JOIN payment pa ON pa.transactNo = b.transactNo AND pa.paymentStatus = 'Approved'
        LEFT JOIN request r ON r.transactNo = b.transactNo AND r.requestStatus = 'Confirmed'
        
        GROUP BY b.transactNo, f.flightDepartureDate, f.returnDepartureDate, b.status, 
                 p.packageName, b.bookingDate, b.pax, b.totalPrice, a.lName, a.fName, a.mName, br.branchName
        ORDER BY CAST(SUBSTRING_INDEX(b.transactNo, '-', -1) AS UNSIGNED)
[2025-08-12 05:32:21] Total records fetched: 98
[2025-08-12 05:32:21] WHERE clause: 
[2025-08-12 05:32:21] SQL Query: SELECT b.transactNo, DATE_FORMAT(f.flightDepartureDate, '%Y.%m.%d') AS departureDate, f.returnDepartureDate AS returnDate, 
        b.status AS bookingStatus, CONCAT(f.flightDepartureDate, ' | ', f.returnDepartureDate) AS FlightDate, 
        p.packageName AS PackageName, b.bookingDate, b.pax AS TotalPax,  
        b.totalPrice AS PackagePrice, br.branchName as branchName, COALESCE(SUM(pa.amount), 0) AS TotalAmountPaid,
        CONCAT(a.lName, ', ', a.fName, ' ', IFNULL(CONCAT(SUBSTRING(a.mName, 1, 1), '.'), '')) AS agentName,
        COALESCE(SUM(r.requestCost), 0) AS TotalRequestAmount
        FROM booking b
        JOIN branch br ON b.agentCode = br.branchAgentCode
        JOIN flight f ON f.flightId = b.flightId
        JOIN package p ON p.packageId = b.packageId
        LEFT JOIN agent a ON b.accountType = 'Agent' AND b.accountId = a.accountId
        LEFT JOIN company c ON a.companyId = c.companyId
        LEFT JOIN client cl ON b.accountType = 'Client' AND b.accountId = cl.accountId
        LEFT JOIN company cc ON cl.companyId = cc.companyId
        LEFT JOIN payment pa ON pa.transactNo = b.transactNo AND pa.paymentStatus = 'Approved'
        LEFT JOIN request r ON r.transactNo = b.transactNo AND r.requestStatus = 'Confirmed'
        
        GROUP BY b.transactNo, f.flightDepartureDate, f.returnDepartureDate, b.status, 
                 p.packageName, b.bookingDate, b.pax, b.totalPrice, a.lName, a.fName, a.mName, br.branchName
        ORDER BY CAST(SUBSTRING_INDEX(b.transactNo, '-', -1) AS UNSIGNED)
[2025-08-12 05:32:21] Total records fetched: 98
[2025-08-12 05:32:21] WHERE clause: 
[2025-08-12 05:32:21] SQL Query: SELECT b.transactNo, DATE_FORMAT(f.flightDepartureDate, '%Y.%m.%d') AS departureDate, f.returnDepartureDate AS returnDate, 
        b.status AS bookingStatus, CONCAT(f.flightDepartureDate, ' | ', f.returnDepartureDate) AS FlightDate, 
        p.packageName AS PackageName, b.bookingDate, b.pax AS TotalPax,  
        b.totalPrice AS PackagePrice, br.branchName as branchName, COALESCE(SUM(pa.amount), 0) AS TotalAmountPaid,
        CONCAT(a.lName, ', ', a.fName, ' ', IFNULL(CONCAT(SUBSTRING(a.mName, 1, 1), '.'), '')) AS agentName,
        COALESCE(SUM(r.requestCost), 0) AS TotalRequestAmount
        FROM booking b
        JOIN branch br ON b.agentCode = br.branchAgentCode
        JOIN flight f ON f.flightId = b.flightId
        JOIN package p ON p.packageId = b.packageId
        LEFT JOIN agent a ON b.accountType = 'Agent' AND b.accountId = a.accountId
        LEFT JOIN company c ON a.companyId = c.companyId
        LEFT JOIN client cl ON b.accountType = 'Client' AND b.accountId = cl.accountId
        LEFT JOIN company cc ON cl.companyId = cc.companyId
        LEFT JOIN payment pa ON pa.transactNo = b.transactNo AND pa.paymentStatus = 'Approved'
        LEFT JOIN request r ON r.transactNo = b.transactNo AND r.requestStatus = 'Confirmed'
        
        GROUP BY b.transactNo, f.flightDepartureDate, f.returnDepartureDate, b.status, 
                 p.packageName, b.bookingDate, b.pax, b.totalPrice, a.lName, a.fName, a.mName, br.branchName
        ORDER BY CAST(SUBSTRING_INDEX(b.transactNo, '-', -1) AS UNSIGNED)
[2025-08-12 05:32:21] Total records fetched: 98
[2025-08-12 05:32:21] WHERE clause: 
[2025-08-12 05:32:21] SQL Query: SELECT b.transactNo, DATE_FORMAT(f.flightDepartureDate, '%Y.%m.%d') AS departureDate, f.returnDepartureDate AS returnDate, 
        b.status AS bookingStatus, CONCAT(f.flightDepartureDate, ' | ', f.returnDepartureDate) AS FlightDate, 
        p.packageName AS PackageName, b.bookingDate, b.pax AS TotalPax,  
        b.totalPrice AS PackagePrice, br.branchName as branchName, COALESCE(SUM(pa.amount), 0) AS TotalAmountPaid,
        CONCAT(a.lName, ', ', a.fName, ' ', IFNULL(CONCAT(SUBSTRING(a.mName, 1, 1), '.'), '')) AS agentName,
        COALESCE(SUM(r.requestCost), 0) AS TotalRequestAmount
        FROM booking b
        JOIN branch br ON b.agentCode = br.branchAgentCode
        JOIN flight f ON f.flightId = b.flightId
        JOIN package p ON p.packageId = b.packageId
        LEFT JOIN agent a ON b.accountType = 'Agent' AND b.accountId = a.accountId
        LEFT JOIN company c ON a.companyId = c.companyId
        LEFT JOIN client cl ON b.accountType = 'Client' AND b.accountId = cl.accountId
        LEFT JOIN company cc ON cl.companyId = cc.companyId
        LEFT JOIN payment pa ON pa.transactNo = b.transactNo AND pa.paymentStatus = 'Approved'
        LEFT JOIN request r ON r.transactNo = b.transactNo AND r.requestStatus = 'Confirmed'
        
        GROUP BY b.transactNo, f.flightDepartureDate, f.returnDepartureDate, b.status, 
                 p.packageName, b.bookingDate, b.pax, b.totalPrice, a.lName, a.fName, a.mName, br.branchName
        ORDER BY CAST(SUBSTRING_INDEX(b.transactNo, '-', -1) AS UNSIGNED)
[2025-08-12 05:32:21] Total records fetched: 98
[2025-08-12 05:32:22] WHERE clause: 
[2025-08-12 05:32:22] SQL Query: SELECT b.transactNo, DATE_FORMAT(f.flightDepartureDate, '%Y.%m.%d') AS departureDate, f.returnDepartureDate AS returnDate, 
        b.status AS bookingStatus, CONCAT(f.flightDepartureDate, ' | ', f.returnDepartureDate) AS FlightDate, 
        p.packageName AS PackageName, b.bookingDate, b.pax AS TotalPax,  
        b.totalPrice AS PackagePrice, br.branchName as branchName, COALESCE(SUM(pa.amount), 0) AS TotalAmountPaid,
        CONCAT(a.lName, ', ', a.fName, ' ', IFNULL(CONCAT(SUBSTRING(a.mName, 1, 1), '.'), '')) AS agentName,
        COALESCE(SUM(r.requestCost), 0) AS TotalRequestAmount
        FROM booking b
        JOIN branch br ON b.agentCode = br.branchAgentCode
        JOIN flight f ON f.flightId = b.flightId
        JOIN package p ON p.packageId = b.packageId
        LEFT JOIN agent a ON b.accountType = 'Agent' AND b.accountId = a.accountId
        LEFT JOIN company c ON a.companyId = c.companyId
        LEFT JOIN client cl ON b.accountType = 'Client' AND b.accountId = cl.accountId
        LEFT JOIN company cc ON cl.companyId = cc.companyId
        LEFT JOIN payment pa ON pa.transactNo = b.transactNo AND pa.paymentStatus = 'Approved'
        LEFT JOIN request r ON r.transactNo = b.transactNo AND r.requestStatus = 'Confirmed'
        
        GROUP BY b.transactNo, f.flightDepartureDate, f.returnDepartureDate, b.status, 
                 p.packageName, b.bookingDate, b.pax, b.totalPrice, a.lName, a.fName, a.mName, br.branchName
        ORDER BY CAST(SUBSTRING_INDEX(b.transactNo, '-', -1) AS UNSIGNED)
[2025-08-12 05:32:22] Total records fetched: 98
[2025-08-12 05:32:22] WHERE clause: 
[2025-08-12 05:32:22] SQL Query: SELECT b.transactNo, DATE_FORMAT(f.flightDepartureDate, '%Y.%m.%d') AS departureDate, f.returnDepartureDate AS returnDate, 
        b.status AS bookingStatus, CONCAT(f.flightDepartureDate, ' | ', f.returnDepartureDate) AS FlightDate, 
        p.packageName AS PackageName, b.bookingDate, b.pax AS TotalPax,  
        b.totalPrice AS PackagePrice, br.branchName as branchName, COALESCE(SUM(pa.amount), 0) AS TotalAmountPaid,
        CONCAT(a.lName, ', ', a.fName, ' ', IFNULL(CONCAT(SUBSTRING(a.mName, 1, 1), '.'), '')) AS agentName,
        COALESCE(SUM(r.requestCost), 0) AS TotalRequestAmount
        FROM booking b
        JOIN branch br ON b.agentCode = br.branchAgentCode
        JOIN flight f ON f.flightId = b.flightId
        JOIN package p ON p.packageId = b.packageId
        LEFT JOIN agent a ON b.accountType = 'Agent' AND b.accountId = a.accountId
        LEFT JOIN company c ON a.companyId = c.companyId
        LEFT JOIN client cl ON b.accountType = 'Client' AND b.accountId = cl.accountId
        LEFT JOIN company cc ON cl.companyId = cc.companyId
        LEFT JOIN payment pa ON pa.transactNo = b.transactNo AND pa.paymentStatus = 'Approved'
        LEFT JOIN request r ON r.transactNo = b.transactNo AND r.requestStatus = 'Confirmed'
        
        GROUP BY b.transactNo, f.flightDepartureDate, f.returnDepartureDate, b.status, 
                 p.packageName, b.bookingDate, b.pax, b.totalPrice, a.lName, a.fName, a.mName, br.branchName
        ORDER BY CAST(SUBSTRING_INDEX(b.transactNo, '-', -1) AS UNSIGNED)
[2025-08-12 05:32:22] Total records fetched: 98
[2025-08-12 05:32:23] WHERE clause: 
[2025-08-12 05:32:23] SQL Query: SELECT b.transactNo, DATE_FORMAT(f.flightDepartureDate, '%Y.%m.%d') AS departureDate, f.returnDepartureDate AS returnDate, 
        b.status AS bookingStatus, CONCAT(f.flightDepartureDate, ' | ', f.returnDepartureDate) AS FlightDate, 
        p.packageName AS PackageName, b.bookingDate, b.pax AS TotalPax,  
        b.totalPrice AS PackagePrice, br.branchName as branchName, COALESCE(SUM(pa.amount), 0) AS TotalAmountPaid,
        CONCAT(a.lName, ', ', a.fName, ' ', IFNULL(CONCAT(SUBSTRING(a.mName, 1, 1), '.'), '')) AS agentName,
        COALESCE(SUM(r.requestCost), 0) AS TotalRequestAmount
        FROM booking b
        JOIN branch br ON b.agentCode = br.branchAgentCode
        JOIN flight f ON f.flightId = b.flightId
        JOIN package p ON p.packageId = b.packageId
        LEFT JOIN agent a ON b.accountType = 'Agent' AND b.accountId = a.accountId
        LEFT JOIN company c ON a.companyId = c.companyId
        LEFT JOIN client cl ON b.accountType = 'Client' AND b.accountId = cl.accountId
        LEFT JOIN company cc ON cl.companyId = cc.companyId
        LEFT JOIN payment pa ON pa.transactNo = b.transactNo AND pa.paymentStatus = 'Approved'
        LEFT JOIN request r ON r.transactNo = b.transactNo AND r.requestStatus = 'Confirmed'
        
        GROUP BY b.transactNo, f.flightDepartureDate, f.returnDepartureDate, b.status, 
                 p.packageName, b.bookingDate, b.pax, b.totalPrice, a.lName, a.fName, a.mName, br.branchName
        ORDER BY CAST(SUBSTRING_INDEX(b.transactNo, '-', -1) AS UNSIGNED)
[2025-08-12 05:32:23] Total records fetched: 98
[2025-08-12 05:33:22] WHERE clause: 
[2025-08-12 05:33:22] SQL Query: SELECT b.transactNo, DATE_FORMAT(f.flightDepartureDate, '%Y.%m.%d') AS departureDate, f.returnDepartureDate AS returnDate, 
        b.status AS bookingStatus, CONCAT(f.flightDepartureDate, ' | ', f.returnDepartureDate) AS FlightDate, 
        p.packageName AS PackageName, b.bookingDate, b.pax AS TotalPax,  
        b.totalPrice AS PackagePrice, br.branchName as branchName, COALESCE(SUM(pa.amount), 0) AS TotalAmountPaid,
        CONCAT(a.lName, ', ', a.fName, ' ', IFNULL(CONCAT(SUBSTRING(a.mName, 1, 1), '.'), '')) AS agentName,
        COALESCE(SUM(r.requestCost), 0) AS TotalRequestAmount
        FROM booking b
        JOIN branch br ON b.agentCode = br.branchAgentCode
        JOIN flight f ON f.flightId = b.flightId
        JOIN package p ON p.packageId = b.packageId
        LEFT JOIN agent a ON b.accountType = 'Agent' AND b.accountId = a.accountId
        LEFT JOIN company c ON a.companyId = c.companyId
        LEFT JOIN client cl ON b.accountType = 'Client' AND b.accountId = cl.accountId
        LEFT JOIN company cc ON cl.companyId = cc.companyId
        LEFT JOIN payment pa ON pa.transactNo = b.transactNo AND pa.paymentStatus = 'Approved'
        LEFT JOIN request r ON r.transactNo = b.transactNo AND r.requestStatus = 'Confirmed'
        
        GROUP BY b.transactNo, f.flightDepartureDate, f.returnDepartureDate, b.status, 
                 p.packageName, b.bookingDate, b.pax, b.totalPrice, a.lName, a.fName, a.mName, br.branchName
        ORDER BY CAST(SUBSTRING_INDEX(b.transactNo, '-', -1) AS UNSIGNED)
[2025-08-12 05:33:22] Total records fetched: 98
[2025-08-12 05:33:22] WHERE clause: 
[2025-08-12 05:33:22] SQL Query: SELECT b.transactNo, DATE_FORMAT(f.flightDepartureDate, '%Y.%m.%d') AS departureDate, f.returnDepartureDate AS returnDate, 
        b.status AS bookingStatus, CONCAT(f.flightDepartureDate, ' | ', f.returnDepartureDate) AS FlightDate, 
        p.packageName AS PackageName, b.bookingDate, b.pax AS TotalPax,  
        b.totalPrice AS PackagePrice, br.branchName as branchName, COALESCE(SUM(pa.amount), 0) AS TotalAmountPaid,
        CONCAT(a.lName, ', ', a.fName, ' ', IFNULL(CONCAT(SUBSTRING(a.mName, 1, 1), '.'), '')) AS agentName,
        COALESCE(SUM(r.requestCost), 0) AS TotalRequestAmount
        FROM booking b
        JOIN branch br ON b.agentCode = br.branchAgentCode
        JOIN flight f ON f.flightId = b.flightId
        JOIN package p ON p.packageId = b.packageId
        LEFT JOIN agent a ON b.accountType = 'Agent' AND b.accountId = a.accountId
        LEFT JOIN company c ON a.companyId = c.companyId
        LEFT JOIN client cl ON b.accountType = 'Client' AND b.accountId = cl.accountId
        LEFT JOIN company cc ON cl.companyId = cc.companyId
        LEFT JOIN payment pa ON pa.transactNo = b.transactNo AND pa.paymentStatus = 'Approved'
        LEFT JOIN request r ON r.transactNo = b.transactNo AND r.requestStatus = 'Confirmed'
        
        GROUP BY b.transactNo, f.flightDepartureDate, f.returnDepartureDate, b.status, 
                 p.packageName, b.bookingDate, b.pax, b.totalPrice, a.lName, a.fName, a.mName, br.branchName
        ORDER BY CAST(SUBSTRING_INDEX(b.transactNo, '-', -1) AS UNSIGNED)
[2025-08-12 05:33:22] Total records fetched: 98
[2025-08-12 05:34:17] WHERE clause: 
[2025-08-12 05:34:17] SQL Query: SELECT b.transactNo, DATE_FORMAT(f.flightDepartureDate, '%Y.%m.%d') AS departureDate, f.returnDepartureDate AS returnDate, 
        b.status AS bookingStatus, CONCAT(f.flightDepartureDate, ' | ', f.returnDepartureDate) AS FlightDate, 
        p.packageName AS PackageName, b.bookingDate, b.pax AS TotalPax,  
        b.totalPrice AS PackagePrice, br.branchName as branchName, COALESCE(SUM(pa.amount), 0) AS TotalAmountPaid,
        CONCAT(a.lName, ', ', a.fName, ' ', IFNULL(CONCAT(SUBSTRING(a.mName, 1, 1), '.'), '')) AS agentName,
        COALESCE(SUM(r.requestCost), 0) AS TotalRequestAmount
        FROM booking b
        JOIN branch br ON b.agentCode = br.branchAgentCode
        JOIN flight f ON f.flightId = b.flightId
        JOIN package p ON p.packageId = b.packageId
        LEFT JOIN agent a ON b.accountType = 'Agent' AND b.accountId = a.accountId
        LEFT JOIN company c ON a.companyId = c.companyId
        LEFT JOIN client cl ON b.accountType = 'Client' AND b.accountId = cl.accountId
        LEFT JOIN company cc ON cl.companyId = cc.companyId
        LEFT JOIN payment pa ON pa.transactNo = b.transactNo AND pa.paymentStatus = 'Approved'
        LEFT JOIN request r ON r.transactNo = b.transactNo AND r.requestStatus = 'Confirmed'
        
        GROUP BY b.transactNo, f.flightDepartureDate, f.returnDepartureDate, b.status, 
                 p.packageName, b.bookingDate, b.pax, b.totalPrice, a.lName, a.fName, a.mName, br.branchName
        ORDER BY CAST(SUBSTRING_INDEX(b.transactNo, '-', -1) AS UNSIGNED)
[2025-08-12 05:34:17] WHERE clause: 
[2025-08-12 05:34:17] SQL Query: SELECT b.transactNo, DATE_FORMAT(f.flightDepartureDate, '%Y.%m.%d') AS departureDate, f.returnDepartureDate AS returnDate, 
        b.status AS bookingStatus, CONCAT(f.flightDepartureDate, ' | ', f.returnDepartureDate) AS FlightDate, 
        p.packageName AS PackageName, b.bookingDate, b.pax AS TotalPax,  
        b.totalPrice AS PackagePrice, br.branchName as branchName, COALESCE(SUM(pa.amount), 0) AS TotalAmountPaid,
        CONCAT(a.lName, ', ', a.fName, ' ', IFNULL(CONCAT(SUBSTRING(a.mName, 1, 1), '.'), '')) AS agentName,
        COALESCE(SUM(r.requestCost), 0) AS TotalRequestAmount
        FROM booking b
        JOIN branch br ON b.agentCode = br.branchAgentCode
        JOIN flight f ON f.flightId = b.flightId
        JOIN package p ON p.packageId = b.packageId
        LEFT JOIN agent a ON b.accountType = 'Agent' AND b.accountId = a.accountId
        LEFT JOIN company c ON a.companyId = c.companyId
        LEFT JOIN client cl ON b.accountType = 'Client' AND b.accountId = cl.accountId
        LEFT JOIN company cc ON cl.companyId = cc.companyId
        LEFT JOIN payment pa ON pa.transactNo = b.transactNo AND pa.paymentStatus = 'Approved'
        LEFT JOIN request r ON r.transactNo = b.transactNo AND r.requestStatus = 'Confirmed'
        
        GROUP BY b.transactNo, f.flightDepartureDate, f.returnDepartureDate, b.status, 
                 p.packageName, b.bookingDate, b.pax, b.totalPrice, a.lName, a.fName, a.mName, br.branchName
        ORDER BY CAST(SUBSTRING_INDEX(b.transactNo, '-', -1) AS UNSIGNED)
[2025-08-12 05:34:17] Total records fetched: 98
[2025-08-12 05:34:17] Total records fetched: 98
[2025-08-12 07:05:47] WHERE clause: 
[2025-08-12 07:05:47] SQL Query: SELECT b.transactNo, DATE_FORMAT(f.flightDepartureDate, '%Y.%m.%d') AS departureDate, f.returnDepartureDate AS returnDate, 
        b.status AS bookingStatus, CONCAT(f.flightDepartureDate, ' | ', f.returnDepartureDate) AS FlightDate, 
        p.packageName AS PackageName, b.bookingDate, b.pax AS TotalPax,  
        b.totalPrice AS PackagePrice, br.branchName as branchName, COALESCE(SUM(pa.amount), 0) AS TotalAmountPaid,
        CONCAT(a.lName, ', ', a.fName, ' ', IFNULL(CONCAT(SUBSTRING(a.mName, 1, 1), '.'), '')) AS agentName,
        COALESCE(SUM(r.requestCost), 0) AS TotalRequestAmount
        FROM booking b
        JOIN branch br ON b.agentCode = br.branchAgentCode
        JOIN flight f ON f.flightId = b.flightId
        JOIN package p ON p.packageId = b.packageId
        LEFT JOIN agent a ON b.accountType = 'Agent' AND b.accountId = a.accountId
        LEFT JOIN company c ON a.companyId = c.companyId
        LEFT JOIN client cl ON b.accountType = 'Client' AND b.accountId = cl.accountId
        LEFT JOIN company cc ON cl.companyId = cc.companyId
        LEFT JOIN payment pa ON pa.transactNo = b.transactNo AND pa.paymentStatus = 'Approved'
        LEFT JOIN request r ON r.transactNo = b.transactNo AND r.requestStatus = 'Confirmed'
        
        GROUP BY b.transactNo, f.flightDepartureDate, f.returnDepartureDate, b.status, 
                 p.packageName, b.bookingDate, b.pax, b.totalPrice, a.lName, a.fName, a.mName, br.branchName
        ORDER BY CAST(SUBSTRING_INDEX(b.transactNo, '-', -1) AS UNSIGNED)
[2025-08-12 07:05:47] WHERE clause: 
[2025-08-12 07:05:47] SQL Query: SELECT b.transactNo, DATE_FORMAT(f.flightDepartureDate, '%Y.%m.%d') AS departureDate, f.returnDepartureDate AS returnDate, 
        b.status AS bookingStatus, CONCAT(f.flightDepartureDate, ' | ', f.returnDepartureDate) AS FlightDate, 
        p.packageName AS PackageName, b.bookingDate, b.pax AS TotalPax,  
        b.totalPrice AS PackagePrice, br.branchName as branchName, COALESCE(SUM(pa.amount), 0) AS TotalAmountPaid,
        CONCAT(a.lName, ', ', a.fName, ' ', IFNULL(CONCAT(SUBSTRING(a.mName, 1, 1), '.'), '')) AS agentName,
        COALESCE(SUM(r.requestCost), 0) AS TotalRequestAmount
        FROM booking b
        JOIN branch br ON b.agentCode = br.branchAgentCode
        JOIN flight f ON f.flightId = b.flightId
        JOIN package p ON p.packageId = b.packageId
        LEFT JOIN agent a ON b.accountType = 'Agent' AND b.accountId = a.accountId
        LEFT JOIN company c ON a.companyId = c.companyId
        LEFT JOIN client cl ON b.accountType = 'Client' AND b.accountId = cl.accountId
        LEFT JOIN company cc ON cl.companyId = cc.companyId
        LEFT JOIN payment pa ON pa.transactNo = b.transactNo AND pa.paymentStatus = 'Approved'
        LEFT JOIN request r ON r.transactNo = b.transactNo AND r.requestStatus = 'Confirmed'
        
        GROUP BY b.transactNo, f.flightDepartureDate, f.returnDepartureDate, b.status, 
                 p.packageName, b.bookingDate, b.pax, b.totalPrice, a.lName, a.fName, a.mName, br.branchName
        ORDER BY CAST(SUBSTRING_INDEX(b.transactNo, '-', -1) AS UNSIGNED)
[2025-08-12 07:05:47] Total records fetched: 98
[2025-08-12 07:05:47] Total records fetched: 98
[2025-08-12 07:05:49] WHERE clause: 
[2025-08-12 07:05:49] SQL Query: SELECT b.transactNo, DATE_FORMAT(f.flightDepartureDate, '%Y.%m.%d') AS departureDate, f.returnDepartureDate AS returnDate, 
        b.status AS bookingStatus, CONCAT(f.flightDepartureDate, ' | ', f.returnDepartureDate) AS FlightDate, 
        p.packageName AS PackageName, b.bookingDate, b.pax AS TotalPax,  
        b.totalPrice AS PackagePrice, br.branchName as branchName, COALESCE(SUM(pa.amount), 0) AS TotalAmountPaid,
        CONCAT(a.lName, ', ', a.fName, ' ', IFNULL(CONCAT(SUBSTRING(a.mName, 1, 1), '.'), '')) AS agentName,
        COALESCE(SUM(r.requestCost), 0) AS TotalRequestAmount
        FROM booking b
        JOIN branch br ON b.agentCode = br.branchAgentCode
        JOIN flight f ON f.flightId = b.flightId
        JOIN package p ON p.packageId = b.packageId
        LEFT JOIN agent a ON b.accountType = 'Agent' AND b.accountId = a.accountId
        LEFT JOIN company c ON a.companyId = c.companyId
        LEFT JOIN client cl ON b.accountType = 'Client' AND b.accountId = cl.accountId
        LEFT JOIN company cc ON cl.companyId = cc.companyId
        LEFT JOIN payment pa ON pa.transactNo = b.transactNo AND pa.paymentStatus = 'Approved'
        LEFT JOIN request r ON r.transactNo = b.transactNo AND r.requestStatus = 'Confirmed'
        
        GROUP BY b.transactNo, f.flightDepartureDate, f.returnDepartureDate, b.status, 
                 p.packageName, b.bookingDate, b.pax, b.totalPrice, a.lName, a.fName, a.mName, br.branchName
        ORDER BY CAST(SUBSTRING_INDEX(b.transactNo, '-', -1) AS UNSIGNED)
[2025-08-12 07:05:49] Total records fetched: 98
[2025-08-12 07:05:49] WHERE clause: 
[2025-08-12 07:05:49] SQL Query: SELECT b.transactNo, DATE_FORMAT(f.flightDepartureDate, '%Y.%m.%d') AS departureDate, f.returnDepartureDate AS returnDate, 
        b.status AS bookingStatus, CONCAT(f.flightDepartureDate, ' | ', f.returnDepartureDate) AS FlightDate, 
        p.packageName AS PackageName, b.bookingDate, b.pax AS TotalPax,  
        b.totalPrice AS PackagePrice, br.branchName as branchName, COALESCE(SUM(pa.amount), 0) AS TotalAmountPaid,
        CONCAT(a.lName, ', ', a.fName, ' ', IFNULL(CONCAT(SUBSTRING(a.mName, 1, 1), '.'), '')) AS agentName,
        COALESCE(SUM(r.requestCost), 0) AS TotalRequestAmount
        FROM booking b
        JOIN branch br ON b.agentCode = br.branchAgentCode
        JOIN flight f ON f.flightId = b.flightId
        JOIN package p ON p.packageId = b.packageId
        LEFT JOIN agent a ON b.accountType = 'Agent' AND b.accountId = a.accountId
        LEFT JOIN company c ON a.companyId = c.companyId
        LEFT JOIN client cl ON b.accountType = 'Client' AND b.accountId = cl.accountId
        LEFT JOIN company cc ON cl.companyId = cc.companyId
        LEFT JOIN payment pa ON pa.transactNo = b.transactNo AND pa.paymentStatus = 'Approved'
        LEFT JOIN request r ON r.transactNo = b.transactNo AND r.requestStatus = 'Confirmed'
        
        GROUP BY b.transactNo, f.flightDepartureDate, f.returnDepartureDate, b.status, 
                 p.packageName, b.bookingDate, b.pax, b.totalPrice, a.lName, a.fName, a.mName, br.branchName
        ORDER BY CAST(SUBSTRING_INDEX(b.transactNo, '-', -1) AS UNSIGNED)
[2025-08-12 07:05:49] Total records fetched: 98
[2025-08-12 07:05:50] WHERE clause: 
[2025-08-12 07:05:50] SQL Query: SELECT b.transactNo, DATE_FORMAT(f.flightDepartureDate, '%Y.%m.%d') AS departureDate, f.returnDepartureDate AS returnDate, 
        b.status AS bookingStatus, CONCAT(f.flightDepartureDate, ' | ', f.returnDepartureDate) AS FlightDate, 
        p.packageName AS PackageName, b.bookingDate, b.pax AS TotalPax,  
        b.totalPrice AS PackagePrice, br.branchName as branchName, COALESCE(SUM(pa.amount), 0) AS TotalAmountPaid,
        CONCAT(a.lName, ', ', a.fName, ' ', IFNULL(CONCAT(SUBSTRING(a.mName, 1, 1), '.'), '')) AS agentName,
        COALESCE(SUM(r.requestCost), 0) AS TotalRequestAmount
        FROM booking b
        JOIN branch br ON b.agentCode = br.branchAgentCode
        JOIN flight f ON f.flightId = b.flightId
        JOIN package p ON p.packageId = b.packageId
        LEFT JOIN agent a ON b.accountType = 'Agent' AND b.accountId = a.accountId
        LEFT JOIN company c ON a.companyId = c.companyId
        LEFT JOIN client cl ON b.accountType = 'Client' AND b.accountId = cl.accountId
        LEFT JOIN company cc ON cl.companyId = cc.companyId
        LEFT JOIN payment pa ON pa.transactNo = b.transactNo AND pa.paymentStatus = 'Approved'
        LEFT JOIN request r ON r.transactNo = b.transactNo AND r.requestStatus = 'Confirmed'
        
        GROUP BY b.transactNo, f.flightDepartureDate, f.returnDepartureDate, b.status, 
                 p.packageName, b.bookingDate, b.pax, b.totalPrice, a.lName, a.fName, a.mName, br.branchName
        ORDER BY CAST(SUBSTRING_INDEX(b.transactNo, '-', -1) AS UNSIGNED)
[2025-08-12 07:05:50] SQL Query: SELECT b.transactNo, DATE_FORMAT(f.flightDepartureDate, '%Y.%m.%d') AS departureDate, f.returnDepartureDate AS returnDate, 
        b.status AS bookingStatus, CONCAT(f.flightDepartureDate, ' | ', f.returnDepartureDate) AS FlightDate, 
        p.packageName AS PackageName, b.bookingDate, b.pax AS TotalPax,  
        b.totalPrice AS PackagePrice, br.branchName as branchName, COALESCE(SUM(pa.amount), 0) AS TotalAmountPaid,
        CONCAT(a.lName, ', ', a.fName, ' ', IFNULL(CONCAT(SUBSTRING(a.mName, 1, 1), '.'), '')) AS agentName,
        COALESCE(SUM(r.requestCost), 0) AS TotalRequestAmount
        FROM booking b
        JOIN branch br ON b.agentCode = br.branchAgentCode
        JOIN flight f ON f.flightId = b.flightId
        JOIN package p ON p.packageId = b.packageId
        LEFT JOIN agent a ON b.accountType = 'Agent' AND b.accountId = a.accountId
        LEFT JOIN company c ON a.companyId = c.companyId
        LEFT JOIN client cl ON b.accountType = 'Client' AND b.accountId = cl.accountId
        LEFT JOIN company cc ON cl.companyId = cc.companyId
        LEFT JOIN payment pa ON pa.transactNo = b.transactNo AND pa.paymentStatus = 'Approved'
        LEFT JOIN request r ON r.transactNo = b.transactNo AND r.requestStatus = 'Confirmed'
        
        GROUP BY b.transactNo, f.flightDepartureDate, f.returnDepartureDate, b.status, 
                 p.packageName, b.bookingDate, b.pax, b.totalPrice, a.lName, a.fName, a.mName, br.branchName
        ORDER BY CAST(SUBSTRING_INDEX(b.transactNo, '-', -1) AS UNSIGNED)
[2025-08-12 07:05:50] Total records fetched: 98
[2025-08-12 07:06:36] WHERE clause: 
[2025-08-12 07:06:36] SQL Query: SELECT b.transactNo, DATE_FORMAT(f.flightDepartureDate, '%Y.%m.%d') AS departureDate, f.returnDepartureDate AS returnDate, 
        b.status AS bookingStatus, CONCAT(f.flightDepartureDate, ' | ', f.returnDepartureDate) AS FlightDate, 
        p.packageName AS PackageName, b.bookingDate, b.pax AS TotalPax,  
        b.totalPrice AS PackagePrice, br.branchName as branchName, COALESCE(SUM(pa.amount), 0) AS TotalAmountPaid,
        CONCAT(a.lName, ', ', a.fName, ' ', IFNULL(CONCAT(SUBSTRING(a.mName, 1, 1), '.'), '')) AS agentName,
        COALESCE(SUM(r.requestCost), 0) AS TotalRequestAmount
        FROM booking b
        JOIN branch br ON b.agentCode = br.branchAgentCode
        JOIN flight f ON f.flightId = b.flightId
        JOIN package p ON p.packageId = b.packageId
        LEFT JOIN agent a ON b.accountType = 'Agent' AND b.accountId = a.accountId
        LEFT JOIN company c ON a.companyId = c.companyId
        LEFT JOIN client cl ON b.accountType = 'Client' AND b.accountId = cl.accountId
        LEFT JOIN company cc ON cl.companyId = cc.companyId
        LEFT JOIN payment pa ON pa.transactNo = b.transactNo AND pa.paymentStatus = 'Approved'
        LEFT JOIN request r ON r.transactNo = b.transactNo AND r.requestStatus = 'Confirmed'
        
        GROUP BY b.transactNo, f.flightDepartureDate, f.returnDepartureDate, b.status, 
                 p.packageName, b.bookingDate, b.pax, b.totalPrice, a.lName, a.fName, a.mName, br.branchName
        ORDER BY CAST(SUBSTRING_INDEX(b.transactNo, '-', -1) AS UNSIGNED)
[2025-08-12 07:06:36] Total records fetched: 98
[2025-08-12 07:06:36] WHERE clause: 
[2025-08-12 07:06:36] SQL Query: SELECT b.transactNo, DATE_FORMAT(f.flightDepartureDate, '%Y.%m.%d') AS departureDate, f.returnDepartureDate AS returnDate, 
        b.status AS bookingStatus, CONCAT(f.flightDepartureDate, ' | ', f.returnDepartureDate) AS FlightDate, 
        p.packageName AS PackageName, b.bookingDate, b.pax AS TotalPax,  
        b.totalPrice AS PackagePrice, br.branchName as branchName, COALESCE(SUM(pa.amount), 0) AS TotalAmountPaid,
        CONCAT(a.lName, ', ', a.fName, ' ', IFNULL(CONCAT(SUBSTRING(a.mName, 1, 1), '.'), '')) AS agentName,
        COALESCE(SUM(r.requestCost), 0) AS TotalRequestAmount
        FROM booking b
        JOIN branch br ON b.agentCode = br.branchAgentCode
        JOIN flight f ON f.flightId = b.flightId
        JOIN package p ON p.packageId = b.packageId
        LEFT JOIN agent a ON b.accountType = 'Agent' AND b.accountId = a.accountId
        LEFT JOIN company c ON a.companyId = c.companyId
        LEFT JOIN client cl ON b.accountType = 'Client' AND b.accountId = cl.accountId
        LEFT JOIN company cc ON cl.companyId = cc.companyId
        LEFT JOIN payment pa ON pa.transactNo = b.transactNo AND pa.paymentStatus = 'Approved'
        LEFT JOIN request r ON r.transactNo = b.transactNo AND r.requestStatus = 'Confirmed'
        
        GROUP BY b.transactNo, f.flightDepartureDate, f.returnDepartureDate, b.status, 
                 p.packageName, b.bookingDate, b.pax, b.totalPrice, a.lName, a.fName, a.mName, br.branchName
        ORDER BY CAST(SUBSTRING_INDEX(b.transactNo, '-', -1) AS UNSIGNED)
[2025-08-12 07:06:36] Total records fetched: 98
[2025-08-12 07:06:42] WHERE clause: 
[2025-08-12 07:06:42] SQL Query: SELECT b.transactNo, DATE_FORMAT(f.flightDepartureDate, '%Y.%m.%d') AS departureDate, f.returnDepartureDate AS returnDate, 
        b.status AS bookingStatus, CONCAT(f.flightDepartureDate, ' | ', f.returnDepartureDate) AS FlightDate, 
        p.packageName AS PackageName, b.bookingDate, b.pax AS TotalPax,  
        b.totalPrice AS PackagePrice, br.branchName as branchName, COALESCE(SUM(pa.amount), 0) AS TotalAmountPaid,
        CONCAT(a.lName, ', ', a.fName, ' ', IFNULL(CONCAT(SUBSTRING(a.mName, 1, 1), '.'), '')) AS agentName,
        COALESCE(SUM(r.requestCost), 0) AS TotalRequestAmount
        FROM booking b
        JOIN branch br ON b.agentCode = br.branchAgentCode
        JOIN flight f ON f.flightId = b.flightId
        JOIN package p ON p.packageId = b.packageId
        LEFT JOIN agent a ON b.accountType = 'Agent' AND b.accountId = a.accountId
        LEFT JOIN company c ON a.companyId = c.companyId
        LEFT JOIN client cl ON b.accountType = 'Client' AND b.accountId = cl.accountId
        LEFT JOIN company cc ON cl.companyId = cc.companyId
        LEFT JOIN payment pa ON pa.transactNo = b.transactNo AND pa.paymentStatus = 'Approved'
        LEFT JOIN request r ON r.transactNo = b.transactNo AND r.requestStatus = 'Confirmed'
        
        GROUP BY b.transactNo, f.flightDepartureDate, f.returnDepartureDate, b.status, 
                 p.packageName, b.bookingDate, b.pax, b.totalPrice, a.lName, a.fName, a.mName, br.branchName
        ORDER BY CAST(SUBSTRING_INDEX(b.transactNo, '-', -1) AS UNSIGNED)
[2025-08-12 07:06:42] WHERE clause: 
[2025-08-12 07:06:42] SQL Query: SELECT b.transactNo, DATE_FORMAT(f.flightDepartureDate, '%Y.%m.%d') AS departureDate, f.returnDepartureDate AS returnDate, 
        b.status AS bookingStatus, CONCAT(f.flightDepartureDate, ' | ', f.returnDepartureDate) AS FlightDate, 
        p.packageName AS PackageName, b.bookingDate, b.pax AS TotalPax,  
        b.totalPrice AS PackagePrice, br.branchName as branchName, COALESCE(SUM(pa.amount), 0) AS TotalAmountPaid,
        CONCAT(a.lName, ', ', a.fName, ' ', IFNULL(CONCAT(SUBSTRING(a.mName, 1, 1), '.'), '')) AS agentName,
        COALESCE(SUM(r.requestCost), 0) AS TotalRequestAmount
        FROM booking b
        JOIN branch br ON b.agentCode = br.branchAgentCode
        JOIN flight f ON f.flightId = b.flightId
        JOIN package p ON p.packageId = b.packageId
        LEFT JOIN agent a ON b.accountType = 'Agent' AND b.accountId = a.accountId
        LEFT JOIN company c ON a.companyId = c.companyId
        LEFT JOIN client cl ON b.accountType = 'Client' AND b.accountId = cl.accountId
        LEFT JOIN company cc ON cl.companyId = cc.companyId
        LEFT JOIN payment pa ON pa.transactNo = b.transactNo AND pa.paymentStatus = 'Approved'
        LEFT JOIN request r ON r.transactNo = b.transactNo AND r.requestStatus = 'Confirmed'
        
        GROUP BY b.transactNo, f.flightDepartureDate, f.returnDepartureDate, b.status, 
                 p.packageName, b.bookingDate, b.pax, b.totalPrice, a.lName, a.fName, a.mName, br.branchName
        ORDER BY CAST(SUBSTRING_INDEX(b.transactNo, '-', -1) AS UNSIGNED)
[2025-08-12 07:06:42] Total records fetched: 98
[2025-08-12 07:06:42] Total records fetched: 98
[2025-08-12 07:06:47] WHERE clause: 
[2025-08-12 07:06:47] SQL Query: SELECT b.transactNo, DATE_FORMAT(f.flightDepartureDate, '%Y.%m.%d') AS departureDate, f.returnDepartureDate AS returnDate, 
        b.status AS bookingStatus, CONCAT(f.flightDepartureDate, ' | ', f.returnDepartureDate) AS FlightDate, 
        p.packageName AS PackageName, b.bookingDate, b.pax AS TotalPax,  
        b.totalPrice AS PackagePrice, br.branchName as branchName, COALESCE(SUM(pa.amount), 0) AS TotalAmountPaid,
        CONCAT(a.lName, ', ', a.fName, ' ', IFNULL(CONCAT(SUBSTRING(a.mName, 1, 1), '.'), '')) AS agentName,
        COALESCE(SUM(r.requestCost), 0) AS TotalRequestAmount
        FROM booking b
        JOIN branch br ON b.agentCode = br.branchAgentCode
        JOIN flight f ON f.flightId = b.flightId
        JOIN package p ON p.packageId = b.packageId
        LEFT JOIN agent a ON b.accountType = 'Agent' AND b.accountId = a.accountId
        LEFT JOIN company c ON a.companyId = c.companyId
        LEFT JOIN client cl ON b.accountType = 'Client' AND b.accountId = cl.accountId
        LEFT JOIN company cc ON cl.companyId = cc.companyId
        LEFT JOIN payment pa ON pa.transactNo = b.transactNo AND pa.paymentStatus = 'Approved'
        LEFT JOIN request r ON r.transactNo = b.transactNo AND r.requestStatus = 'Confirmed'
        
        GROUP BY b.transactNo, f.flightDepartureDate, f.returnDepartureDate, b.status, 
                 p.packageName, b.bookingDate, b.pax, b.totalPrice, a.lName, a.fName, a.mName, br.branchName
        ORDER BY CAST(SUBSTRING_INDEX(b.transactNo, '-', -1) AS UNSIGNED)
[2025-08-12 07:06:47] WHERE clause: 
[2025-08-12 07:06:47] SQL Query: SELECT b.transactNo, DATE_FORMAT(f.flightDepartureDate, '%Y.%m.%d') AS departureDate, f.returnDepartureDate AS returnDate, 
        b.status AS bookingStatus, CONCAT(f.flightDepartureDate, ' | ', f.returnDepartureDate) AS FlightDate, 
        p.packageName AS PackageName, b.bookingDate, b.pax AS TotalPax,  
        b.totalPrice AS PackagePrice, br.branchName as branchName, COALESCE(SUM(pa.amount), 0) AS TotalAmountPaid,
        CONCAT(a.lName, ', ', a.fName, ' ', IFNULL(CONCAT(SUBSTRING(a.mName, 1, 1), '.'), '')) AS agentName,
        COALESCE(SUM(r.requestCost), 0) AS TotalRequestAmount
        FROM booking b
        JOIN branch br ON b.agentCode = br.branchAgentCode
        JOIN flight f ON f.flightId = b.flightId
        JOIN package p ON p.packageId = b.packageId
        LEFT JOIN agent a ON b.accountType = 'Agent' AND b.accountId = a.accountId
        LEFT JOIN company c ON a.companyId = c.companyId
        LEFT JOIN client cl ON b.accountType = 'Client' AND b.accountId = cl.accountId
        LEFT JOIN company cc ON cl.companyId = cc.companyId
        LEFT JOIN payment pa ON pa.transactNo = b.transactNo AND pa.paymentStatus = 'Approved'
        LEFT JOIN request r ON r.transactNo = b.transactNo AND r.requestStatus = 'Confirmed'
        
        GROUP BY b.transactNo, f.flightDepartureDate, f.returnDepartureDate, b.status, 
                 p.packageName, b.bookingDate, b.pax, b.totalPrice, a.lName, a.fName, a.mName, br.branchName
        ORDER BY CAST(SUBSTRING_INDEX(b.transactNo, '-', -1) AS UNSIGNED)
[2025-08-12 07:06:47] Total records fetched: 98
[2025-08-12 07:06:47] Total records fetched: 98
[2025-08-12 07:06:53] WHERE clause: 
[2025-08-12 07:06:53] SQL Query: SELECT b.transactNo, DATE_FORMAT(f.flightDepartureDate, '%Y.%m.%d') AS departureDate, f.returnDepartureDate AS returnDate, 
        b.status AS bookingStatus, CONCAT(f.flightDepartureDate, ' | ', f.returnDepartureDate) AS FlightDate, 
        p.packageName AS PackageName, b.bookingDate, b.pax AS TotalPax,  
        b.totalPrice AS PackagePrice, br.branchName as branchName, COALESCE(SUM(pa.amount), 0) AS TotalAmountPaid,
        CONCAT(a.lName, ', ', a.fName, ' ', IFNULL(CONCAT(SUBSTRING(a.mName, 1, 1), '.'), '')) AS agentName,
        COALESCE(SUM(r.requestCost), 0) AS TotalRequestAmount
        FROM booking b
        JOIN branch br ON b.agentCode = br.branchAgentCode
        JOIN flight f ON f.flightId = b.flightId
        JOIN package p ON p.packageId = b.packageId
        LEFT JOIN agent a ON b.accountType = 'Agent' AND b.accountId = a.accountId
        LEFT JOIN company c ON a.companyId = c.companyId
        LEFT JOIN client cl ON b.accountType = 'Client' AND b.accountId = cl.accountId
        LEFT JOIN company cc ON cl.companyId = cc.companyId
        LEFT JOIN payment pa ON pa.transactNo = b.transactNo AND pa.paymentStatus = 'Approved'
        LEFT JOIN request r ON r.transactNo = b.transactNo AND r.requestStatus = 'Confirmed'
        
        GROUP BY b.transactNo, f.flightDepartureDate, f.returnDepartureDate, b.status, 
                 p.packageName, b.bookingDate, b.pax, b.totalPrice, a.lName, a.fName, a.mName, br.branchName
        ORDER BY CAST(SUBSTRING_INDEX(b.transactNo, '-', -1) AS UNSIGNED)
[2025-08-12 07:06:53] WHERE clause: 
[2025-08-12 07:06:53] SQL Query: SELECT b.transactNo, DATE_FORMAT(f.flightDepartureDate, '%Y.%m.%d') AS departureDate, f.returnDepartureDate AS returnDate, 
        b.status AS bookingStatus, CONCAT(f.flightDepartureDate, ' | ', f.returnDepartureDate) AS FlightDate, 
        p.packageName AS PackageName, b.bookingDate, b.pax AS TotalPax,  
        b.totalPrice AS PackagePrice, br.branchName as branchName, COALESCE(SUM(pa.amount), 0) AS TotalAmountPaid,
        CONCAT(a.lName, ', ', a.fName, ' ', IFNULL(CONCAT(SUBSTRING(a.mName, 1, 1), '.'), '')) AS agentName,
        COALESCE(SUM(r.requestCost), 0) AS TotalRequestAmount
        FROM booking b
        JOIN branch br ON b.agentCode = br.branchAgentCode
        JOIN flight f ON f.flightId = b.flightId
        JOIN package p ON p.packageId = b.packageId
        LEFT JOIN agent a ON b.accountType = 'Agent' AND b.accountId = a.accountId
        LEFT JOIN company c ON a.companyId = c.companyId
        LEFT JOIN client cl ON b.accountType = 'Client' AND b.accountId = cl.accountId
        LEFT JOIN company cc ON cl.companyId = cc.companyId
        LEFT JOIN payment pa ON pa.transactNo = b.transactNo AND pa.paymentStatus = 'Approved'
        LEFT JOIN request r ON r.transactNo = b.transactNo AND r.requestStatus = 'Confirmed'
        
        GROUP BY b.transactNo, f.flightDepartureDate, f.returnDepartureDate, b.status, 
                 p.packageName, b.bookingDate, b.pax, b.totalPrice, a.lName, a.fName, a.mName, br.branchName
        ORDER BY CAST(SUBSTRING_INDEX(b.transactNo, '-', -1) AS UNSIGNED)
[2025-08-12 07:06:53] Total records fetched: 98
[2025-08-12 07:06:53] Total records fetched: 98
[2025-08-12 07:06:58] WHERE clause: 
[2025-08-12 07:06:58] SQL Query: SELECT b.transactNo, DATE_FORMAT(f.flightDepartureDate, '%Y.%m.%d') AS departureDate, f.returnDepartureDate AS returnDate, 
        b.status AS bookingStatus, CONCAT(f.flightDepartureDate, ' | ', f.returnDepartureDate) AS FlightDate, 
        p.packageName AS PackageName, b.bookingDate, b.pax AS TotalPax,  
        b.totalPrice AS PackagePrice, br.branchName as branchName, COALESCE(SUM(pa.amount), 0) AS TotalAmountPaid,
        CONCAT(a.lName, ', ', a.fName, ' ', IFNULL(CONCAT(SUBSTRING(a.mName, 1, 1), '.'), '')) AS agentName,
        COALESCE(SUM(r.requestCost), 0) AS TotalRequestAmount
        FROM booking b
        JOIN branch br ON b.agentCode = br.branchAgentCode
        JOIN flight f ON f.flightId = b.flightId
        JOIN package p ON p.packageId = b.packageId
        LEFT JOIN agent a ON b.accountType = 'Agent' AND b.accountId = a.accountId
        LEFT JOIN company c ON a.companyId = c.companyId
        LEFT JOIN client cl ON b.accountType = 'Client' AND b.accountId = cl.accountId
        LEFT JOIN company cc ON cl.companyId = cc.companyId
        LEFT JOIN payment pa ON pa.transactNo = b.transactNo AND pa.paymentStatus = 'Approved'
        LEFT JOIN request r ON r.transactNo = b.transactNo AND r.requestStatus = 'Confirmed'
        
        GROUP BY b.transactNo, f.flightDepartureDate, f.returnDepartureDate, b.status, 
                 p.packageName, b.bookingDate, b.pax, b.totalPrice, a.lName, a.fName, a.mName, br.branchName
        ORDER BY CAST(SUBSTRING_INDEX(b.transactNo, '-', -1) AS UNSIGNED)
[2025-08-12 07:06:58] WHERE clause: 
[2025-08-12 07:06:58] SQL Query: SELECT b.transactNo, DATE_FORMAT(f.flightDepartureDate, '%Y.%m.%d') AS departureDate, f.returnDepartureDate AS returnDate, 
        b.status AS bookingStatus, CONCAT(f.flightDepartureDate, ' | ', f.returnDepartureDate) AS FlightDate, 
        p.packageName AS PackageName, b.bookingDate, b.pax AS TotalPax,  
        b.totalPrice AS PackagePrice, br.branchName as branchName, COALESCE(SUM(pa.amount), 0) AS TotalAmountPaid,
        CONCAT(a.lName, ', ', a.fName, ' ', IFNULL(CONCAT(SUBSTRING(a.mName, 1, 1), '.'), '')) AS agentName,
        COALESCE(SUM(r.requestCost), 0) AS TotalRequestAmount
        FROM booking b
        JOIN branch br ON b.agentCode = br.branchAgentCode
        JOIN flight f ON f.flightId = b.flightId
        JOIN package p ON p.packageId = b.packageId
        LEFT JOIN agent a ON b.accountType = 'Agent' AND b.accountId = a.accountId
        LEFT JOIN company c ON a.companyId = c.companyId
        LEFT JOIN client cl ON b.accountType = 'Client' AND b.accountId = cl.accountId
        LEFT JOIN company cc ON cl.companyId = cc.companyId
        LEFT JOIN payment pa ON pa.transactNo = b.transactNo AND pa.paymentStatus = 'Approved'
        LEFT JOIN request r ON r.transactNo = b.transactNo AND r.requestStatus = 'Confirmed'
        
        GROUP BY b.transactNo, f.flightDepartureDate, f.returnDepartureDate, b.status, 
                 p.packageName, b.bookingDate, b.pax, b.totalPrice, a.lName, a.fName, a.mName, br.branchName
        ORDER BY CAST(SUBSTRING_INDEX(b.transactNo, '-', -1) AS UNSIGNED)
[2025-08-12 07:06:58] Total records fetched: 98
[2025-08-12 07:06:58] Total records fetched: 98
[2025-08-12 07:07:02] WHERE clause: 
[2025-08-12 07:07:02] WHERE clause: 
CT b.transactNo, DATE_FORMAT(f.flightDepartureDate, '%Y.%m.%d') AS departureDate, f.returnDepartureDate AS returnDate, 
        b.status AS bookingStatus, CONCAT(f.flightDepartureDate, ' | ', f.returnDepartureDate) AS FlightDate, 
        p.packageName AS PackageName, b.bookingDate, b.pax AS TotalPax,  
        b.totalPrice AS PackagePrice, br.branchName as branchName, COALESCE(SUM(pa.amount), 0) AS TotalAmountPaid,
        CONCAT(a.lName, ', ', a.fName, ' ', IFNULL(CONCAT(SUBSTRING(a.mName, 1, 1), '.'), '')) AS agentName,
        COALESCE(SUM(r.requestCost), 0) AS TotalRequestAmount
        FROM booking b
        JOIN branch br ON b.agentCode = br.branchAgentCode
        JOIN flight f ON f.flightId = b.flightId
        JOIN package p ON p.packageId = b.packageId
        LEFT JOIN agent a ON b.accountType = 'Agent' AND b.accountId = a.accountId
        LEFT JOIN company c ON a.companyId = c.companyId
        LEFT JOIN client cl ON b.accountType = 'Client' AND b.accountId = cl.accountId
        LEFT JOIN company cc ON cl.companyId = cc.companyId
        LEFT JOIN payment pa ON pa.transactNo = b.transactNo AND pa.paymentStatus = 'Approved'
        LEFT JOIN request r ON r.transactNo = b.transactNo AND r.requestStatus = 'Confirmed'
        
        GROUP BY b.transactNo, f.flightDepartureDate, f.returnDepartureDate, b.status, 
                 p.packageName, b.bookingDate, b.pax, b.totalPrice, a.lName, a.fName, a.mName, br.branchName
        ORDER BY CAST(SUBSTRING_INDEX(b.transactNo, '-', -1) AS UNSIGNED)
[2025-08-12 07:07:02] SQL Query: SELECT b.transactNo, DATE_FORMAT(f.flightDepartureDate, '%Y.%m.%d') AS departureDate, f.returnDepartureDate AS returnDate, 
        b.status AS bookingStatus, CONCAT(f.flightDepartureDate, ' | ', f.returnDepartureDate) AS FlightDate, 
        p.packageName AS PackageName, b.bookingDate, b.pax AS TotalPax,  
        b.totalPrice AS PackagePrice, br.branchName as branchName, COALESCE(SUM(pa.amount), 0) AS TotalAmountPaid,
        CONCAT(a.lName, ', ', a.fName, ' ', IFNULL(CONCAT(SUBSTRING(a.mName, 1, 1), '.'), '')) AS agentName,
        COALESCE(SUM(r.requestCost), 0) AS TotalRequestAmount
        FROM booking b
        JOIN branch br ON b.agentCode = br.branchAgentCode
        JOIN flight f ON f.flightId = b.flightId
        JOIN package p ON p.packageId = b.packageId
        LEFT JOIN agent a ON b.accountType = 'Agent' AND b.accountId = a.accountId
        LEFT JOIN company c ON a.companyId = c.companyId
        LEFT JOIN client cl ON b.accountType = 'Client' AND b.accountId = cl.accountId
        LEFT JOIN company cc ON cl.companyId = cc.companyId
        LEFT JOIN payment pa ON pa.transactNo = b.transactNo AND pa.paymentStatus = 'Approved'
        LEFT JOIN request r ON r.transactNo = b.transactNo AND r.requestStatus = 'Confirmed'
        
        GROUP BY b.transactNo, f.flightDepartureDate, f.returnDepartureDate, b.status, 
                 p.packageName, b.bookingDate, b.pax, b.totalPrice, a.lName, a.fName, a.mName, br.branchName
        ORDER BY CAST(SUBSTRING_INDEX(b.transactNo, '-', -1) AS UNSIGNED)
[2025-08-12 07:07:02] Total records fetched: 98
[2025-08-12 07:07:07] WHERE clause: 
[2025-08-12 07:07:07] SQL Query: SELECT b.transactNo, DATE_FORMAT(f.flightDepartureDate, '%Y.%m.%d') AS departureDate, f.returnDepartureDate AS returnDate, 
        b.status AS bookingStatus, CONCAT(f.flightDepartureDate, ' | ', f.returnDepartureDate) AS FlightDate, 
        p.packageName AS PackageName, b.bookingDate, b.pax AS TotalPax,  
        b.totalPrice AS PackagePrice, br.branchName as branchName, COALESCE(SUM(pa.amount), 0) AS TotalAmountPaid,
        CONCAT(a.lName, ', ', a.fName, ' ', IFNULL(CONCAT(SUBSTRING(a.mName, 1, 1), '.'), '')) AS agentName,
        COALESCE(SUM(r.requestCost), 0) AS TotalRequestAmount
        FROM booking b
        JOIN branch br ON b.agentCode = br.branchAgentCode
        JOIN flight f ON f.flightId = b.flightId
        JOIN package p ON p.packageId = b.packageId
        LEFT JOIN agent a ON b.accountType = 'Agent' AND b.accountId = a.accountId
        LEFT JOIN company c ON a.companyId = c.companyId
        LEFT JOIN client cl ON b.accountType = 'Client' AND b.accountId = cl.accountId
        LEFT JOIN company cc ON cl.companyId = cc.companyId
        LEFT JOIN payment pa ON pa.transactNo = b.transactNo AND pa.paymentStatus = 'Approved'
        LEFT JOIN request r ON r.transactNo = b.transactNo AND r.requestStatus = 'Confirmed'
        
        GROUP BY b.transactNo, f.flightDepartureDate, f.returnDepartureDate, b.status, 
                 p.packageName, b.bookingDate, b.pax, b.totalPrice, a.lName, a.fName, a.mName, br.branchName
        ORDER BY CAST(SUBSTRING_INDEX(b.transactNo, '-', -1) AS UNSIGNED)
[2025-08-12 07:07:07] WHERE clause: 
[2025-08-12 07:07:07] SQL Query: SELECT b.transactNo, DATE_FORMAT(f.flightDepartureDate, '%Y.%m.%d') AS departureDate, f.returnDepartureDate AS returnDate, 
        b.status AS bookingStatus, CONCAT(f.flightDepartureDate, ' | ', f.returnDepartureDate) AS FlightDate, 
        p.packageName AS PackageName, b.bookingDate, b.pax AS TotalPax,  
        b.totalPrice AS PackagePrice, br.branchName as branchName, COALESCE(SUM(pa.amount), 0) AS TotalAmountPaid,
        CONCAT(a.lName, ', ', a.fName, ' ', IFNULL(CONCAT(SUBSTRING(a.mName, 1, 1), '.'), '')) AS agentName,
        COALESCE(SUM(r.requestCost), 0) AS TotalRequestAmount
        FROM booking b
        JOIN branch br ON b.agentCode = br.branchAgentCode
        JOIN flight f ON f.flightId = b.flightId
        JOIN package p ON p.packageId = b.packageId
        LEFT JOIN agent a ON b.accountType = 'Agent' AND b.accountId = a.accountId
        LEFT JOIN company c ON a.companyId = c.companyId
        LEFT JOIN client cl ON b.accountType = 'Client' AND b.accountId = cl.accountId
        LEFT JOIN company cc ON cl.companyId = cc.companyId
        LEFT JOIN payment pa ON pa.transactNo = b.transactNo AND pa.paymentStatus = 'Approved'
        LEFT JOIN request r ON r.transactNo = b.transactNo AND r.requestStatus = 'Confirmed'
        
        GROUP BY b.transactNo, f.flightDepartureDate, f.returnDepartureDate, b.status, 
                 p.packageName, b.bookingDate, b.pax, b.totalPrice, a.lName, a.fName, a.mName, br.branchName
        ORDER BY CAST(SUBSTRING_INDEX(b.transactNo, '-', -1) AS UNSIGNED)
[2025-08-12 07:07:07] Total records fetched: 98
[2025-08-12 07:07:07] Total records fetched: 98
[2025-08-12 07:07:58] WHERE clause: 
[2025-08-12 07:07:58] SQL Query: SELECT b.transactNo, DATE_FORMAT(f.flightDepartureDate, '%Y.%m.%d') AS departureDate, f.returnDepartureDate AS returnDate, 
        b.status AS bookingStatus, CONCAT(f.flightDepartureDate, ' | ', f.returnDepartureDate) AS FlightDate, 
        p.packageName AS PackageName, b.bookingDate, b.pax AS TotalPax,  
        b.totalPrice AS PackagePrice, br.branchName as branchName, COALESCE(SUM(pa.amount), 0) AS TotalAmountPaid,
        CONCAT(a.lName, ', ', a.fName, ' ', IFNULL(CONCAT(SUBSTRING(a.mName, 1, 1), '.'), '')) AS agentName,
        COALESCE(SUM(r.requestCost), 0) AS TotalRequestAmount
        FROM booking b
        JOIN branch br ON b.agentCode = br.branchAgentCode
        JOIN flight f ON f.flightId = b.flightId
        JOIN package p ON p.packageId = b.packageId
        LEFT JOIN agent a ON b.accountType = 'Agent' AND b.accountId = a.accountId
        LEFT JOIN company c ON a.companyId = c.companyId
        LEFT JOIN client cl ON b.accountType = 'Client' AND b.accountId = cl.accountId
        LEFT JOIN company cc ON cl.companyId = cc.companyId
        LEFT JOIN payment pa ON pa.transactNo = b.transactNo AND pa.paymentStatus = 'Approved'
        LEFT JOIN request r ON r.transactNo = b.transactNo AND r.requestStatus = 'Confirmed'
        
        GROUP BY b.transactNo, f.flightDepartureDate, f.returnDepartureDate, b.status, 
                 p.packageName, b.bookingDate, b.pax, b.totalPrice, a.lName, a.fName, a.mName, br.branchName
        ORDER BY CAST(SUBSTRING_INDEX(b.transactNo, '-', -1) AS UNSIGNED)
[2025-08-12 07:07:58] Total records fetched: 98
[2025-08-12 07:07:58] WHERE clause: 
[2025-08-12 07:07:58] SQL Query: SELECT b.transactNo, DATE_FORMAT(f.flightDepartureDate, '%Y.%m.%d') AS departureDate, f.returnDepartureDate AS returnDate, 
        b.status AS bookingStatus, CONCAT(f.flightDepartureDate, ' | ', f.returnDepartureDate) AS FlightDate, 
        p.packageName AS PackageName, b.bookingDate, b.pax AS TotalPax,  
        b.totalPrice AS PackagePrice, br.branchName as branchName, COALESCE(SUM(pa.amount), 0) AS TotalAmountPaid,
        CONCAT(a.lName, ', ', a.fName, ' ', IFNULL(CONCAT(SUBSTRING(a.mName, 1, 1), '.'), '')) AS agentName,
        COALESCE(SUM(r.requestCost), 0) AS TotalRequestAmount
        FROM booking b
        JOIN branch br ON b.agentCode = br.branchAgentCode
        JOIN flight f ON f.flightId = b.flightId
        JOIN package p ON p.packageId = b.packageId
        LEFT JOIN agent a ON b.accountType = 'Agent' AND b.accountId = a.accountId
        LEFT JOIN company c ON a.companyId = c.companyId
        LEFT JOIN client cl ON b.accountType = 'Client' AND b.accountId = cl.accountId
        LEFT JOIN company cc ON cl.companyId = cc.companyId
        LEFT JOIN payment pa ON pa.transactNo = b.transactNo AND pa.paymentStatus = 'Approved'
        LEFT JOIN request r ON r.transactNo = b.transactNo AND r.requestStatus = 'Confirmed'
        
        GROUP BY b.transactNo, f.flightDepartureDate, f.returnDepartureDate, b.status, 
                 p.packageName, b.bookingDate, b.pax, b.totalPrice, a.lName, a.fName, a.mName, br.branchName
        ORDER BY CAST(SUBSTRING_INDEX(b.transactNo, '-', -1) AS UNSIGNED)
[2025-08-12 07:07:58] Total records fetched: 98
[2025-08-12 07:09:00] WHERE clause: 
[2025-08-12 07:09:00] WHERE clause: 
[2025-08-12 07:09:00] SQL Query: SELECT b.transactNo, DATE_FORMAT(f.flightDepartureDate, '%Y.%m.%d') AS departureDate, f.returnDepartureDate AS returnDate, 
        b.status AS bookingStatus, CONCAT(f.flightDepartureDate, ' | ', f.returnDepartureDate) AS FlightDate, 
        p.packageName AS PackageName, b.bookingDate, b.pax AS TotalPax,  
        b.totalPrice AS PackagePrice, br.branchName as branchName, COALESCE(SUM(pa.amount), 0) AS TotalAmountPaid,
        CONCAT(a.lName, ', ', a.fName, ' ', IFNULL(CONCAT(SUBSTRING(a.mName, 1, 1), '.'), '')) AS agentName,
        COALESCE(SUM(r.requestCost), 0) AS TotalRequestAmount
        FROM booking b
        JOIN branch br ON b.agentCode = br.branchAgentCode
        JOIN flight f ON f.flightId = b.flightId
        JOIN package p ON p.packageId = b.packageId
        LEFT JOIN agent a ON b.accountType = 'Agent' AND b.accountId = a.accountId
        LEFT JOIN company c ON a.companyId = c.companyId
        LEFT JOIN client cl ON b.accountType = 'Client' AND b.accountId = cl.accountId
        LEFT JOIN company cc ON cl.companyId = cc.companyId
        LEFT JOIN payment pa ON pa.transactNo = b.transactNo AND pa.paymentStatus = 'Approved'
        LEFT JOIN request r ON r.transactNo = b.transactNo AND r.requestStatus = 'Confirmed'
        
        GROUP BY b.transactNo, f.flightDepartureDate, f.returnDepartureDate, b.status, 
                 p.packageName, b.bookingDate, b.pax, b.totalPrice, a.lName, a.fName, a.mName, br.branchName
        ORDER BY CAST(SUBSTRING_INDEX(b.transactNo, '-', -1) AS UNSIGNED)
[2025-08-12 07:09:00] SQL Query: SELECT b.transactNo, DATE_FORMAT(f.flightDepartureDate, '%Y.%m.%d') AS departureDate, f.returnDepartureDate AS returnDate, 
        b.status AS bookingStatus, CONCAT(f.flightDepartureDate, ' | ', f.returnDepartureDate) AS FlightDate, 
        p.packageName AS PackageName, b.bookingDate, b.pax AS TotalPax,  
        b.totalPrice AS PackagePrice, br.branchName as branchName, COALESCE(SUM(pa.amount), 0) AS TotalAmountPaid,
        CONCAT(a.lName, ', ', a.fName, ' ', IFNULL(CONCAT(SUBSTRING(a.mName, 1, 1), '.'), '')) AS agentName,
        COALESCE(SUM(r.requestCost), 0) AS TotalRequestAmount
        FROM booking b
        JOIN branch br ON b.agentCode = br.branchAgentCode
        JOIN flight f ON f.flightId = b.flightId
        JOIN package p ON p.packageId = b.packageId
        LEFT JOIN agent a ON b.accountType = 'Agent' AND b.accountId = a.accountId
        LEFT JOIN company c ON a.companyId = c.companyId
        LEFT JOIN client cl ON b.accountType = 'Client' AND b.accountId = cl.accountId
        LEFT JOIN company cc ON cl.companyId = cc.companyId
        LEFT JOIN payment pa ON pa.transactNo = b.transactNo AND pa.paymentStatus = 'Approved'
        LEFT JOIN request r ON r.transactNo = b.transactNo AND r.requestStatus = 'Confirmed'
        
        GROUP BY b.transactNo, f.flightDepartureDate, f.returnDepartureDate, b.status, 
                 p.packageName, b.bookingDate, b.pax, b.totalPrice, a.lName, a.fName, a.mName, br.branchName
        ORDER BY CAST(SUBSTRING_INDEX(b.transactNo, '-', -1) AS UNSIGNED)
[2025-08-12 07:09:00] Total records fetched: 98
[2025-08-12 07:09:59] WHERE clause: 
[2025-08-12 07:09:59] SQL Query: SELECT b.transactNo, DATE_FORMAT(f.flightDepartureDate, '%Y.%m.%d') AS departureDate, f.returnDepartureDate AS returnDate, 
        b.status AS bookingStatus, CONCAT(f.flightDepartureDate, ' | ', f.returnDepartureDate) AS FlightDate, 
        p.packageName AS PackageName, b.bookingDate, b.pax AS TotalPax,  
        b.totalPrice AS PackagePrice, br.branchName as branchName, COALESCE(SUM(pa.amount), 0) AS TotalAmountPaid,
        CONCAT(a.lName, ', ', a.fName, ' ', IFNULL(CONCAT(SUBSTRING(a.mName, 1, 1), '.'), '')) AS agentName,
        COALESCE(SUM(r.requestCost), 0) AS TotalRequestAmount
        FROM booking b
        JOIN branch br ON b.agentCode = br.branchAgentCode
        JOIN flight f ON f.flightId = b.flightId
        JOIN package p ON p.packageId = b.packageId
        LEFT JOIN agent a ON b.accountType = 'Agent' AND b.accountId = a.accountId
        LEFT JOIN company c ON a.companyId = c.companyId
        LEFT JOIN client cl ON b.accountType = 'Client' AND b.accountId = cl.accountId
        LEFT JOIN company cc ON cl.companyId = cc.companyId
        LEFT JOIN payment pa ON pa.transactNo = b.transactNo AND pa.paymentStatus = 'Approved'
        LEFT JOIN request r ON r.transactNo = b.transactNo AND r.requestStatus = 'Confirmed'
        
        GROUP BY b.transactNo, f.flightDepartureDate, f.returnDepartureDate, b.status, 
                 p.packageName, b.bookingDate, b.pax, b.totalPrice, a.lName, a.fName, a.mName, br.branchName
        ORDER BY CAST(SUBSTRING_INDEX(b.transactNo, '-', -1) AS UNSIGNED)
[2025-08-12 07:09:59] WHERE clause: 
[2025-08-12 07:09:59] SQL Query: SELECT b.transactNo, DATE_FORMAT(f.flightDepartureDate, '%Y.%m.%d') AS departureDate, f.returnDepartureDate AS returnDate, 
        b.status AS bookingStatus, CONCAT(f.flightDepartureDate, ' | ', f.returnDepartureDate) AS FlightDate, 
        p.packageName AS PackageName, b.bookingDate, b.pax AS TotalPax,  
        b.totalPrice AS PackagePrice, br.branchName as branchName, COALESCE(SUM(pa.amount), 0) AS TotalAmountPaid,
        CONCAT(a.lName, ', ', a.fName, ' ', IFNULL(CONCAT(SUBSTRING(a.mName, 1, 1), '.'), '')) AS agentName,
        COALESCE(SUM(r.requestCost), 0) AS TotalRequestAmount
        FROM booking b
        JOIN branch br ON b.agentCode = br.branchAgentCode
        JOIN flight f ON f.flightId = b.flightId
        JOIN package p ON p.packageId = b.packageId
        LEFT JOIN agent a ON b.accountType = 'Agent' AND b.accountId = a.accountId
        LEFT JOIN company c ON a.companyId = c.companyId
        LEFT JOIN client cl ON b.accountType = 'Client' AND b.accountId = cl.accountId
        LEFT JOIN company cc ON cl.companyId = cc.companyId
        LEFT JOIN payment pa ON pa.transactNo = b.transactNo AND pa.paymentStatus = 'Approved'
        LEFT JOIN request r ON r.transactNo = b.transactNo AND r.requestStatus = 'Confirmed'
        
        GROUP BY b.transactNo, f.flightDepartureDate, f.returnDepartureDate, b.status, 
                 p.packageName, b.bookingDate, b.pax, b.totalPrice, a.lName, a.fName, a.mName, br.branchName
        ORDER BY CAST(SUBSTRING_INDEX(b.transactNo, '-', -1) AS UNSIGNED)
[2025-08-12 07:09:59] Total records fetched: 98
[2025-08-12 07:09:59] Total records fetched: 98
[2025-08-12 07:10:00] WHERE clause: 
[2025-08-12 07:10:00] SQL Query: SELECT b.transactNo, DATE_FORMAT(f.flightDepartureDate, '%Y.%m.%d') AS departureDate, f.returnDepartureDate AS returnDate, 
        b.status AS bookingStatus, CONCAT(f.flightDepartureDate, ' | ', f.returnDepartureDate) AS FlightDate, 
        p.packageName AS PackageName, b.bookingDate, b.pax AS TotalPax,  
        b.totalPrice AS PackagePrice, br.branchName as branchName, COALESCE(SUM(pa.amount), 0) AS TotalAmountPaid,
        CONCAT(a.lName, ', ', a.fName, ' ', IFNULL(CONCAT(SUBSTRING(a.mName, 1, 1), '.'), '')) AS agentName,
        COALESCE(SUM(r.requestCost), 0) AS TotalRequestAmount
        FROM booking b
        JOIN branch br ON b.agentCode = br.branchAgentCode
        JOIN flight f ON f.flightId = b.flightId
        JOIN package p ON p.packageId = b.packageId
        LEFT JOIN agent a ON b.accountType = 'Agent' AND b.accountId = a.accountId
        LEFT JOIN company c ON a.companyId = c.companyId
        LEFT JOIN client cl ON b.accountType = 'Client' AND b.accountId = cl.accountId
        LEFT JOIN company cc ON cl.companyId = cc.companyId
        LEFT JOIN payment pa ON pa.transactNo = b.transactNo AND pa.paymentStatus = 'Approved'
        LEFT JOIN request r ON r.transactNo = b.transactNo AND r.requestStatus = 'Confirmed'
        
        GROUP BY b.transactNo, f.flightDepartureDate, f.returnDepartureDate, b.status, 
                 p.packageName, b.bookingDate, b.pax, b.totalPrice, a.lName, a.fName, a.mName, br.branchName
        ORDER BY CAST(SUBSTRING_INDEX(b.transactNo, '-', -1) AS UNSIGNED)
[2025-08-12 07:10:00] WHERE clause: 
[2025-08-12 07:10:00] SQL Query: SELECT b.transactNo, DATE_FORMAT(f.flightDepartureDate, '%Y.%m.%d') AS departureDate, f.returnDepartureDate AS returnDate, 
        b.status AS bookingStatus, CONCAT(f.flightDepartureDate, ' | ', f.returnDepartureDate) AS FlightDate, 
        p.packageName AS PackageName, b.bookingDate, b.pax AS TotalPax,  
        b.totalPrice AS PackagePrice, br.branchName as branchName, COALESCE(SUM(pa.amount), 0) AS TotalAmountPaid,
        CONCAT(a.lName, ', ', a.fName, ' ', IFNULL(CONCAT(SUBSTRING(a.mName, 1, 1), '.'), '')) AS agentName,
        COALESCE(SUM(r.requestCost), 0) AS TotalRequestAmount
        FROM booking b
        JOIN branch br ON b.agentCode = br.branchAgentCode
        JOIN flight f ON f.flightId = b.flightId
        JOIN package p ON p.packageId = b.packageId
        LEFT JOIN agent a ON b.accountType = 'Agent' AND b.accountId = a.accountId
        LEFT JOIN company c ON a.companyId = c.companyId
        LEFT JOIN client cl ON b.accountType = 'Client' AND b.accountId = cl.accountId
        LEFT JOIN company cc ON cl.companyId = cc.companyId
        LEFT JOIN payment pa ON pa.transactNo = b.transactNo AND pa.paymentStatus = 'Approved'
        LEFT JOIN request r ON r.transactNo = b.transactNo AND r.requestStatus = 'Confirmed'
        
        GROUP BY b.transactNo, f.flightDepartureDate, f.returnDepartureDate, b.status, 
                 p.packageName, b.bookingDate, b.pax, b.totalPrice, a.lName, a.fName, a.mName, br.branchName
        ORDER BY CAST(SUBSTRING_INDEX(b.transactNo, '-', -1) AS UNSIGNED)
[2025-08-12 07:10:00] Total records fetched: 98
[2025-08-12 07:10:00] Total records fetched: 98
[2025-08-12 07:19:34] WHERE clause: 
[2025-08-12 07:19:34] SQL Query: SELECT b.transactNo, DATE_FORMAT(f.flightDepartureDate, '%Y.%m.%d') AS departureDate, f.returnDepartureDate AS returnDate, 
        b.status AS bookingStatus, CONCAT(f.flightDepartureDate, ' | ', f.returnDepartureDate) AS FlightDate, 
        p.packageName AS PackageName, b.bookingDate, b.pax AS TotalPax,  
        b.totalPrice AS PackagePrice, br.branchName as branchName, COALESCE(SUM(pa.amount), 0) AS TotalAmountPaid,
        CONCAT(a.lName, ', ', a.fName, ' ', IFNULL(CONCAT(SUBSTRING(a.mName, 1, 1), '.'), '')) AS agentName,
        COALESCE(SUM(r.requestCost), 0) AS TotalRequestAmount
        FROM booking b
        JOIN branch br ON b.agentCode = br.branchAgentCode
        JOIN flight f ON f.flightId = b.flightId
        JOIN package p ON p.packageId = b.packageId
        LEFT JOIN agent a ON b.accountType = 'Agent' AND b.accountId = a.accountId
        LEFT JOIN company c ON a.companyId = c.companyId
        LEFT JOIN client cl ON b.accountType = 'Client' AND b.accountId = cl.accountId
        LEFT JOIN company cc ON cl.companyId = cc.companyId
        LEFT JOIN payment pa ON pa.transactNo = b.transactNo AND pa.paymentStatus = 'Approved'
        LEFT JOIN request r ON r.transactNo = b.transactNo AND r.requestStatus = 'Confirmed'
        
        GROUP BY b.transactNo, f.flightDepartureDate, f.returnDepartureDate, b.status, 
                 p.packageName, b.bookingDate, b.pax, b.totalPrice, a.lName, a.fName, a.mName, br.branchName
        ORDER BY CAST(SUBSTRING_INDEX(b.transactNo, '-', -1) AS UNSIGNED)
[2025-08-12 07:19:34] Total records fetched: 98
[2025-08-12 07:19:34] WHERE clause: 
[2025-08-12 07:19:34] SQL Query: SELECT b.transactNo, DATE_FORMAT(f.flightDepartureDate, '%Y.%m.%d') AS departureDate, f.returnDepartureDate AS returnDate, 
        b.status AS bookingStatus, CONCAT(f.flightDepartureDate, ' | ', f.returnDepartureDate) AS FlightDate, 
        p.packageName AS PackageName, b.bookingDate, b.pax AS TotalPax,  
        b.totalPrice AS PackagePrice, br.branchName as branchName, COALESCE(SUM(pa.amount), 0) AS TotalAmountPaid,
        CONCAT(a.lName, ', ', a.fName, ' ', IFNULL(CONCAT(SUBSTRING(a.mName, 1, 1), '.'), '')) AS agentName,
        COALESCE(SUM(r.requestCost), 0) AS TotalRequestAmount
        FROM booking b
        JOIN branch br ON b.agentCode = br.branchAgentCode
        JOIN flight f ON f.flightId = b.flightId
        JOIN package p ON p.packageId = b.packageId
        LEFT JOIN agent a ON b.accountType = 'Agent' AND b.accountId = a.accountId
        LEFT JOIN company c ON a.companyId = c.companyId
        LEFT JOIN client cl ON b.accountType = 'Client' AND b.accountId = cl.accountId
        LEFT JOIN company cc ON cl.companyId = cc.companyId
        LEFT JOIN payment pa ON pa.transactNo = b.transactNo AND pa.paymentStatus = 'Approved'
        LEFT JOIN request r ON r.transactNo = b.transactNo AND r.requestStatus = 'Confirmed'
        
        GROUP BY b.transactNo, f.flightDepartureDate, f.returnDepartureDate, b.status, 
                 p.packageName, b.bookingDate, b.pax, b.totalPrice, a.lName, a.fName, a.mName, br.branchName
        ORDER BY CAST(SUBSTRING_INDEX(b.transactNo, '-', -1) AS UNSIGNED)
[2025-08-12 07:19:34] Total records fetched: 98
[2025-08-12 07:19:56] WHERE clause: 
[2025-08-12 07:19:56] SQL Query: SELECT b.transactNo, DATE_FORMAT(f.flightDepartureDate, '%Y.%m.%d') AS departureDate, f.returnDepartureDate AS returnDate, 
        b.status AS bookingStatus, CONCAT(f.flightDepartureDate, ' | ', f.returnDepartureDate) AS FlightDate, 
        p.packageName AS PackageName, b.bookingDate, b.pax AS TotalPax,  
        b.totalPrice AS PackagePrice, br.branchName as branchName, COALESCE(SUM(pa.amount), 0) AS TotalAmountPaid,
        CONCAT(a.lName, ', ', a.fName, ' ', IFNULL(CONCAT(SUBSTRING(a.mName, 1, 1), '.'), '')) AS agentName,
        COALESCE(SUM(r.requestCost), 0) AS TotalRequestAmount
        FROM booking b
        JOIN branch br ON b.agentCode = br.branchAgentCode
        JOIN flight f ON f.flightId = b.flightId
        JOIN package p ON p.packageId = b.packageId
        LEFT JOIN agent a ON b.accountType = 'Agent' AND b.accountId = a.accountId
        LEFT JOIN company c ON a.companyId = c.companyId
        LEFT JOIN client cl ON b.accountType = 'Client' AND b.accountId = cl.accountId
        LEFT JOIN company cc ON cl.companyId = cc.companyId
        LEFT JOIN payment pa ON pa.transactNo = b.transactNo AND pa.paymentStatus = 'Approved'
        LEFT JOIN request r ON r.transactNo = b.transactNo AND r.requestStatus = 'Confirmed'
        
        GROUP BY b.transactNo, f.flightDepartureDate, f.returnDepartureDate, b.status, 
                 p.packageName, b.bookingDate, b.pax, b.totalPrice, a.lName, a.fName, a.mName, br.branchName
        ORDER BY CAST(SUBSTRING_INDEX(b.transactNo, '-', -1) AS UNSIGNED)
[2025-08-12 07:19:56] WHERE clause: 
[2025-08-12 07:19:56] SQL Query: SELECT b.transactNo, DATE_FORMAT(f.flightDepartureDate, '%Y.%m.%d') AS departureDate, f.returnDepartureDate AS returnDate, 
        b.status AS bookingStatus, CONCAT(f.flightDepartureDate, ' | ', f.returnDepartureDate) AS FlightDate, 
        p.packageName AS PackageName, b.bookingDate, b.pax AS TotalPax,  
        b.totalPrice AS PackagePrice, br.branchName as branchName, COALESCE(SUM(pa.amount), 0) AS TotalAmountPaid,
        CONCAT(a.lName, ', ', a.fName, ' ', IFNULL(CONCAT(SUBSTRING(a.mName, 1, 1), '.'), '')) AS agentName,
        COALESCE(SUM(r.requestCost), 0) AS TotalRequestAmount
        FROM booking b
        JOIN branch br ON b.agentCode = br.branchAgentCode
        JOIN flight f ON f.flightId = b.flightId
        JOIN package p ON p.packageId = b.packageId
        LEFT JOIN agent a ON b.accountType = 'Agent' AND b.accountId = a.accountId
        LEFT JOIN company c ON a.companyId = c.companyId
        LEFT JOIN client cl ON b.accountType = 'Client' AND b.accountId = cl.accountId
        LEFT JOIN company cc ON cl.companyId = cc.companyId
        LEFT JOIN payment pa ON pa.transactNo = b.transactNo AND pa.paymentStatus = 'Approved'
        LEFT JOIN request r ON r.transactNo = b.transactNo AND r.requestStatus = 'Confirmed'
        
        GROUP BY b.transactNo, f.flightDepartureDate, f.returnDepartureDate, b.status, 
                 p.packageName, b.bookingDate, b.pax, b.totalPrice, a.lName, a.fName, a.mName, br.branchName
        ORDER BY CAST(SUBSTRING_INDEX(b.transactNo, '-', -1) AS UNSIGNED)
[2025-08-12 07:19:56] Total records fetched: 98
[2025-08-12 07:19:56] Total records fetched: 98
[2025-08-12 07:22:23] WHERE clause: 
[2025-08-12 07:22:23] SQL Query: SELECT b.transactNo, DATE_FORMAT(f.flightDepartureDate, '%Y.%m.%d') AS departureDate, f.returnDepartureDate AS returnDate, 
        b.status AS bookingStatus, CONCAT(f.flightDepartureDate, ' | ', f.returnDepartureDate) AS FlightDate, 
        p.packageName AS PackageName, b.bookingDate, b.pax AS TotalPax,  
        b.totalPrice AS PackagePrice, br.branchName as branchName, COALESCE(SUM(pa.amount), 0) AS TotalAmountPaid,
        CONCAT(a.lName, ', ', a.fName, ' ', IFNULL(CONCAT(SUBSTRING(a.mName, 1, 1), '.'), '')) AS agentName,
        COALESCE(SUM(r.requestCost), 0) AS TotalRequestAmount
        FROM booking b
        JOIN branch br ON b.agentCode = br.branchAgentCode
        JOIN flight f ON f.flightId = b.flightId
        JOIN package p ON p.packageId = b.packageId
        LEFT JOIN agent a ON b.accountType = 'Agent' AND b.accountId = a.accountId
        LEFT JOIN company c ON a.companyId = c.companyId
        LEFT JOIN client cl ON b.accountType = 'Client' AND b.accountId = cl.accountId
        LEFT JOIN company cc ON cl.companyId = cc.companyId
        LEFT JOIN payment pa ON pa.transactNo = b.transactNo AND pa.paymentStatus = 'Approved'
        LEFT JOIN request r ON r.transactNo = b.transactNo AND r.requestStatus = 'Confirmed'
        
        GROUP BY b.transactNo, f.flightDepartureDate, f.returnDepartureDate, b.status, 
                 p.packageName, b.bookingDate, b.pax, b.totalPrice, a.lName, a.fName, a.mName, br.branchName
        ORDER BY CAST(SUBSTRING_INDEX(b.transactNo, '-', -1) AS UNSIGNED)
[2025-08-12 07:22:23] Total records fetched: 98
[2025-08-12 07:22:23] WHERE clause: 
[2025-08-12 07:22:23] SQL Query: SELECT b.transactNo, DATE_FORMAT(f.flightDepartureDate, '%Y.%m.%d') AS departureDate, f.returnDepartureDate AS returnDate, 
        b.status AS bookingStatus, CONCAT(f.flightDepartureDate, ' | ', f.returnDepartureDate) AS FlightDate, 
        p.packageName AS PackageName, b.bookingDate, b.pax AS TotalPax,  
        b.totalPrice AS PackagePrice, br.branchName as branchName, COALESCE(SUM(pa.amount), 0) AS TotalAmountPaid,
        CONCAT(a.lName, ', ', a.fName, ' ', IFNULL(CONCAT(SUBSTRING(a.mName, 1, 1), '.'), '')) AS agentName,
        COALESCE(SUM(r.requestCost), 0) AS TotalRequestAmount
        FROM booking b
        JOIN branch br ON b.agentCode = br.branchAgentCode
        JOIN flight f ON f.flightId = b.flightId
        JOIN package p ON p.packageId = b.packageId
        LEFT JOIN agent a ON b.accountType = 'Agent' AND b.accountId = a.accountId
        LEFT JOIN company c ON a.companyId = c.companyId
        LEFT JOIN client cl ON b.accountType = 'Client' AND b.accountId = cl.accountId
        LEFT JOIN company cc ON cl.companyId = cc.companyId
        LEFT JOIN payment pa ON pa.transactNo = b.transactNo AND pa.paymentStatus = 'Approved'
        LEFT JOIN request r ON r.transactNo = b.transactNo AND r.requestStatus = 'Confirmed'
        
        GROUP BY b.transactNo, f.flightDepartureDate, f.returnDepartureDate, b.status, 
                 p.packageName, b.bookingDate, b.pax, b.totalPrice, a.lName, a.fName, a.mName, br.branchName
        ORDER BY CAST(SUBSTRING_INDEX(b.transactNo, '-', -1) AS UNSIGNED)
[2025-08-12 07:22:23] Total records fetched: 98
[2025-08-12 07:27:58] WHERE clause: 
[2025-08-12 07:27:58] SQL Query: SELECT b.transactNo, DATE_FORMAT(f.flightDepartureDate, '%Y.%m.%d') AS departureDate, f.returnDepartureDate AS returnDate, 
        b.status AS bookingStatus, CONCAT(f.flightDepartureDate, ' | ', f.returnDepartureDate) AS FlightDate, 
        p.packageName AS PackageName, b.bookingDate, b.pax AS TotalPax,  
        b.totalPrice AS PackagePrice, br.branchName as branchName, COALESCE(SUM(pa.amount), 0) AS TotalAmountPaid,
        CONCAT(a.lName, ', ', a.fName, ' ', IFNULL(CONCAT(SUBSTRING(a.mName, 1, 1), '.'), '')) AS agentName,
        COALESCE(SUM(r.requestCost), 0) AS TotalRequestAmount
        FROM booking b
        JOIN branch br ON b.agentCode = br.branchAgentCode
        JOIN flight f ON f.flightId = b.flightId
        JOIN package p ON p.packageId = b.packageId
        LEFT JOIN agent a ON b.accountType = 'Agent' AND b.accountId = a.accountId
        LEFT JOIN company c ON a.companyId = c.companyId
        LEFT JOIN client cl ON b.accountType = 'Client' AND b.accountId = cl.accountId
        LEFT JOIN company cc ON cl.companyId = cc.companyId
        LEFT JOIN payment pa ON pa.transactNo = b.transactNo AND pa.paymentStatus = 'Approved'
        LEFT JOIN request r ON r.transactNo = b.transactNo AND r.requestStatus = 'Confirmed'
        
        GROUP BY b.transactNo, f.flightDepartureDate, f.returnDepartureDate, b.status, 
                 p.packageName, b.bookingDate, b.pax, b.totalPrice, a.lName, a.fName, a.mName, br.branchName
        ORDER BY CAST(SUBSTRING_INDEX(b.transactNo, '-', -1) AS UNSIGNED)
[2025-08-12 07:27:58] Total records fetched: 98
[2025-08-12 07:27:58] WHERE clause: 
[2025-08-12 07:27:58] SQL Query: SELECT b.transactNo, DATE_FORMAT(f.flightDepartureDate, '%Y.%m.%d') AS departureDate, f.returnDepartureDate AS returnDate, 
        b.status AS bookingStatus, CONCAT(f.flightDepartureDate, ' | ', f.returnDepartureDate) AS FlightDate, 
        p.packageName AS PackageName, b.bookingDate, b.pax AS TotalPax,  
        b.totalPrice AS PackagePrice, br.branchName as branchName, COALESCE(SUM(pa.amount), 0) AS TotalAmountPaid,
        CONCAT(a.lName, ', ', a.fName, ' ', IFNULL(CONCAT(SUBSTRING(a.mName, 1, 1), '.'), '')) AS agentName,
        COALESCE(SUM(r.requestCost), 0) AS TotalRequestAmount
        FROM booking b
        JOIN branch br ON b.agentCode = br.branchAgentCode
        JOIN flight f ON f.flightId = b.flightId
        JOIN package p ON p.packageId = b.packageId
        LEFT JOIN agent a ON b.accountType = 'Agent' AND b.accountId = a.accountId
        LEFT JOIN company c ON a.companyId = c.companyId
        LEFT JOIN client cl ON b.accountType = 'Client' AND b.accountId = cl.accountId
        LEFT JOIN company cc ON cl.companyId = cc.companyId
        LEFT JOIN payment pa ON pa.transactNo = b.transactNo AND pa.paymentStatus = 'Approved'
        LEFT JOIN request r ON r.transactNo = b.transactNo AND r.requestStatus = 'Confirmed'
        
        GROUP BY b.transactNo, f.flightDepartureDate, f.returnDepartureDate, b.status, 
                 p.packageName, b.bookingDate, b.pax, b.totalPrice, a.lName, a.fName, a.mName, br.branchName
        ORDER BY CAST(SUBSTRING_INDEX(b.transactNo, '-', -1) AS UNSIGNED)
[2025-08-12 07:27:58] Total records fetched: 98
[2025-08-12 07:28:01] WHERE clause: 
[2025-08-12 07:28:01] SQL Query: SELECT b.transactNo, DATE_FORMAT(f.flightDepartureDate, '%Y.%m.%d') AS departureDate, f.returnDepartureDate AS returnDate, 
        b.status AS bookingStatus, CONCAT(f.flightDepartureDate, ' | ', f.returnDepartureDate) AS FlightDate, 
        p.packageName AS PackageName, b.bookingDate, b.pax AS TotalPax,  
        b.totalPrice AS PackagePrice, br.branchName as branchName, COALESCE(SUM(pa.amount), 0) AS TotalAmountPaid,
        CONCAT(a.lName, ', ', a.fName, ' ', IFNULL(CONCAT(SUBSTRING(a.mName, 1, 1), '.'), '')) AS agentName,
        COALESCE(SUM(r.requestCost), 0) AS TotalRequestAmount
        FROM booking b
        JOIN branch br ON b.agentCode = br.branchAgentCode
        JOIN flight f ON f.flightId = b.flightId
        JOIN package p ON p.packageId = b.packageId
        LEFT JOIN agent a ON b.accountType = 'Agent' AND b.accountId = a.accountId
        LEFT JOIN company c ON a.companyId = c.companyId
        LEFT JOIN client cl ON b.accountType = 'Client' AND b.accountId = cl.accountId
        LEFT JOIN company cc ON cl.companyId = cc.companyId
        LEFT JOIN payment pa ON pa.transactNo = b.transactNo AND pa.paymentStatus = 'Approved'
        LEFT JOIN request r ON r.transactNo = b.transactNo AND r.requestStatus = 'Confirmed'
        
        GROUP BY b.transactNo, f.flightDepartureDate, f.returnDepartureDate, b.status, 
                 p.packageName, b.bookingDate, b.pax, b.totalPrice, a.lName, a.fName, a.mName, br.branchName
        ORDER BY CAST(SUBSTRING_INDEX(b.transactNo, '-', -1) AS UNSIGNED)
[2025-08-12 07:28:01] WHERE clause: 
[2025-08-12 07:28:01] SQL Query: SELECT b.transactNo, DATE_FORMAT(f.flightDepartureDate, '%Y.%m.%d') AS departureDate, f.returnDepartureDate AS returnDate, 
        b.status AS bookingStatus, CONCAT(f.flightDepartureDate, ' | ', f.returnDepartureDate) AS FlightDate, 
        p.packageName AS PackageName, b.bookingDate, b.pax AS TotalPax,  
        b.totalPrice AS PackagePrice, br.branchName as branchName, COALESCE(SUM(pa.amount), 0) AS TotalAmountPaid,
        CONCAT(a.lName, ', ', a.fName, ' ', IFNULL(CONCAT(SUBSTRING(a.mName, 1, 1), '.'), '')) AS agentName,
        COALESCE(SUM(r.requestCost), 0) AS TotalRequestAmount
        FROM booking b
        JOIN branch br ON b.agentCode = br.branchAgentCode
        JOIN flight f ON f.flightId = b.flightId
        JOIN package p ON p.packageId = b.packageId
        LEFT JOIN agent a ON b.accountType = 'Agent' AND b.accountId = a.accountId
        LEFT JOIN company c ON a.companyId = c.companyId
        LEFT JOIN client cl ON b.accountType = 'Client' AND b.accountId = cl.accountId
        LEFT JOIN company cc ON cl.companyId = cc.companyId
        LEFT JOIN payment pa ON pa.transactNo = b.transactNo AND pa.paymentStatus = 'Approved'
        LEFT JOIN request r ON r.transactNo = b.transactNo AND r.requestStatus = 'Confirmed'
        
        GROUP BY b.transactNo, f.flightDepartureDate, f.returnDepartureDate, b.status, 
                 p.packageName, b.bookingDate, b.pax, b.totalPrice, a.lName, a.fName, a.mName, br.branchName
        ORDER BY CAST(SUBSTRING_INDEX(b.transactNo, '-', -1) AS UNSIGNED)
[2025-08-12 07:28:01] Total records fetched: 98
[2025-08-12 07:28:01] Total records fetched: 98
[2025-08-12 07:28:03] WHERE clause: 
[2025-08-12 07:28:03] SQL Query: SELECT b.transactNo, DATE_FORMAT(f.flightDepartureDate, '%Y.%m.%d') AS departureDate, f.returnDepartureDate AS returnDate, 
        b.status AS bookingStatus, CONCAT(f.flightDepartureDate, ' | ', f.returnDepartureDate) AS FlightDate, 
        p.packageName AS PackageName, b.bookingDate, b.pax AS TotalPax,  
        b.totalPrice AS PackagePrice, br.branchName as branchName, COALESCE(SUM(pa.amount), 0) AS TotalAmountPaid,
        CONCAT(a.lName, ', ', a.fName, ' ', IFNULL(CONCAT(SUBSTRING(a.mName, 1, 1), '.'), '')) AS agentName,
        COALESCE(SUM(r.requestCost), 0) AS TotalRequestAmount
        FROM booking b
        JOIN branch br ON b.agentCode = br.branchAgentCode
        JOIN flight f ON f.flightId = b.flightId
        JOIN package p ON p.packageId = b.packageId
        LEFT JOIN agent a ON b.accountType = 'Agent' AND b.accountId = a.accountId
        LEFT JOIN company c ON a.companyId = c.companyId
        LEFT JOIN client cl ON b.accountType = 'Client' AND b.accountId = cl.accountId
        LEFT JOIN company cc ON cl.companyId = cc.companyId
        LEFT JOIN payment pa ON pa.transactNo = b.transactNo AND pa.paymentStatus = 'Approved'
        LEFT JOIN request r ON r.transactNo = b.transactNo AND r.requestStatus = 'Confirmed'
        
        GROUP BY b.transactNo, f.flightDepartureDate, f.returnDepartureDate, b.status, 
                 p.packageName, b.bookingDate, b.pax, b.totalPrice, a.lName, a.fName, a.mName, br.branchName
        ORDER BY CAST(SUBSTRING_INDEX(b.transactNo, '-', -1) AS UNSIGNED)
[2025-08-12 07:28:03] Total records fetched: 98
[2025-08-12 07:28:03] WHERE clause: 
[2025-08-12 07:28:03] SQL Query: SELECT b.transactNo, DATE_FORMAT(f.flightDepartureDate, '%Y.%m.%d') AS departureDate, f.returnDepartureDate AS returnDate, 
        b.status AS bookingStatus, CONCAT(f.flightDepartureDate, ' | ', f.returnDepartureDate) AS FlightDate, 
        p.packageName AS PackageName, b.bookingDate, b.pax AS TotalPax,  
        b.totalPrice AS PackagePrice, br.branchName as branchName, COALESCE(SUM(pa.amount), 0) AS TotalAmountPaid,
        CONCAT(a.lName, ', ', a.fName, ' ', IFNULL(CONCAT(SUBSTRING(a.mName, 1, 1), '.'), '')) AS agentName,
        COALESCE(SUM(r.requestCost), 0) AS TotalRequestAmount
        FROM booking b
        JOIN branch br ON b.agentCode = br.branchAgentCode
        JOIN flight f ON f.flightId = b.flightId
        JOIN package p ON p.packageId = b.packageId
        LEFT JOIN agent a ON b.accountType = 'Agent' AND b.accountId = a.accountId
        LEFT JOIN company c ON a.companyId = c.companyId
        LEFT JOIN client cl ON b.accountType = 'Client' AND b.accountId = cl.accountId
        LEFT JOIN company cc ON cl.companyId = cc.companyId
        LEFT JOIN payment pa ON pa.transactNo = b.transactNo AND pa.paymentStatus = 'Approved'
        LEFT JOIN request r ON r.transactNo = b.transactNo AND r.requestStatus = 'Confirmed'
        
        GROUP BY b.transactNo, f.flightDepartureDate, f.returnDepartureDate, b.status, 
                 p.packageName, b.bookingDate, b.pax, b.totalPrice, a.lName, a.fName, a.mName, br.branchName
        ORDER BY CAST(SUBSTRING_INDEX(b.transactNo, '-', -1) AS UNSIGNED)
[2025-08-12 07:28:03] Total records fetched: 98
[2025-08-12 07:28:06] WHERE clause: 
[2025-08-12 07:28:06] WHERE clause: 
[2025-08-12 07:28:06] SQL Query: SELECT b.transactNo, DATE_FORMAT(f.flightDepartureDate, '%Y.%m.%d') AS departureDate, f.returnDepartureDate AS returnDate, 
        b.status AS bookingStatus, CONCAT(f.flightDepartureDate, ' | ', f.returnDepartureDate) AS FlightDate, 
        p.packageName AS PackageName, b.bookingDate, b.pax AS TotalPax,  
        b.totalPrice AS PackagePrice, br.branchName as branchName, COALESCE(SUM(pa.amount), 0) AS TotalAmountPaid,
        CONCAT(a.lName, ', ', a.fName, ' ', IFNULL(CONCAT(SUBSTRING(a.mName, 1, 1), '.'), '')) AS agentName,
        COALESCE(SUM(r.requestCost), 0) AS TotalRequestAmount
        FROM booking b
        JOIN branch br ON b.agentCode = br.branchAgentCode
        JOIN flight f ON f.flightId = b.flightId
        JOIN package p ON p.packageId = b.packageId
        LEFT JOIN agent a ON b.accountType = 'Agent' AND b.accountId = a.accountId
        LEFT JOIN company c ON a.companyId = c.companyId
        LEFT JOIN client cl ON b.accountType = 'Client' AND b.accountId = cl.accountId
        LEFT JOIN company cc ON cl.companyId = cc.companyId
        LEFT JOIN payment pa ON pa.transactNo = b.transactNo AND pa.paymentStatus = 'Approved'
        LEFT JOIN request r ON r.transactNo = b.transactNo AND r.requestStatus = 'Confirmed'
        
        GROUP BY b.transactNo, f.flightDepartureDate, f.returnDepartureDate, b.status, 
                 p.packageName, b.bookingDate, b.pax, b.totalPrice, a.lName, a.fName, a.mName, br.branchName
        ORDER BY CAST(SUBSTRING_INDEX(b.transactNo, '-', -1) AS UNSIGNED)
[2025-08-12 07:28:06] SQL Query: SELECT b.transactNo, DATE_FORMAT(f.flightDepartureDate, '%Y.%m.%d') AS departureDate, f.returnDepartureDate AS returnDate, 
        b.status AS bookingStatus, CONCAT(f.flightDepartureDate, ' | ', f.returnDepartureDate) AS FlightDate, 
        p.packageName AS PackageName, b.bookingDate, b.pax AS TotalPax,  
        b.totalPrice AS PackagePrice, br.branchName as branchName, COALESCE(SUM(pa.amount), 0) AS TotalAmountPaid,
        CONCAT(a.lName, ', ', a.fName, ' ', IFNULL(CONCAT(SUBSTRING(a.mName, 1, 1), '.'), '')) AS agentName,
        COALESCE(SUM(r.requestCost), 0) AS TotalRequestAmount
        FROM booking b
        JOIN branch br ON b.agentCode = br.branchAgentCode
        JOIN flight f ON f.flightId = b.flightId
        JOIN package p ON p.packageId = b.packageId
        LEFT JOIN agent a ON b.accountType = 'Agent' AND b.accountId = a.accountId
        LEFT JOIN company c ON a.companyId = c.companyId
        LEFT JOIN client cl ON b.accountType = 'Client' AND b.accountId = cl.accountId
        LEFT JOIN company cc ON cl.companyId = cc.companyId
        LEFT JOIN payment pa ON pa.transactNo = b.transactNo AND pa.paymentStatus = 'Approved'
        LEFT JOIN request r ON r.transactNo = b.transactNo AND r.requestStatus = 'Confirmed'
        
        GROUP BY b.transactNo, f.flightDepartureDate, f.returnDepartureDate, b.status, 
                 p.packageName, b.bookingDate, b.pax, b.totalPrice, a.lName, a.fName, a.mName, br.branchName
        ORDER BY CAST(SUBSTRING_INDEX(b.transactNo, '-', -1) AS UNSIGNED)
[2025-08-12 07:28:06] Total records fetched: 98
[2025-08-12 07:31:34] WHERE clause: 
[2025-08-12 07:31:34] SQL Query: SELECT b.transactNo, DATE_FORMAT(f.flightDepartureDate, '%Y.%m.%d') AS departureDate, f.returnDepartureDate AS returnDate, 
        b.status AS bookingStatus, CONCAT(f.flightDepartureDate, ' | ', f.returnDepartureDate) AS FlightDate, 
        p.packageName AS PackageName, b.bookingDate, b.pax AS TotalPax,  
        b.totalPrice AS PackagePrice, br.branchName as branchName, COALESCE(SUM(pa.amount), 0) AS TotalAmountPaid,
        CONCAT(a.lName, ', ', a.fName, ' ', IFNULL(CONCAT(SUBSTRING(a.mName, 1, 1), '.'), '')) AS agentName,
        COALESCE(SUM(r.requestCost), 0) AS TotalRequestAmount
        FROM booking b
        JOIN branch br ON b.agentCode = br.branchAgentCode
        JOIN flight f ON f.flightId = b.flightId
        JOIN package p ON p.packageId = b.packageId
        LEFT JOIN agent a ON b.accountType = 'Agent' AND b.accountId = a.accountId
        LEFT JOIN company c ON a.companyId = c.companyId
        LEFT JOIN client cl ON b.accountType = 'Client' AND b.accountId = cl.accountId
        LEFT JOIN company cc ON cl.companyId = cc.companyId
        LEFT JOIN payment pa ON pa.transactNo = b.transactNo AND pa.paymentStatus = 'Approved'
        LEFT JOIN request r ON r.transactNo = b.transactNo AND r.requestStatus = 'Confirmed'
        
        GROUP BY b.transactNo, f.flightDepartureDate, f.returnDepartureDate, b.status, 
                 p.packageName, b.bookingDate, b.pax, b.totalPrice, a.lName, a.fName, a.mName, br.branchName
        ORDER BY CAST(SUBSTRING_INDEX(b.transactNo, '-', -1) AS UNSIGNED)
[2025-08-12 07:31:34] Total records fetched: 98
[2025-08-12 07:31:34] WHERE clause: 
[2025-08-12 07:31:34] SQL Query: SELECT b.transactNo, DATE_FORMAT(f.flightDepartureDate, '%Y.%m.%d') AS departureDate, f.returnDepartureDate AS returnDate, 
        b.status AS bookingStatus, CONCAT(f.flightDepartureDate, ' | ', f.returnDepartureDate) AS FlightDate, 
        p.packageName AS PackageName, b.bookingDate, b.pax AS TotalPax,  
        b.totalPrice AS PackagePrice, br.branchName as branchName, COALESCE(SUM(pa.amount), 0) AS TotalAmountPaid,
        CONCAT(a.lName, ', ', a.fName, ' ', IFNULL(CONCAT(SUBSTRING(a.mName, 1, 1), '.'), '')) AS agentName,
        COALESCE(SUM(r.requestCost), 0) AS TotalRequestAmount
        FROM booking b
        JOIN branch br ON b.agentCode = br.branchAgentCode
        JOIN flight f ON f.flightId = b.flightId
        JOIN package p ON p.packageId = b.packageId
        LEFT JOIN agent a ON b.accountType = 'Agent' AND b.accountId = a.accountId
        LEFT JOIN company c ON a.companyId = c.companyId
        LEFT JOIN client cl ON b.accountType = 'Client' AND b.accountId = cl.accountId
        LEFT JOIN company cc ON cl.companyId = cc.companyId
        LEFT JOIN payment pa ON pa.transactNo = b.transactNo AND pa.paymentStatus = 'Approved'
        LEFT JOIN request r ON r.transactNo = b.transactNo AND r.requestStatus = 'Confirmed'
        
        GROUP BY b.transactNo, f.flightDepartureDate, f.returnDepartureDate, b.status, 
                 p.packageName, b.bookingDate, b.pax, b.totalPrice, a.lName, a.fName, a.mName, br.branchName
        ORDER BY CAST(SUBSTRING_INDEX(b.transactNo, '-', -1) AS UNSIGNED)
[2025-08-12 07:31:34] Total records fetched: 98
[2025-08-12 07:31:46] WHERE clause: 
[2025-08-12 07:31:46] WHERE clause: 
[2025-08-12 07:31:46] SQL Query: SELECT b.transactNo, DATE_FORMAT(f.flightDepartureDate, '%Y.%m.%d') AS departureDate, f.returnDepartureDate AS returnDate, 
        b.status AS bookingStatus, CONCAT(f.flightDepartureDate, ' | ', f.returnDepartureDate) AS FlightDate, 
        p.packageName AS PackageName, b.bookingDate, b.pax AS TotalPax,  
        b.totalPrice AS PackagePrice, br.branchName as branchName, COALESCE(SUM(pa.amount), 0) AS TotalAmountPaid,
        CONCAT(a.lName, ', ', a.fName, ' ', IFNULL(CONCAT(SUBSTRING(a.mName, 1, 1), '.'), '')) AS agentName,
        COALESCE(SUM(r.requestCost), 0) AS TotalRequestAmount
        FROM booking b
        JOIN branch br ON b.agentCode = br.branchAgentCode
        JOIN flight f ON f.flightId = b.flightId
        JOIN package p ON p.packageId = b.packageId
        LEFT JOIN agent a ON b.accountType = 'Agent' AND b.accountId = a.accountId
        LEFT JOIN company c ON a.companyId = c.companyId
        LEFT JOIN client cl ON b.accountType = 'Client' AND b.accountId = cl.accountId
        LEFT JOIN company cc ON cl.companyId = cc.companyId
        LEFT JOIN payment pa ON pa.transactNo = b.transactNo AND pa.paymentStatus = 'Approved'
        LEFT JOIN request r ON r.transactNo = b.transactNo AND r.requestStatus = 'Confirmed'
        
        GROUP BY b.transactNo, f.flightDepartureDate, f.returnDepartureDate, b.status, 
                 p.packageName, b.bookingDate, b.pax, b.totalPrice, a.lName, a.fName, a.mName, br.branchName
        ORDER BY CAST(SUBSTRING_INDEX(b.transactNo, '-', -1) AS UNSIGNED)
[2025-08-12 07:31:46] Total records fetched: 98
[2025-08-12 07:31:46] Total records fetched: 98
[2025-08-12 07:32:46] WHERE clause: 
[2025-08-12 07:32:46] SQL Query: SELECT b.transactNo, DATE_FORMAT(f.flightDepartureDate, '%Y.%m.%d') AS departureDate, f.returnDepartureDate AS returnDate, 
        b.status AS bookingStatus, CONCAT(f.flightDepartureDate, ' | ', f.returnDepartureDate) AS FlightDate, 
        p.packageName AS PackageName, b.bookingDate, b.pax AS TotalPax,  
        b.totalPrice AS PackagePrice, br.branchName as branchName, COALESCE(SUM(pa.amount), 0) AS TotalAmountPaid,
        CONCAT(a.lName, ', ', a.fName, ' ', IFNULL(CONCAT(SUBSTRING(a.mName, 1, 1), '.'), '')) AS agentName,
        COALESCE(SUM(r.requestCost), 0) AS TotalRequestAmount
        FROM booking b
        JOIN branch br ON b.agentCode = br.branchAgentCode
        JOIN flight f ON f.flightId = b.flightId
        JOIN package p ON p.packageId = b.packageId
        LEFT JOIN agent a ON b.accountType = 'Agent' AND b.accountId = a.accountId
        LEFT JOIN company c ON a.companyId = c.companyId
        LEFT JOIN client cl ON b.accountType = 'Client' AND b.accountId = cl.accountId
        LEFT JOIN company cc ON cl.companyId = cc.companyId
        LEFT JOIN payment pa ON pa.transactNo = b.transactNo AND pa.paymentStatus = 'Approved'
        LEFT JOIN request r ON r.transactNo = b.transactNo AND r.requestStatus = 'Confirmed'
        
        GROUP BY b.transactNo, f.flightDepartureDate, f.returnDepartureDate, b.status, 
                 p.packageName, b.bookingDate, b.pax, b.totalPrice, a.lName, a.fName, a.mName, br.branchName
        ORDER BY CAST(SUBSTRING_INDEX(b.transactNo, '-', -1) AS UNSIGNED)
[2025-08-12 07:32:46] Total records fetched: 98
[2025-08-12 07:32:59] WHERE clause: 
[2025-08-12 07:32:59] SQL Query: SELECT b.transactNo, DATE_FORMAT(f.flightDepartureDate, '%Y.%m.%d') AS departureDate, f.returnDepartureDate AS returnDate, 
        b.status AS bookingStatus, CONCAT(f.flightDepartureDate, ' | ', f.returnDepartureDate) AS FlightDate, 
        p.packageName AS PackageName, b.bookingDate, b.pax AS TotalPax,  
        b.totalPrice AS PackagePrice, br.branchName as branchName, COALESCE(SUM(pa.amount), 0) AS TotalAmountPaid,
        CONCAT(a.lName, ', ', a.fName, ' ', IFNULL(CONCAT(SUBSTRING(a.mName, 1, 1), '.'), '')) AS agentName,
        COALESCE(SUM(r.requestCost), 0) AS TotalRequestAmount
        FROM booking b
        JOIN branch br ON b.agentCode = br.branchAgentCode
        JOIN flight f ON f.flightId = b.flightId
        JOIN package p ON p.packageId = b.packageId
        LEFT JOIN agent a ON b.accountType = 'Agent' AND b.accountId = a.accountId
        LEFT JOIN company c ON a.companyId = c.companyId
        LEFT JOIN client cl ON b.accountType = 'Client' AND b.accountId = cl.accountId
        LEFT JOIN company cc ON cl.companyId = cc.companyId
        LEFT JOIN payment pa ON pa.transactNo = b.transactNo AND pa.paymentStatus = 'Approved'
        LEFT JOIN request r ON r.transactNo = b.transactNo AND r.requestStatus = 'Confirmed'
        
        GROUP BY b.transactNo, f.flightDepartureDate, f.returnDepartureDate, b.status, 
                 p.packageName, b.bookingDate, b.pax, b.totalPrice, a.lName, a.fName, a.mName, br.branchName
        ORDER BY CAST(SUBSTRING_INDEX(b.transactNo, '-', -1) AS UNSIGNED)
[2025-08-12 07:32:59] WHERE clause: 
[2025-08-12 07:32:59] SQL Query: SELECT b.transactNo, DATE_FORMAT(f.flightDepartureDate, '%Y.%m.%d') AS departureDate, f.returnDepartureDate AS returnDate, 
        b.status AS bookingStatus, CONCAT(f.flightDepartureDate, ' | ', f.returnDepartureDate) AS FlightDate, 
        p.packageName AS PackageName, b.bookingDate, b.pax AS TotalPax,  
        b.totalPrice AS PackagePrice, br.branchName as branchName, COALESCE(SUM(pa.amount), 0) AS TotalAmountPaid,
        CONCAT(a.lName, ', ', a.fName, ' ', IFNULL(CONCAT(SUBSTRING(a.mName, 1, 1), '.'), '')) AS agentName,
        COALESCE(SUM(r.requestCost), 0) AS TotalRequestAmount
        FROM booking b
        JOIN branch br ON b.agentCode = br.branchAgentCode
        JOIN flight f ON f.flightId = b.flightId
        JOIN package p ON p.packageId = b.packageId
        LEFT JOIN agent a ON b.accountType = 'Agent' AND b.accountId = a.accountId
        LEFT JOIN company c ON a.companyId = c.companyId
        LEFT JOIN client cl ON b.accountType = 'Client' AND b.accountId = cl.accountId
        LEFT JOIN company cc ON cl.companyId = cc.companyId
        LEFT JOIN payment pa ON pa.transactNo = b.transactNo AND pa.paymentStatus = 'Approved'
        LEFT JOIN request r ON r.transactNo = b.transactNo AND r.requestStatus = 'Confirmed'
        
        GROUP BY b.transactNo, f.flightDepartureDate, f.returnDepartureDate, b.status, 
                 p.packageName, b.bookingDate, b.pax, b.totalPrice, a.lName, a.fName, a.mName, br.branchName
        ORDER BY CAST(SUBSTRING_INDEX(b.transactNo, '-', -1) AS UNSIGNED)
[2025-08-12 07:32:59] Total records fetched: 98
[2025-08-12 07:32:59] Total records fetched: 98
[2025-08-12 07:33:00] WHERE clause: 
[2025-08-12 07:33:00] SQL Query: SELECT b.transactNo, DATE_FORMAT(f.flightDepartureDate, '%Y.%m.%d') AS departureDate, f.returnDepartureDate AS returnDate, 
        b.status AS bookingStatus, CONCAT(f.flightDepartureDate, ' | ', f.returnDepartureDate) AS FlightDate, 
        p.packageName AS PackageName, b.bookingDate, b.pax AS TotalPax,  
        b.totalPrice AS PackagePrice, br.branchName as branchName, COALESCE(SUM(pa.amount), 0) AS TotalAmountPaid,
        CONCAT(a.lName, ', ', a.fName, ' ', IFNULL(CONCAT(SUBSTRING(a.mName, 1, 1), '.'), '')) AS agentName,
        COALESCE(SUM(r.requestCost), 0) AS TotalRequestAmount
        FROM booking b
        JOIN branch br ON b.agentCode = br.branchAgentCode
        JOIN flight f ON f.flightId = b.flightId
        JOIN package p ON p.packageId = b.packageId
        LEFT JOIN agent a ON b.accountType = 'Agent' AND b.accountId = a.accountId
        LEFT JOIN company c ON a.companyId = c.companyId
        LEFT JOIN client cl ON b.accountType = 'Client' AND b.accountId = cl.accountId
        LEFT JOIN company cc ON cl.companyId = cc.companyId
        LEFT JOIN payment pa ON pa.transactNo = b.transactNo AND pa.paymentStatus = 'Approved'
        LEFT JOIN request r ON r.transactNo = b.transactNo AND r.requestStatus = 'Confirmed'
        
        GROUP BY b.transactNo, f.flightDepartureDate, f.returnDepartureDate, b.status, 
                 p.packageName, b.bookingDate, b.pax, b.totalPrice, a.lName, a.fName, a.mName, br.branchName
        ORDER BY CAST(SUBSTRING_INDEX(b.transactNo, '-', -1) AS UNSIGNED)
[2025-08-12 07:33:00] Total records fetched: 98
[2025-08-12 07:33:03] WHERE clause: 
[2025-08-12 07:33:03] SQL Query: SELECT b.transactNo, DATE_FORMAT(f.flightDepartureDate, '%Y.%m.%d') AS departureDate, f.returnDepartureDate AS returnDate, 
        b.status AS bookingStatus, CONCAT(f.flightDepartureDate, ' | ', f.returnDepartureDate) AS FlightDate, 
        p.packageName AS PackageName, b.bookingDate, b.pax AS TotalPax,  
        b.totalPrice AS PackagePrice, br.branchName as branchName, COALESCE(SUM(pa.amount), 0) AS TotalAmountPaid,
        CONCAT(a.lName, ', ', a.fName, ' ', IFNULL(CONCAT(SUBSTRING(a.mName, 1, 1), '.'), '')) AS agentName,
        COALESCE(SUM(r.requestCost), 0) AS TotalRequestAmount
        FROM booking b
        JOIN branch br ON b.agentCode = br.branchAgentCode
        JOIN flight f ON f.flightId = b.flightId
        JOIN package p ON p.packageId = b.packageId
        LEFT JOIN agent a ON b.accountType = 'Agent' AND b.accountId = a.accountId
        LEFT JOIN company c ON a.companyId = c.companyId
        LEFT JOIN client cl ON b.accountType = 'Client' AND b.accountId = cl.accountId
        LEFT JOIN company cc ON cl.companyId = cc.companyId
        LEFT JOIN payment pa ON pa.transactNo = b.transactNo AND pa.paymentStatus = 'Approved'
        LEFT JOIN request r ON r.transactNo = b.transactNo AND r.requestStatus = 'Confirmed'
        
        GROUP BY b.transactNo, f.flightDepartureDate, f.returnDepartureDate, b.status, 
                 p.packageName, b.bookingDate, b.pax, b.totalPrice, a.lName, a.fName, a.mName, br.branchName
        ORDER BY CAST(SUBSTRING_INDEX(b.transactNo, '-', -1) AS UNSIGNED)
[2025-08-12 07:33:03] WHERE clause: 
[2025-08-12 07:33:03] SQL Query: SELECT b.transactNo, DATE_FORMAT(f.flightDepartureDate, '%Y.%m.%d') AS departureDate, f.returnDepartureDate AS returnDate, 
        b.status AS bookingStatus, CONCAT(f.flightDepartureDate, ' | ', f.returnDepartureDate) AS FlightDate, 
        p.packageName AS PackageName, b.bookingDate, b.pax AS TotalPax,  
        b.totalPrice AS PackagePrice, br.branchName as branchName, COALESCE(SUM(pa.amount), 0) AS TotalAmountPaid,
        CONCAT(a.lName, ', ', a.fName, ' ', IFNULL(CONCAT(SUBSTRING(a.mName, 1, 1), '.'), '')) AS agentName,
        COALESCE(SUM(r.requestCost), 0) AS TotalRequestAmount
        FROM booking b
        JOIN branch br ON b.agentCode = br.branchAgentCode
        JOIN flight f ON f.flightId = b.flightId
        JOIN package p ON p.packageId = b.packageId
        LEFT JOIN agent a ON b.accountType = 'Agent' AND b.accountId = a.accountId
        LEFT JOIN company c ON a.companyId = c.companyId
        LEFT JOIN client cl ON b.accountType = 'Client' AND b.accountId = cl.accountId
        LEFT JOIN company cc ON cl.companyId = cc.companyId
        LEFT JOIN payment pa ON pa.transactNo = b.transactNo AND pa.paymentStatus = 'Approved'
        LEFT JOIN request r ON r.transactNo = b.transactNo AND r.requestStatus = 'Confirmed'
        
        GROUP BY b.transactNo, f.flightDepartureDate, f.returnDepartureDate, b.status, 
                 p.packageName, b.bookingDate, b.pax, b.totalPrice, a.lName, a.fName, a.mName, br.branchName
        ORDER BY CAST(SUBSTRING_INDEX(b.transactNo, '-', -1) AS UNSIGNED)
[2025-08-12 07:33:03] Total records fetched: 98
[2025-08-12 07:33:03] Total records fetched: 98
[2025-08-12 07:33:03] WHERE clause: 
[2025-08-12 07:33:03] SQL Query: SELECT b.transactNo, DATE_FORMAT(f.flightDepartureDate, '%Y.%m.%d') AS departureDate, f.returnDepartureDate AS returnDate, 
        b.status AS bookingStatus, CONCAT(f.flightDepartureDate, ' | ', f.returnDepartureDate) AS FlightDate, 
        p.packageName AS PackageName, b.bookingDate, b.pax AS TotalPax,  
        b.totalPrice AS PackagePrice, br.branchName as branchName, COALESCE(SUM(pa.amount), 0) AS TotalAmountPaid,
        CONCAT(a.lName, ', ', a.fName, ' ', IFNULL(CONCAT(SUBSTRING(a.mName, 1, 1), '.'), '')) AS agentName,
        COALESCE(SUM(r.requestCost), 0) AS TotalRequestAmount
        FROM booking b
        JOIN branch br ON b.agentCode = br.branchAgentCode
        JOIN flight f ON f.flightId = b.flightId
        JOIN package p ON p.packageId = b.packageId
        LEFT JOIN agent a ON b.accountType = 'Agent' AND b.accountId = a.accountId
        LEFT JOIN company c ON a.companyId = c.companyId
        LEFT JOIN client cl ON b.accountType = 'Client' AND b.accountId = cl.accountId
        LEFT JOIN company cc ON cl.companyId = cc.companyId
        LEFT JOIN payment pa ON pa.transactNo = b.transactNo AND pa.paymentStatus = 'Approved'
        LEFT JOIN request r ON r.transactNo = b.transactNo AND r.requestStatus = 'Confirmed'
        
        GROUP BY b.transactNo, f.flightDepartureDate, f.returnDepartureDate, b.status, 
                 p.packageName, b.bookingDate, b.pax, b.totalPrice, a.lName, a.fName, a.mName, br.branchName
        ORDER BY CAST(SUBSTRING_INDEX(b.transactNo, '-', -1) AS UNSIGNED)
[2025-08-12 07:33:03] WHERE clause: 
[2025-08-12 07:33:03] SQL Query: SELECT b.transactNo, DATE_FORMAT(f.flightDepartureDate, '%Y.%m.%d') AS departureDate, f.returnDepartureDate AS returnDate, 
        b.status AS bookingStatus, CONCAT(f.flightDepartureDate, ' | ', f.returnDepartureDate) AS FlightDate, 
        p.packageName AS PackageName, b.bookingDate, b.pax AS TotalPax,  
        b.totalPrice AS PackagePrice, br.branchName as branchName, COALESCE(SUM(pa.amount), 0) AS TotalAmountPaid,
        CONCAT(a.lName, ', ', a.fName, ' ', IFNULL(CONCAT(SUBSTRING(a.mName, 1, 1), '.'), '')) AS agentName,
        COALESCE(SUM(r.requestCost), 0) AS TotalRequestAmount
        FROM booking b
        JOIN branch br ON b.agentCode = br.branchAgentCode
        JOIN flight f ON f.flightId = b.flightId
        JOIN package p ON p.packageId = b.packageId
        LEFT JOIN agent a ON b.accountType = 'Agent' AND b.accountId = a.accountId
        LEFT JOIN company c ON a.companyId = c.companyId
        LEFT JOIN client cl ON b.accountType = 'Client' AND b.accountId = cl.accountId
        LEFT JOIN company cc ON cl.companyId = cc.companyId
        LEFT JOIN payment pa ON pa.transactNo = b.transactNo AND pa.paymentStatus = 'Approved'
        LEFT JOIN request r ON r.transactNo = b.transactNo AND r.requestStatus = 'Confirmed'
        
        GROUP BY b.transactNo, f.flightDepartureDate, f.returnDepartureDate, b.status, 
                 p.packageName, b.bookingDate, b.pax, b.totalPrice, a.lName, a.fName, a.mName, br.branchName
        ORDER BY CAST(SUBSTRING_INDEX(b.transactNo, '-', -1) AS UNSIGNED)
[2025-08-12 07:33:03] Total records fetched: 98
[2025-08-12 07:33:03] Total records fetched: 98
[2025-08-12 07:33:12] WHERE clause: 
[2025-08-12 07:33:12] SQL Query: SELECT b.transactNo, DATE_FORMAT(f.flightDepartureDate, '%Y.%m.%d') AS departureDate, f.returnDepartureDate AS returnDate, 
        b.status AS bookingStatus, CONCAT(f.flightDepartureDate, ' | ', f.returnDepartureDate) AS FlightDate, 
        p.packageName AS PackageName, b.bookingDate, b.pax AS TotalPax,  
        b.totalPrice AS PackagePrice, br.branchName as branchName, COALESCE(SUM(pa.amount), 0) AS TotalAmountPaid,
        CONCAT(a.lName, ', ', a.fName, ' ', IFNULL(CONCAT(SUBSTRING(a.mName, 1, 1), '.'), '')) AS agentName,
        COALESCE(SUM(r.requestCost), 0) AS TotalRequestAmount
        FROM booking b
        JOIN branch br ON b.agentCode = br.branchAgentCode
        JOIN flight f ON f.flightId = b.flightId
        JOIN package p ON p.packageId = b.packageId
        LEFT JOIN agent a ON b.accountType = 'Agent' AND b.accountId = a.accountId
        LEFT JOIN company c ON a.companyId = c.companyId
        LEFT JOIN client cl ON b.accountType = 'Client' AND b.accountId = cl.accountId
        LEFT JOIN company cc ON cl.companyId = cc.companyId
        LEFT JOIN payment pa ON pa.transactNo = b.transactNo AND pa.paymentStatus = 'Approved'
        LEFT JOIN request r ON r.transactNo = b.transactNo AND r.requestStatus = 'Confirmed'
        
        GROUP BY b.transactNo, f.flightDepartureDate, f.returnDepartureDate, b.status, 
                 p.packageName, b.bookingDate, b.pax, b.totalPrice, a.lName, a.fName, a.mName, br.branchName
        ORDER BY CAST(SUBSTRING_INDEX(b.transactNo, '-', -1) AS UNSIGNED)
[2025-08-12 07:33:12] Total records fetched: 98
[2025-08-12 07:33:12] WHERE clause: 
[2025-08-12 07:33:12] SQL Query: SELECT b.transactNo, DATE_FORMAT(f.flightDepartureDate, '%Y.%m.%d') AS departureDate, f.returnDepartureDate AS returnDate, 
        b.status AS bookingStatus, CONCAT(f.flightDepartureDate, ' | ', f.returnDepartureDate) AS FlightDate, 
        p.packageName AS PackageName, b.bookingDate, b.pax AS TotalPax,  
        b.totalPrice AS PackagePrice, br.branchName as branchName, COALESCE(SUM(pa.amount), 0) AS TotalAmountPaid,
        CONCAT(a.lName, ', ', a.fName, ' ', IFNULL(CONCAT(SUBSTRING(a.mName, 1, 1), '.'), '')) AS agentName,
        COALESCE(SUM(r.requestCost), 0) AS TotalRequestAmount
        FROM booking b
        JOIN branch br ON b.agentCode = br.branchAgentCode
        JOIN flight f ON f.flightId = b.flightId
        JOIN package p ON p.packageId = b.packageId
        LEFT JOIN agent a ON b.accountType = 'Agent' AND b.accountId = a.accountId
        LEFT JOIN company c ON a.companyId = c.companyId
        LEFT JOIN client cl ON b.accountType = 'Client' AND b.accountId = cl.accountId
        LEFT JOIN company cc ON cl.companyId = cc.companyId
        LEFT JOIN payment pa ON pa.transactNo = b.transactNo AND pa.paymentStatus = 'Approved'
        LEFT JOIN request r ON r.transactNo = b.transactNo AND r.requestStatus = 'Confirmed'
        
        GROUP BY b.transactNo, f.flightDepartureDate, f.returnDepartureDate, b.status, 
                 p.packageName, b.bookingDate, b.pax, b.totalPrice, a.lName, a.fName, a.mName, br.branchName
        ORDER BY CAST(SUBSTRING_INDEX(b.transactNo, '-', -1) AS UNSIGNED)
[2025-08-12 07:33:12] Total records fetched: 98
[2025-08-12 07:33:18] WHERE clause: 
[2025-08-12 07:33:18] SQL Query: SELECT b.transactNo, DATE_FORMAT(f.flightDepartureDate, '%Y.%m.%d') AS departureDate, f.returnDepartureDate AS returnDate, 
        b.status AS bookingStatus, CONCAT(f.flightDepartureDate, ' | ', f.returnDepartureDate) AS FlightDate, 
        p.packageName AS PackageName, b.bookingDate, b.pax AS TotalPax,  
        b.totalPrice AS PackagePrice, br.branchName as branchName, COALESCE(SUM(pa.amount), 0) AS TotalAmountPaid,
        CONCAT(a.lName, ', ', a.fName, ' ', IFNULL(CONCAT(SUBSTRING(a.mName, 1, 1), '.'), '')) AS agentName,
        COALESCE(SUM(r.requestCost), 0) AS TotalRequestAmount
        FROM booking b
        JOIN branch br ON b.agentCode = br.branchAgentCode
        JOIN flight f ON f.flightId = b.flightId
        JOIN package p ON p.packageId = b.packageId
        LEFT JOIN agent a ON b.accountType = 'Agent' AND b.accountId = a.accountId
        LEFT JOIN company c ON a.companyId = c.companyId
        LEFT JOIN client cl ON b.accountType = 'Client' AND b.accountId = cl.accountId
        LEFT JOIN company cc ON cl.companyId = cc.companyId
        LEFT JOIN payment pa ON pa.transactNo = b.transactNo AND pa.paymentStatus = 'Approved'
        LEFT JOIN request r ON r.transactNo = b.transactNo AND r.requestStatus = 'Confirmed'
        
        GROUP BY b.transactNo, f.flightDepartureDate, f.returnDepartureDate, b.status, 
                 p.packageName, b.bookingDate, b.pax, b.totalPrice, a.lName, a.fName, a.mName, br.branchName
        ORDER BY CAST(SUBSTRING_INDEX(b.transactNo, '-', -1) AS UNSIGNED)
[2025-08-12 07:33:18] Total records fetched: 98
[2025-08-12 07:33:18] WHERE clause: 
[2025-08-12 07:33:18] SQL Query: SELECT b.transactNo, DATE_FORMAT(f.flightDepartureDate, '%Y.%m.%d') AS departureDate, f.returnDepartureDate AS returnDate, 
        b.status AS bookingStatus, CONCAT(f.flightDepartureDate, ' | ', f.returnDepartureDate) AS FlightDate, 
        p.packageName AS PackageName, b.bookingDate, b.pax AS TotalPax,  
        b.totalPrice AS PackagePrice, br.branchName as branchName, COALESCE(SUM(pa.amount), 0) AS TotalAmountPaid,
        CONCAT(a.lName, ', ', a.fName, ' ', IFNULL(CONCAT(SUBSTRING(a.mName, 1, 1), '.'), '')) AS agentName,
        COALESCE(SUM(r.requestCost), 0) AS TotalRequestAmount
        FROM booking b
        JOIN branch br ON b.agentCode = br.branchAgentCode
        JOIN flight f ON f.flightId = b.flightId
        JOIN package p ON p.packageId = b.packageId
        LEFT JOIN agent a ON b.accountType = 'Agent' AND b.accountId = a.accountId
        LEFT JOIN company c ON a.companyId = c.companyId
        LEFT JOIN client cl ON b.accountType = 'Client' AND b.accountId = cl.accountId
        LEFT JOIN company cc ON cl.companyId = cc.companyId
        LEFT JOIN payment pa ON pa.transactNo = b.transactNo AND pa.paymentStatus = 'Approved'
        LEFT JOIN request r ON r.transactNo = b.transactNo AND r.requestStatus = 'Confirmed'
        
        GROUP BY b.transactNo, f.flightDepartureDate, f.returnDepartureDate, b.status, 
                 p.packageName, b.bookingDate, b.pax, b.totalPrice, a.lName, a.fName, a.mName, br.branchName
        ORDER BY CAST(SUBSTRING_INDEX(b.transactNo, '-', -1) AS UNSIGNED)
[2025-08-12 07:33:18] Total records fetched: 98
[2025-08-12 07:36:11] WHERE clause: 
[2025-08-12 07:36:11] SQL Query: SELECT b.transactNo, DATE_FORMAT(f.flightDepartureDate, '%Y.%m.%d') AS departureDate, f.returnDepartureDate AS returnDate, 
        b.status AS bookingStatus, CONCAT(f.flightDepartureDate, ' | ', f.returnDepartureDate) AS FlightDate, 
        p.packageName AS PackageName, b.bookingDate, b.pax AS TotalPax,  
        b.totalPrice AS PackagePrice, br.branchName as branchName, COALESCE(SUM(pa.amount), 0) AS TotalAmountPaid,
        CONCAT(a.lName, ', ', a.fName, ' ', IFNULL(CONCAT(SUBSTRING(a.mName, 1, 1), '.'), '')) AS agentName,
        COALESCE(SUM(r.requestCost), 0) AS TotalRequestAmount
        FROM booking b
        JOIN branch br ON b.agentCode = br.branchAgentCode
        JOIN flight f ON f.flightId = b.flightId
        JOIN package p ON p.packageId = b.packageId
        LEFT JOIN agent a ON b.accountType = 'Agent' AND b.accountId = a.accountId
        LEFT JOIN company c ON a.companyId = c.companyId
        LEFT JOIN client cl ON b.accountType = 'Client' AND b.accountId = cl.accountId
        LEFT JOIN company cc ON cl.companyId = cc.companyId
        LEFT JOIN payment pa ON pa.transactNo = b.transactNo AND pa.paymentStatus = 'Approved'
        LEFT JOIN request r ON r.transactNo = b.transactNo AND r.requestStatus = 'Confirmed'
        
        GROUP BY b.transactNo, f.flightDepartureDate, f.returnDepartureDate, b.status, 
                 p.packageName, b.bookingDate, b.pax, b.totalPrice, a.lName, a.fName, a.mName, br.branchName
        ORDER BY CAST(SUBSTRING_INDEX(b.transactNo, '-', -1) AS UNSIGNED)
[2025-08-12 07:36:11] Total records fetched: 98
[2025-08-12 07:37:15] WHERE clause: 
[2025-08-12 07:37:15] SQL Query: SELECT b.transactNo, DATE_FORMAT(f.flightDepartureDate, '%Y.%m.%d') AS departureDate, f.returnDepartureDate AS returnDate, 
        b.status AS bookingStatus, CONCAT(f.flightDepartureDate, ' | ', f.returnDepartureDate) AS FlightDate, 
        p.packageName AS PackageName, b.bookingDate, b.pax AS TotalPax,  
        b.totalPrice AS PackagePrice, br.branchName as branchName, COALESCE(SUM(pa.amount), 0) AS TotalAmountPaid,
        CONCAT(a.lName, ', ', a.fName, ' ', IFNULL(CONCAT(SUBSTRING(a.mName, 1, 1), '.'), '')) AS agentName,
        COALESCE(SUM(r.requestCost), 0) AS TotalRequestAmount
        FROM booking b
        JOIN branch br ON b.agentCode = br.branchAgentCode
        JOIN flight f ON f.flightId = b.flightId
        JOIN package p ON p.packageId = b.packageId
        LEFT JOIN agent a ON b.accountType = 'Agent' AND b.accountId = a.accountId
        LEFT JOIN company c ON a.companyId = c.companyId
        LEFT JOIN client cl ON b.accountType = 'Client' AND b.accountId = cl.accountId
        LEFT JOIN company cc ON cl.companyId = cc.companyId
        LEFT JOIN payment pa ON pa.transactNo = b.transactNo AND pa.paymentStatus = 'Approved'
        LEFT JOIN request r ON r.transactNo = b.transactNo AND r.requestStatus = 'Confirmed'
        
        GROUP BY b.transactNo, f.flightDepartureDate, f.returnDepartureDate, b.status, 
                 p.packageName, b.bookingDate, b.pax, b.totalPrice, a.lName, a.fName, a.mName, br.branchName
        ORDER BY CAST(SUBSTRING_INDEX(b.transactNo, '-', -1) AS UNSIGNED)
[2025-08-12 07:37:15] Total records fetched: 98
[2025-08-12 07:37:48] WHERE clause: 
[2025-08-12 07:37:48] SQL Query: SELECT b.transactNo, DATE_FORMAT(f.flightDepartureDate, '%Y.%m.%d') AS departureDate, f.returnDepartureDate AS returnDate, 
        b.status AS bookingStatus, CONCAT(f.flightDepartureDate, ' | ', f.returnDepartureDate) AS FlightDate, 
        p.packageName AS PackageName, b.bookingDate, b.pax AS TotalPax,  
        b.totalPrice AS PackagePrice, br.branchName as branchName, COALESCE(SUM(pa.amount), 0) AS TotalAmountPaid,
        CONCAT(a.lName, ', ', a.fName, ' ', IFNULL(CONCAT(SUBSTRING(a.mName, 1, 1), '.'), '')) AS agentName,
        COALESCE(SUM(r.requestCost), 0) AS TotalRequestAmount
        FROM booking b
        JOIN branch br ON b.agentCode = br.branchAgentCode
        JOIN flight f ON f.flightId = b.flightId
        JOIN package p ON p.packageId = b.packageId
        LEFT JOIN agent a ON b.accountType = 'Agent' AND b.accountId = a.accountId
        LEFT JOIN company c ON a.companyId = c.companyId
        LEFT JOIN client cl ON b.accountType = 'Client' AND b.accountId = cl.accountId
        LEFT JOIN company cc ON cl.companyId = cc.companyId
        LEFT JOIN payment pa ON pa.transactNo = b.transactNo AND pa.paymentStatus = 'Approved'
        LEFT JOIN request r ON r.transactNo = b.transactNo AND r.requestStatus = 'Confirmed'
        
        GROUP BY b.transactNo, f.flightDepartureDate, f.returnDepartureDate, b.status, 
                 p.packageName, b.bookingDate, b.pax, b.totalPrice, a.lName, a.fName, a.mName, br.branchName
        ORDER BY CAST(SUBSTRING_INDEX(b.transactNo, '-', -1) AS UNSIGNED)
[2025-08-12 07:37:48] Total records fetched: 98
[2025-08-12 07:37:52] WHERE clause: 
[2025-08-12 07:37:52] SQL Query: SELECT b.transactNo, DATE_FORMAT(f.flightDepartureDate, '%Y.%m.%d') AS departureDate, f.returnDepartureDate AS returnDate, 
        b.status AS bookingStatus, CONCAT(f.flightDepartureDate, ' | ', f.returnDepartureDate) AS FlightDate, 
        p.packageName AS PackageName, b.bookingDate, b.pax AS TotalPax,  
        b.totalPrice AS PackagePrice, br.branchName as branchName, COALESCE(SUM(pa.amount), 0) AS TotalAmountPaid,
        CONCAT(a.lName, ', ', a.fName, ' ', IFNULL(CONCAT(SUBSTRING(a.mName, 1, 1), '.'), '')) AS agentName,
        COALESCE(SUM(r.requestCost), 0) AS TotalRequestAmount
        FROM booking b
        JOIN branch br ON b.agentCode = br.branchAgentCode
        JOIN flight f ON f.flightId = b.flightId
        JOIN package p ON p.packageId = b.packageId
        LEFT JOIN agent a ON b.accountType = 'Agent' AND b.accountId = a.accountId
        LEFT JOIN company c ON a.companyId = c.companyId
        LEFT JOIN client cl ON b.accountType = 'Client' AND b.accountId = cl.accountId
        LEFT JOIN company cc ON cl.companyId = cc.companyId
        LEFT JOIN payment pa ON pa.transactNo = b.transactNo AND pa.paymentStatus = 'Approved'
        LEFT JOIN request r ON r.transactNo = b.transactNo AND r.requestStatus = 'Confirmed'
        
        GROUP BY b.transactNo, f.flightDepartureDate, f.returnDepartureDate, b.status, 
                 p.packageName, b.bookingDate, b.pax, b.totalPrice, a.lName, a.fName, a.mName, br.branchName
        ORDER BY CAST(SUBSTRING_INDEX(b.transactNo, '-', -1) AS UNSIGNED)
[2025-08-12 07:37:52] Total records fetched: 98
[2025-08-12 07:37:54] WHERE clause: 
[2025-08-12 07:37:54] SQL Query: SELECT b.transactNo, DATE_FORMAT(f.flightDepartureDate, '%Y.%m.%d') AS departureDate, f.returnDepartureDate AS returnDate, 
        b.status AS bookingStatus, CONCAT(f.flightDepartureDate, ' | ', f.returnDepartureDate) AS FlightDate, 
        p.packageName AS PackageName, b.bookingDate, b.pax AS TotalPax,  
        b.totalPrice AS PackagePrice, br.branchName as branchName, COALESCE(SUM(pa.amount), 0) AS TotalAmountPaid,
        CONCAT(a.lName, ', ', a.fName, ' ', IFNULL(CONCAT(SUBSTRING(a.mName, 1, 1), '.'), '')) AS agentName,
        COALESCE(SUM(r.requestCost), 0) AS TotalRequestAmount
        FROM booking b
        JOIN branch br ON b.agentCode = br.branchAgentCode
        JOIN flight f ON f.flightId = b.flightId
        JOIN package p ON p.packageId = b.packageId
        LEFT JOIN agent a ON b.accountType = 'Agent' AND b.accountId = a.accountId
        LEFT JOIN company c ON a.companyId = c.companyId
        LEFT JOIN client cl ON b.accountType = 'Client' AND b.accountId = cl.accountId
        LEFT JOIN company cc ON cl.companyId = cc.companyId
        LEFT JOIN payment pa ON pa.transactNo = b.transactNo AND pa.paymentStatus = 'Approved'
        LEFT JOIN request r ON r.transactNo = b.transactNo AND r.requestStatus = 'Confirmed'
        
        GROUP BY b.transactNo, f.flightDepartureDate, f.returnDepartureDate, b.status, 
                 p.packageName, b.bookingDate, b.pax, b.totalPrice, a.lName, a.fName, a.mName, br.branchName
        ORDER BY CAST(SUBSTRING_INDEX(b.transactNo, '-', -1) AS UNSIGNED)
[2025-08-12 07:37:54] Total records fetched: 98
[2025-08-12 07:37:57] WHERE clause: 
[2025-08-12 07:37:57] SQL Query: SELECT b.transactNo, DATE_FORMAT(f.flightDepartureDate, '%Y.%m.%d') AS departureDate, f.returnDepartureDate AS returnDate, 
        b.status AS bookingStatus, CONCAT(f.flightDepartureDate, ' | ', f.returnDepartureDate) AS FlightDate, 
        p.packageName AS PackageName, b.bookingDate, b.pax AS TotalPax,  
        b.totalPrice AS PackagePrice, br.branchName as branchName, COALESCE(SUM(pa.amount), 0) AS TotalAmountPaid,
        CONCAT(a.lName, ', ', a.fName, ' ', IFNULL(CONCAT(SUBSTRING(a.mName, 1, 1), '.'), '')) AS agentName,
        COALESCE(SUM(r.requestCost), 0) AS TotalRequestAmount
        FROM booking b
        JOIN branch br ON b.agentCode = br.branchAgentCode
        JOIN flight f ON f.flightId = b.flightId
        JOIN package p ON p.packageId = b.packageId
        LEFT JOIN agent a ON b.accountType = 'Agent' AND b.accountId = a.accountId
        LEFT JOIN company c ON a.companyId = c.companyId
        LEFT JOIN client cl ON b.accountType = 'Client' AND b.accountId = cl.accountId
        LEFT JOIN company cc ON cl.companyId = cc.companyId
        LEFT JOIN payment pa ON pa.transactNo = b.transactNo AND pa.paymentStatus = 'Approved'
        LEFT JOIN request r ON r.transactNo = b.transactNo AND r.requestStatus = 'Confirmed'
        
        GROUP BY b.transactNo, f.flightDepartureDate, f.returnDepartureDate, b.status, 
                 p.packageName, b.bookingDate, b.pax, b.totalPrice, a.lName, a.fName, a.mName, br.branchName
        ORDER BY CAST(SUBSTRING_INDEX(b.transactNo, '-', -1) AS UNSIGNED)
[2025-08-12 07:37:57] Total records fetched: 98
[2025-08-12 07:37:59] WHERE clause: 
[2025-08-12 07:37:59] SQL Query: SELECT b.transactNo, DATE_FORMAT(f.flightDepartureDate, '%Y.%m.%d') AS departureDate, f.returnDepartureDate AS returnDate, 
        b.status AS bookingStatus, CONCAT(f.flightDepartureDate, ' | ', f.returnDepartureDate) AS FlightDate, 
        p.packageName AS PackageName, b.bookingDate, b.pax AS TotalPax,  
        b.totalPrice AS PackagePrice, br.branchName as branchName, COALESCE(SUM(pa.amount), 0) AS TotalAmountPaid,
        CONCAT(a.lName, ', ', a.fName, ' ', IFNULL(CONCAT(SUBSTRING(a.mName, 1, 1), '.'), '')) AS agentName,
        COALESCE(SUM(r.requestCost), 0) AS TotalRequestAmount
        FROM booking b
        JOIN branch br ON b.agentCode = br.branchAgentCode
        JOIN flight f ON f.flightId = b.flightId
        JOIN package p ON p.packageId = b.packageId
        LEFT JOIN agent a ON b.accountType = 'Agent' AND b.accountId = a.accountId
        LEFT JOIN company c ON a.companyId = c.companyId
        LEFT JOIN client cl ON b.accountType = 'Client' AND b.accountId = cl.accountId
        LEFT JOIN company cc ON cl.companyId = cc.companyId
        LEFT JOIN payment pa ON pa.transactNo = b.transactNo AND pa.paymentStatus = 'Approved'
        LEFT JOIN request r ON r.transactNo = b.transactNo AND r.requestStatus = 'Confirmed'
        
        GROUP BY b.transactNo, f.flightDepartureDate, f.returnDepartureDate, b.status, 
                 p.packageName, b.bookingDate, b.pax, b.totalPrice, a.lName, a.fName, a.mName, br.branchName
        ORDER BY CAST(SUBSTRING_INDEX(b.transactNo, '-', -1) AS UNSIGNED)
[2025-08-12 07:37:59] Total records fetched: 98
[2025-08-12 07:38:20] WHERE clause: 
[2025-08-12 07:38:20] SQL Query: SELECT b.transactNo, DATE_FORMAT(f.flightDepartureDate, '%Y.%m.%d') AS departureDate, f.returnDepartureDate AS returnDate, 
        b.status AS bookingStatus, CONCAT(f.flightDepartureDate, ' | ', f.returnDepartureDate) AS FlightDate, 
        p.packageName AS PackageName, b.bookingDate, b.pax AS TotalPax,  
        b.totalPrice AS PackagePrice, br.branchName as branchName, COALESCE(SUM(pa.amount), 0) AS TotalAmountPaid,
        CONCAT(a.lName, ', ', a.fName, ' ', IFNULL(CONCAT(SUBSTRING(a.mName, 1, 1), '.'), '')) AS agentName,
        COALESCE(SUM(r.requestCost), 0) AS TotalRequestAmount
        FROM booking b
        JOIN branch br ON b.agentCode = br.branchAgentCode
        JOIN flight f ON f.flightId = b.flightId
        JOIN package p ON p.packageId = b.packageId
        LEFT JOIN agent a ON b.accountType = 'Agent' AND b.accountId = a.accountId
        LEFT JOIN company c ON a.companyId = c.companyId
        LEFT JOIN client cl ON b.accountType = 'Client' AND b.accountId = cl.accountId
        LEFT JOIN company cc ON cl.companyId = cc.companyId
        LEFT JOIN payment pa ON pa.transactNo = b.transactNo AND pa.paymentStatus = 'Approved'
        LEFT JOIN request r ON r.transactNo = b.transactNo AND r.requestStatus = 'Confirmed'
        
        GROUP BY b.transactNo, f.flightDepartureDate, f.returnDepartureDate, b.status, 
                 p.packageName, b.bookingDate, b.pax, b.totalPrice, a.lName, a.fName, a.mName, br.branchName
        ORDER BY CAST(SUBSTRING_INDEX(b.transactNo, '-', -1) AS UNSIGNED)
[2025-08-12 07:38:20] Total records fetched: 98
[2025-08-12 07:39:01] WHERE clause: 
[2025-08-12 07:39:01] SQL Query: SELECT b.transactNo, DATE_FORMAT(f.flightDepartureDate, '%Y.%m.%d') AS departureDate, f.returnDepartureDate AS returnDate, 
        b.status AS bookingStatus, CONCAT(f.flightDepartureDate, ' | ', f.returnDepartureDate) AS FlightDate, 
        p.packageName AS PackageName, b.bookingDate, b.pax AS TotalPax,  
        b.totalPrice AS PackagePrice, br.branchName as branchName, COALESCE(SUM(pa.amount), 0) AS TotalAmountPaid,
        CONCAT(a.lName, ', ', a.fName, ' ', IFNULL(CONCAT(SUBSTRING(a.mName, 1, 1), '.'), '')) AS agentName,
        COALESCE(SUM(r.requestCost), 0) AS TotalRequestAmount
        FROM booking b
        JOIN branch br ON b.agentCode = br.branchAgentCode
        JOIN flight f ON f.flightId = b.flightId
        JOIN package p ON p.packageId = b.packageId
        LEFT JOIN agent a ON b.accountType = 'Agent' AND b.accountId = a.accountId
        LEFT JOIN company c ON a.companyId = c.companyId
        LEFT JOIN client cl ON b.accountType = 'Client' AND b.accountId = cl.accountId
        LEFT JOIN company cc ON cl.companyId = cc.companyId
        LEFT JOIN payment pa ON pa.transactNo = b.transactNo AND pa.paymentStatus = 'Approved'
        LEFT JOIN request r ON r.transactNo = b.transactNo AND r.requestStatus = 'Confirmed'
        
        GROUP BY b.transactNo, f.flightDepartureDate, f.returnDepartureDate, b.status, 
                 p.packageName, b.bookingDate, b.pax, b.totalPrice, a.lName, a.fName, a.mName, br.branchName
        ORDER BY CAST(SUBSTRING_INDEX(b.transactNo, '-', -1) AS UNSIGNED)
[2025-08-12 07:39:01] Total records fetched: 98
[2025-08-12 07:41:34] WHERE clause: 
[2025-08-12 07:41:34] SQL Query: SELECT b.transactNo, DATE_FORMAT(f.flightDepartureDate, '%Y.%m.%d') AS departureDate, f.returnDepartureDate AS returnDate, 
        b.status AS bookingStatus, CONCAT(f.flightDepartureDate, ' | ', f.returnDepartureDate) AS FlightDate, 
        p.packageName AS PackageName, b.bookingDate, b.pax AS TotalPax,  
        b.totalPrice AS PackagePrice, br.branchName as branchName, COALESCE(SUM(pa.amount), 0) AS TotalAmountPaid,
        CONCAT(a.lName, ', ', a.fName, ' ', IFNULL(CONCAT(SUBSTRING(a.mName, 1, 1), '.'), '')) AS agentName,
        COALESCE(SUM(r.requestCost), 0) AS TotalRequestAmount
        FROM booking b
        JOIN branch br ON b.agentCode = br.branchAgentCode
        JOIN flight f ON f.flightId = b.flightId
        JOIN package p ON p.packageId = b.packageId
        LEFT JOIN agent a ON b.accountType = 'Agent' AND b.accountId = a.accountId
        LEFT JOIN company c ON a.companyId = c.companyId
        LEFT JOIN client cl ON b.accountType = 'Client' AND b.accountId = cl.accountId
        LEFT JOIN company cc ON cl.companyId = cc.companyId
        LEFT JOIN payment pa ON pa.transactNo = b.transactNo AND pa.paymentStatus = 'Approved'
        LEFT JOIN request r ON r.transactNo = b.transactNo AND r.requestStatus = 'Confirmed'
        
        GROUP BY b.transactNo, f.flightDepartureDate, f.returnDepartureDate, b.status, 
                 p.packageName, b.bookingDate, b.pax, b.totalPrice, a.lName, a.fName, a.mName, br.branchName
        ORDER BY CAST(SUBSTRING_INDEX(b.transactNo, '-', -1) AS UNSIGNED)
[2025-08-12 07:41:34] Total records fetched: 98
[2025-08-12 07:43:03] WHERE clause: 
[2025-08-12 07:43:03] SQL Query: SELECT b.transactNo, DATE_FORMAT(f.flightDepartureDate, '%Y.%m.%d') AS departureDate, f.returnDepartureDate AS returnDate, 
        b.status AS bookingStatus, CONCAT(f.flightDepartureDate, ' | ', f.returnDepartureDate) AS FlightDate, 
        p.packageName AS PackageName, b.bookingDate, b.pax AS TotalPax,  
        b.totalPrice AS PackagePrice, br.branchName as branchName, COALESCE(SUM(pa.amount), 0) AS TotalAmountPaid,
        CONCAT(a.lName, ', ', a.fName, ' ', IFNULL(CONCAT(SUBSTRING(a.mName, 1, 1), '.'), '')) AS agentName,
        COALESCE(SUM(r.requestCost), 0) AS TotalRequestAmount
        FROM booking b
        JOIN branch br ON b.agentCode = br.branchAgentCode
        JOIN flight f ON f.flightId = b.flightId
        JOIN package p ON p.packageId = b.packageId
        LEFT JOIN agent a ON b.accountType = 'Agent' AND b.accountId = a.accountId
        LEFT JOIN company c ON a.companyId = c.companyId
        LEFT JOIN client cl ON b.accountType = 'Client' AND b.accountId = cl.accountId
        LEFT JOIN company cc ON cl.companyId = cc.companyId
        LEFT JOIN payment pa ON pa.transactNo = b.transactNo AND pa.paymentStatus = 'Approved'
        LEFT JOIN request r ON r.transactNo = b.transactNo AND r.requestStatus = 'Confirmed'
        
        GROUP BY b.transactNo, f.flightDepartureDate, f.returnDepartureDate, b.status, 
                 p.packageName, b.bookingDate, b.pax, b.totalPrice, a.lName, a.fName, a.mName, br.branchName
        ORDER BY CAST(SUBSTRING_INDEX(b.transactNo, '-', -1) AS UNSIGNED)
[2025-08-12 07:43:03] Total records fetched: 98
[2025-08-12 07:44:25] WHERE clause: 
[2025-08-12 07:44:25] SQL Query: SELECT b.transactNo, DATE_FORMAT(f.flightDepartureDate, '%Y.%m.%d') AS departureDate, f.returnDepartureDate AS returnDate, 
        b.status AS bookingStatus, CONCAT(f.flightDepartureDate, ' | ', f.returnDepartureDate) AS FlightDate, 
        p.packageName AS PackageName, b.bookingDate, b.pax AS TotalPax,  
        b.totalPrice AS PackagePrice, br.branchName as branchName, COALESCE(SUM(pa.amount), 0) AS TotalAmountPaid,
        CONCAT(a.lName, ', ', a.fName, ' ', IFNULL(CONCAT(SUBSTRING(a.mName, 1, 1), '.'), '')) AS agentName,
        COALESCE(SUM(r.requestCost), 0) AS TotalRequestAmount
        FROM booking b
        JOIN branch br ON b.agentCode = br.branchAgentCode
        JOIN flight f ON f.flightId = b.flightId
        JOIN package p ON p.packageId = b.packageId
        LEFT JOIN agent a ON b.accountType = 'Agent' AND b.accountId = a.accountId
        LEFT JOIN company c ON a.companyId = c.companyId
        LEFT JOIN client cl ON b.accountType = 'Client' AND b.accountId = cl.accountId
        LEFT JOIN company cc ON cl.companyId = cc.companyId
        LEFT JOIN payment pa ON pa.transactNo = b.transactNo AND pa.paymentStatus = 'Approved'
        LEFT JOIN request r ON r.transactNo = b.transactNo AND r.requestStatus = 'Confirmed'
        
        GROUP BY b.transactNo, f.flightDepartureDate, f.returnDepartureDate, b.status, 
                 p.packageName, b.bookingDate, b.pax, b.totalPrice, a.lName, a.fName, a.mName, br.branchName
        ORDER BY CAST(SUBSTRING_INDEX(b.transactNo, '-', -1) AS UNSIGNED)
[2025-08-12 07:44:25] Total records fetched: 98
[2025-08-12 07:45:14] WHERE clause: 
[2025-08-12 07:45:14] SQL Query: SELECT b.transactNo, DATE_FORMAT(f.flightDepartureDate, '%Y.%m.%d') AS departureDate, f.returnDepartureDate AS returnDate, 
        b.status AS bookingStatus, CONCAT(f.flightDepartureDate, ' | ', f.returnDepartureDate) AS FlightDate, 
        p.packageName AS PackageName, b.bookingDate, b.pax AS TotalPax,  
        b.totalPrice AS PackagePrice, br.branchName as branchName, COALESCE(SUM(pa.amount), 0) AS TotalAmountPaid,
        CONCAT(a.lName, ', ', a.fName, ' ', IFNULL(CONCAT(SUBSTRING(a.mName, 1, 1), '.'), '')) AS agentName,
        COALESCE(SUM(r.requestCost), 0) AS TotalRequestAmount
        FROM booking b
        JOIN branch br ON b.agentCode = br.branchAgentCode
        JOIN flight f ON f.flightId = b.flightId
        JOIN package p ON p.packageId = b.packageId
        LEFT JOIN agent a ON b.accountType = 'Agent' AND b.accountId = a.accountId
        LEFT JOIN company c ON a.companyId = c.companyId
        LEFT JOIN client cl ON b.accountType = 'Client' AND b.accountId = cl.accountId
        LEFT JOIN company cc ON cl.companyId = cc.companyId
        LEFT JOIN payment pa ON pa.transactNo = b.transactNo AND pa.paymentStatus = 'Approved'
        LEFT JOIN request r ON r.transactNo = b.transactNo AND r.requestStatus = 'Confirmed'
        
        GROUP BY b.transactNo, f.flightDepartureDate, f.returnDepartureDate, b.status, 
                 p.packageName, b.bookingDate, b.pax, b.totalPrice, a.lName, a.fName, a.mName, br.branchName
        ORDER BY CAST(SUBSTRING_INDEX(b.transactNo, '-', -1) AS UNSIGNED)
[2025-08-12 07:45:14] Total records fetched: 98
[2025-08-12 07:45:22] WHERE clause: 
[2025-08-12 07:45:22] SQL Query: SELECT b.transactNo, DATE_FORMAT(f.flightDepartureDate, '%Y.%m.%d') AS departureDate, f.returnDepartureDate AS returnDate, 
        b.status AS bookingStatus, CONCAT(f.flightDepartureDate, ' | ', f.returnDepartureDate) AS FlightDate, 
        p.packageName AS PackageName, b.bookingDate, b.pax AS TotalPax,  
        b.totalPrice AS PackagePrice, br.branchName as branchName, COALESCE(SUM(pa.amount), 0) AS TotalAmountPaid,
        CONCAT(a.lName, ', ', a.fName, ' ', IFNULL(CONCAT(SUBSTRING(a.mName, 1, 1), '.'), '')) AS agentName,
        COALESCE(SUM(r.requestCost), 0) AS TotalRequestAmount
        FROM booking b
        JOIN branch br ON b.agentCode = br.branchAgentCode
        JOIN flight f ON f.flightId = b.flightId
        JOIN package p ON p.packageId = b.packageId
        LEFT JOIN agent a ON b.accountType = 'Agent' AND b.accountId = a.accountId
        LEFT JOIN company c ON a.companyId = c.companyId
        LEFT JOIN client cl ON b.accountType = 'Client' AND b.accountId = cl.accountId
        LEFT JOIN company cc ON cl.companyId = cc.companyId
        LEFT JOIN payment pa ON pa.transactNo = b.transactNo AND pa.paymentStatus = 'Approved'
        LEFT JOIN request r ON r.transactNo = b.transactNo AND r.requestStatus = 'Confirmed'
        
        GROUP BY b.transactNo, f.flightDepartureDate, f.returnDepartureDate, b.status, 
                 p.packageName, b.bookingDate, b.pax, b.totalPrice, a.lName, a.fName, a.mName, br.branchName
        ORDER BY CAST(SUBSTRING_INDEX(b.transactNo, '-', -1) AS UNSIGNED)
[2025-08-12 07:45:22] Total records fetched: 98
[2025-08-12 07:46:51] WHERE clause: 
[2025-08-12 07:46:51] SQL Query: SELECT b.transactNo, DATE_FORMAT(f.flightDepartureDate, '%Y.%m.%d') AS departureDate, f.returnDepartureDate AS returnDate, 
        b.status AS bookingStatus, CONCAT(f.flightDepartureDate, ' | ', f.returnDepartureDate) AS FlightDate, 
        p.packageName AS PackageName, b.bookingDate, b.pax AS TotalPax,  
        b.totalPrice AS PackagePrice, br.branchName as branchName, COALESCE(SUM(pa.amount), 0) AS TotalAmountPaid,
        CONCAT(a.lName, ', ', a.fName, ' ', IFNULL(CONCAT(SUBSTRING(a.mName, 1, 1), '.'), '')) AS agentName,
        COALESCE(SUM(r.requestCost), 0) AS TotalRequestAmount
        FROM booking b
        JOIN branch br ON b.agentCode = br.branchAgentCode
        JOIN flight f ON f.flightId = b.flightId
        JOIN package p ON p.packageId = b.packageId
        LEFT JOIN agent a ON b.accountType = 'Agent' AND b.accountId = a.accountId
        LEFT JOIN company c ON a.companyId = c.companyId
        LEFT JOIN client cl ON b.accountType = 'Client' AND b.accountId = cl.accountId
        LEFT JOIN company cc ON cl.companyId = cc.companyId
        LEFT JOIN payment pa ON pa.transactNo = b.transactNo AND pa.paymentStatus = 'Approved'
        LEFT JOIN request r ON r.transactNo = b.transactNo AND r.requestStatus = 'Confirmed'
        
        GROUP BY b.transactNo, f.flightDepartureDate, f.returnDepartureDate, b.status, 
                 p.packageName, b.bookingDate, b.pax, b.totalPrice, a.lName, a.fName, a.mName, br.branchName
        ORDER BY CAST(SUBSTRING_INDEX(b.transactNo, '-', -1) AS UNSIGNED)
[2025-08-12 07:46:51] Total records fetched: 98
[2025-08-12 07:47:53] WHERE clause: 
[2025-08-12 07:47:53] SQL Query: SELECT b.transactNo, DATE_FORMAT(f.flightDepartureDate, '%Y.%m.%d') AS departureDate, f.returnDepartureDate AS returnDate, 
        b.status AS bookingStatus, CONCAT(f.flightDepartureDate, ' | ', f.returnDepartureDate) AS FlightDate, 
        p.packageName AS PackageName, b.bookingDate, b.pax AS TotalPax,  
        b.totalPrice AS PackagePrice, br.branchName as branchName, COALESCE(SUM(pa.amount), 0) AS TotalAmountPaid,
        CONCAT(a.lName, ', ', a.fName, ' ', IFNULL(CONCAT(SUBSTRING(a.mName, 1, 1), '.'), '')) AS agentName,
        COALESCE(SUM(r.requestCost), 0) AS TotalRequestAmount
        FROM booking b
        JOIN branch br ON b.agentCode = br.branchAgentCode
        JOIN flight f ON f.flightId = b.flightId
        JOIN package p ON p.packageId = b.packageId
        LEFT JOIN agent a ON b.accountType = 'Agent' AND b.accountId = a.accountId
        LEFT JOIN company c ON a.companyId = c.companyId
        LEFT JOIN client cl ON b.accountType = 'Client' AND b.accountId = cl.accountId
        LEFT JOIN company cc ON cl.companyId = cc.companyId
        LEFT JOIN payment pa ON pa.transactNo = b.transactNo AND pa.paymentStatus = 'Approved'
        LEFT JOIN request r ON r.transactNo = b.transactNo AND r.requestStatus = 'Confirmed'
        
        GROUP BY b.transactNo, f.flightDepartureDate, f.returnDepartureDate, b.status, 
                 p.packageName, b.bookingDate, b.pax, b.totalPrice, a.lName, a.fName, a.mName, br.branchName
        ORDER BY CAST(SUBSTRING_INDEX(b.transactNo, '-', -1) AS UNSIGNED)
[2025-08-12 07:47:53] Total records fetched: 98
[2025-08-12 07:47:55] WHERE clause: 
[2025-08-12 07:47:55] SQL Query: SELECT b.transactNo, DATE_FORMAT(f.flightDepartureDate, '%Y.%m.%d') AS departureDate, f.returnDepartureDate AS returnDate, 
        b.status AS bookingStatus, CONCAT(f.flightDepartureDate, ' | ', f.returnDepartureDate) AS FlightDate, 
        p.packageName AS PackageName, b.bookingDate, b.pax AS TotalPax,  
        b.totalPrice AS PackagePrice, br.branchName as branchName, COALESCE(SUM(pa.amount), 0) AS TotalAmountPaid,
        CONCAT(a.lName, ', ', a.fName, ' ', IFNULL(CONCAT(SUBSTRING(a.mName, 1, 1), '.'), '')) AS agentName,
        COALESCE(SUM(r.requestCost), 0) AS TotalRequestAmount
        FROM booking b
        JOIN branch br ON b.agentCode = br.branchAgentCode
        JOIN flight f ON f.flightId = b.flightId
        JOIN package p ON p.packageId = b.packageId
        LEFT JOIN agent a ON b.accountType = 'Agent' AND b.accountId = a.accountId
        LEFT JOIN company c ON a.companyId = c.companyId
        LEFT JOIN client cl ON b.accountType = 'Client' AND b.accountId = cl.accountId
        LEFT JOIN company cc ON cl.companyId = cc.companyId
        LEFT JOIN payment pa ON pa.transactNo = b.transactNo AND pa.paymentStatus = 'Approved'
        LEFT JOIN request r ON r.transactNo = b.transactNo AND r.requestStatus = 'Confirmed'
        
        GROUP BY b.transactNo, f.flightDepartureDate, f.returnDepartureDate, b.status, 
                 p.packageName, b.bookingDate, b.pax, b.totalPrice, a.lName, a.fName, a.mName, br.branchName
        ORDER BY CAST(SUBSTRING_INDEX(b.transactNo, '-', -1) AS UNSIGNED)
[2025-08-12 07:47:55] Total records fetched: 98
[2025-08-12 07:47:57] WHERE clause: 
[2025-08-12 07:47:57] SQL Query: SELECT b.transactNo, DATE_FORMAT(f.flightDepartureDate, '%Y.%m.%d') AS departureDate, f.returnDepartureDate AS returnDate, 
        b.status AS bookingStatus, CONCAT(f.flightDepartureDate, ' | ', f.returnDepartureDate) AS FlightDate, 
        p.packageName AS PackageName, b.bookingDate, b.pax AS TotalPax,  
        b.totalPrice AS PackagePrice, br.branchName as branchName, COALESCE(SUM(pa.amount), 0) AS TotalAmountPaid,
        CONCAT(a.lName, ', ', a.fName, ' ', IFNULL(CONCAT(SUBSTRING(a.mName, 1, 1), '.'), '')) AS agentName,
        COALESCE(SUM(r.requestCost), 0) AS TotalRequestAmount
        FROM booking b
        JOIN branch br ON b.agentCode = br.branchAgentCode
        JOIN flight f ON f.flightId = b.flightId
        JOIN package p ON p.packageId = b.packageId
        LEFT JOIN agent a ON b.accountType = 'Agent' AND b.accountId = a.accountId
        LEFT JOIN company c ON a.companyId = c.companyId
        LEFT JOIN client cl ON b.accountType = 'Client' AND b.accountId = cl.accountId
        LEFT JOIN company cc ON cl.companyId = cc.companyId
        LEFT JOIN payment pa ON pa.transactNo = b.transactNo AND pa.paymentStatus = 'Approved'
        LEFT JOIN request r ON r.transactNo = b.transactNo AND r.requestStatus = 'Confirmed'
        
        GROUP BY b.transactNo, f.flightDepartureDate, f.returnDepartureDate, b.status, 
                 p.packageName, b.bookingDate, b.pax, b.totalPrice, a.lName, a.fName, a.mName, br.branchName
        ORDER BY CAST(SUBSTRING_INDEX(b.transactNo, '-', -1) AS UNSIGNED)
[2025-08-12 07:47:57] Total records fetched: 98
[2025-08-12 07:48:25] WHERE clause: 
[2025-08-12 07:48:25] SQL Query: SELECT b.transactNo, DATE_FORMAT(f.flightDepartureDate, '%Y.%m.%d') AS departureDate, f.returnDepartureDate AS returnDate, 
        b.status AS bookingStatus, CONCAT(f.flightDepartureDate, ' | ', f.returnDepartureDate) AS FlightDate, 
        p.packageName AS PackageName, b.bookingDate, b.pax AS TotalPax,  
        b.totalPrice AS PackagePrice, br.branchName as branchName, COALESCE(SUM(pa.amount), 0) AS TotalAmountPaid,
        CONCAT(a.lName, ', ', a.fName, ' ', IFNULL(CONCAT(SUBSTRING(a.mName, 1, 1), '.'), '')) AS agentName,
        COALESCE(SUM(r.requestCost), 0) AS TotalRequestAmount
        FROM booking b
        JOIN branch br ON b.agentCode = br.branchAgentCode
        JOIN flight f ON f.flightId = b.flightId
        JOIN package p ON p.packageId = b.packageId
        LEFT JOIN agent a ON b.accountType = 'Agent' AND b.accountId = a.accountId
        LEFT JOIN company c ON a.companyId = c.companyId
        LEFT JOIN client cl ON b.accountType = 'Client' AND b.accountId = cl.accountId
        LEFT JOIN company cc ON cl.companyId = cc.companyId
        LEFT JOIN payment pa ON pa.transactNo = b.transactNo AND pa.paymentStatus = 'Approved'
        LEFT JOIN request r ON r.transactNo = b.transactNo AND r.requestStatus = 'Confirmed'
        
        GROUP BY b.transactNo, f.flightDepartureDate, f.returnDepartureDate, b.status, 
                 p.packageName, b.bookingDate, b.pax, b.totalPrice, a.lName, a.fName, a.mName, br.branchName
        ORDER BY CAST(SUBSTRING_INDEX(b.transactNo, '-', -1) AS UNSIGNED)
[2025-08-12 07:48:25] Total records fetched: 98
[2025-08-12 07:48:44] WHERE clause: 
[2025-08-12 07:48:44] SQL Query: SELECT b.transactNo, DATE_FORMAT(f.flightDepartureDate, '%Y.%m.%d') AS departureDate, f.returnDepartureDate AS returnDate, 
        b.status AS bookingStatus, CONCAT(f.flightDepartureDate, ' | ', f.returnDepartureDate) AS FlightDate, 
        p.packageName AS PackageName, b.bookingDate, b.pax AS TotalPax,  
        b.totalPrice AS PackagePrice, br.branchName as branchName, COALESCE(SUM(pa.amount), 0) AS TotalAmountPaid,
        CONCAT(a.lName, ', ', a.fName, ' ', IFNULL(CONCAT(SUBSTRING(a.mName, 1, 1), '.'), '')) AS agentName,
        COALESCE(SUM(r.requestCost), 0) AS TotalRequestAmount
        FROM booking b
        JOIN branch br ON b.agentCode = br.branchAgentCode
        JOIN flight f ON f.flightId = b.flightId
        JOIN package p ON p.packageId = b.packageId
        LEFT JOIN agent a ON b.accountType = 'Agent' AND b.accountId = a.accountId
        LEFT JOIN company c ON a.companyId = c.companyId
        LEFT JOIN client cl ON b.accountType = 'Client' AND b.accountId = cl.accountId
        LEFT JOIN company cc ON cl.companyId = cc.companyId
        LEFT JOIN payment pa ON pa.transactNo = b.transactNo AND pa.paymentStatus = 'Approved'
        LEFT JOIN request r ON r.transactNo = b.transactNo AND r.requestStatus = 'Confirmed'
        
        GROUP BY b.transactNo, f.flightDepartureDate, f.returnDepartureDate, b.status, 
                 p.packageName, b.bookingDate, b.pax, b.totalPrice, a.lName, a.fName, a.mName, br.branchName
        ORDER BY CAST(SUBSTRING_INDEX(b.transactNo, '-', -1) AS UNSIGNED)
[2025-08-12 07:48:44] Total records fetched: 98
[2025-08-12 07:49:15] WHERE clause: 
[2025-08-12 07:49:15] SQL Query: SELECT b.transactNo, DATE_FORMAT(f.flightDepartureDate, '%Y.%m.%d') AS departureDate, f.returnDepartureDate AS returnDate, 
        b.status AS bookingStatus, CONCAT(f.flightDepartureDate, ' | ', f.returnDepartureDate) AS FlightDate, 
        p.packageName AS PackageName, b.bookingDate, b.pax AS TotalPax,  
        b.totalPrice AS PackagePrice, br.branchName as branchName, COALESCE(SUM(pa.amount), 0) AS TotalAmountPaid,
        CONCAT(a.lName, ', ', a.fName, ' ', IFNULL(CONCAT(SUBSTRING(a.mName, 1, 1), '.'), '')) AS agentName,
        COALESCE(SUM(r.requestCost), 0) AS TotalRequestAmount
        FROM booking b
        JOIN branch br ON b.agentCode = br.branchAgentCode
        JOIN flight f ON f.flightId = b.flightId
        JOIN package p ON p.packageId = b.packageId
        LEFT JOIN agent a ON b.accountType = 'Agent' AND b.accountId = a.accountId
        LEFT JOIN company c ON a.companyId = c.companyId
        LEFT JOIN client cl ON b.accountType = 'Client' AND b.accountId = cl.accountId
        LEFT JOIN company cc ON cl.companyId = cc.companyId
        LEFT JOIN payment pa ON pa.transactNo = b.transactNo AND pa.paymentStatus = 'Approved'
        LEFT JOIN request r ON r.transactNo = b.transactNo AND r.requestStatus = 'Confirmed'
        
        GROUP BY b.transactNo, f.flightDepartureDate, f.returnDepartureDate, b.status, 
                 p.packageName, b.bookingDate, b.pax, b.totalPrice, a.lName, a.fName, a.mName, br.branchName
        ORDER BY CAST(SUBSTRING_INDEX(b.transactNo, '-', -1) AS UNSIGNED)
[2025-08-12 07:49:15] Total records fetched: 98
[2025-08-12 07:49:43] WHERE clause: 
[2025-08-12 07:49:43] SQL Query: SELECT b.transactNo, DATE_FORMAT(f.flightDepartureDate, '%Y.%m.%d') AS departureDate, f.returnDepartureDate AS returnDate, 
        b.status AS bookingStatus, CONCAT(f.flightDepartureDate, ' | ', f.returnDepartureDate) AS FlightDate, 
        p.packageName AS PackageName, b.bookingDate, b.pax AS TotalPax,  
        b.totalPrice AS PackagePrice, br.branchName as branchName, COALESCE(SUM(pa.amount), 0) AS TotalAmountPaid,
        CONCAT(a.lName, ', ', a.fName, ' ', IFNULL(CONCAT(SUBSTRING(a.mName, 1, 1), '.'), '')) AS agentName,
        COALESCE(SUM(r.requestCost), 0) AS TotalRequestAmount
        FROM booking b
        JOIN branch br ON b.agentCode = br.branchAgentCode
        JOIN flight f ON f.flightId = b.flightId
        JOIN package p ON p.packageId = b.packageId
        LEFT JOIN agent a ON b.accountType = 'Agent' AND b.accountId = a.accountId
        LEFT JOIN company c ON a.companyId = c.companyId
        LEFT JOIN client cl ON b.accountType = 'Client' AND b.accountId = cl.accountId
        LEFT JOIN company cc ON cl.companyId = cc.companyId
        LEFT JOIN payment pa ON pa.transactNo = b.transactNo AND pa.paymentStatus = 'Approved'
        LEFT JOIN request r ON r.transactNo = b.transactNo AND r.requestStatus = 'Confirmed'
        
        GROUP BY b.transactNo, f.flightDepartureDate, f.returnDepartureDate, b.status, 
                 p.packageName, b.bookingDate, b.pax, b.totalPrice, a.lName, a.fName, a.mName, br.branchName
        ORDER BY CAST(SUBSTRING_INDEX(b.transactNo, '-', -1) AS UNSIGNED)
[2025-08-12 07:49:43] Total records fetched: 98
[2025-08-12 07:49:49] WHERE clause: 
[2025-08-12 07:49:49] SQL Query: SELECT b.transactNo, DATE_FORMAT(f.flightDepartureDate, '%Y.%m.%d') AS departureDate, f.returnDepartureDate AS returnDate, 
        b.status AS bookingStatus, CONCAT(f.flightDepartureDate, ' | ', f.returnDepartureDate) AS FlightDate, 
        p.packageName AS PackageName, b.bookingDate, b.pax AS TotalPax,  
        b.totalPrice AS PackagePrice, br.branchName as branchName, COALESCE(SUM(pa.amount), 0) AS TotalAmountPaid,
        CONCAT(a.lName, ', ', a.fName, ' ', IFNULL(CONCAT(SUBSTRING(a.mName, 1, 1), '.'), '')) AS agentName,
        COALESCE(SUM(r.requestCost), 0) AS TotalRequestAmount
        FROM booking b
        JOIN branch br ON b.agentCode = br.branchAgentCode
        JOIN flight f ON f.flightId = b.flightId
        JOIN package p ON p.packageId = b.packageId
        LEFT JOIN agent a ON b.accountType = 'Agent' AND b.accountId = a.accountId
        LEFT JOIN company c ON a.companyId = c.companyId
        LEFT JOIN client cl ON b.accountType = 'Client' AND b.accountId = cl.accountId
        LEFT JOIN company cc ON cl.companyId = cc.companyId
        LEFT JOIN payment pa ON pa.transactNo = b.transactNo AND pa.paymentStatus = 'Approved'
        LEFT JOIN request r ON r.transactNo = b.transactNo AND r.requestStatus = 'Confirmed'
        
        GROUP BY b.transactNo, f.flightDepartureDate, f.returnDepartureDate, b.status, 
                 p.packageName, b.bookingDate, b.pax, b.totalPrice, a.lName, a.fName, a.mName, br.branchName
        ORDER BY CAST(SUBSTRING_INDEX(b.transactNo, '-', -1) AS UNSIGNED)
[2025-08-12 07:49:49] Total records fetched: 98
[2025-08-12 07:49:50] WHERE clause: 
[2025-08-12 07:49:50] SQL Query: SELECT b.transactNo, DATE_FORMAT(f.flightDepartureDate, '%Y.%m.%d') AS departureDate, f.returnDepartureDate AS returnDate, 
        b.status AS bookingStatus, CONCAT(f.flightDepartureDate, ' | ', f.returnDepartureDate) AS FlightDate, 
        p.packageName AS PackageName, b.bookingDate, b.pax AS TotalPax,  
        b.totalPrice AS PackagePrice, br.branchName as branchName, COALESCE(SUM(pa.amount), 0) AS TotalAmountPaid,
        CONCAT(a.lName, ', ', a.fName, ' ', IFNULL(CONCAT(SUBSTRING(a.mName, 1, 1), '.'), '')) AS agentName,
        COALESCE(SUM(r.requestCost), 0) AS TotalRequestAmount
        FROM booking b
        JOIN branch br ON b.agentCode = br.branchAgentCode
        JOIN flight f ON f.flightId = b.flightId
        JOIN package p ON p.packageId = b.packageId
        LEFT JOIN agent a ON b.accountType = 'Agent' AND b.accountId = a.accountId
        LEFT JOIN company c ON a.companyId = c.companyId
        LEFT JOIN client cl ON b.accountType = 'Client' AND b.accountId = cl.accountId
        LEFT JOIN company cc ON cl.companyId = cc.companyId
        LEFT JOIN payment pa ON pa.transactNo = b.transactNo AND pa.paymentStatus = 'Approved'
        LEFT JOIN request r ON r.transactNo = b.transactNo AND r.requestStatus = 'Confirmed'
        
        GROUP BY b.transactNo, f.flightDepartureDate, f.returnDepartureDate, b.status, 
                 p.packageName, b.bookingDate, b.pax, b.totalPrice, a.lName, a.fName, a.mName, br.branchName
        ORDER BY CAST(SUBSTRING_INDEX(b.transactNo, '-', -1) AS UNSIGNED)
[2025-08-12 07:49:50] Total records fetched: 98
[2025-08-12 07:49:51] WHERE clause: 
[2025-08-12 07:49:51] SQL Query: SELECT b.transactNo, DATE_FORMAT(f.flightDepartureDate, '%Y.%m.%d') AS departureDate, f.returnDepartureDate AS returnDate, 
        b.status AS bookingStatus, CONCAT(f.flightDepartureDate, ' | ', f.returnDepartureDate) AS FlightDate, 
        p.packageName AS PackageName, b.bookingDate, b.pax AS TotalPax,  
        b.totalPrice AS PackagePrice, br.branchName as branchName, COALESCE(SUM(pa.amount), 0) AS TotalAmountPaid,
        CONCAT(a.lName, ', ', a.fName, ' ', IFNULL(CONCAT(SUBSTRING(a.mName, 1, 1), '.'), '')) AS agentName,
        COALESCE(SUM(r.requestCost), 0) AS TotalRequestAmount
        FROM booking b
        JOIN branch br ON b.agentCode = br.branchAgentCode
        JOIN flight f ON f.flightId = b.flightId
        JOIN package p ON p.packageId = b.packageId
        LEFT JOIN agent a ON b.accountType = 'Agent' AND b.accountId = a.accountId
        LEFT JOIN company c ON a.companyId = c.companyId
        LEFT JOIN client cl ON b.accountType = 'Client' AND b.accountId = cl.accountId
        LEFT JOIN company cc ON cl.companyId = cc.companyId
        LEFT JOIN payment pa ON pa.transactNo = b.transactNo AND pa.paymentStatus = 'Approved'
        LEFT JOIN request r ON r.transactNo = b.transactNo AND r.requestStatus = 'Confirmed'
        
        GROUP BY b.transactNo, f.flightDepartureDate, f.returnDepartureDate, b.status, 
                 p.packageName, b.bookingDate, b.pax, b.totalPrice, a.lName, a.fName, a.mName, br.branchName
        ORDER BY CAST(SUBSTRING_INDEX(b.transactNo, '-', -1) AS UNSIGNED)
[2025-08-12 07:49:51] Total records fetched: 98
[2025-08-12 07:50:09] WHERE clause: 
[2025-08-12 07:50:09] SQL Query: SELECT b.transactNo, DATE_FORMAT(f.flightDepartureDate, '%Y.%m.%d') AS departureDate, f.returnDepartureDate AS returnDate, 
        b.status AS bookingStatus, CONCAT(f.flightDepartureDate, ' | ', f.returnDepartureDate) AS FlightDate, 
        p.packageName AS PackageName, b.bookingDate, b.pax AS TotalPax,  
        b.totalPrice AS PackagePrice, br.branchName as branchName, COALESCE(SUM(pa.amount), 0) AS TotalAmountPaid,
        CONCAT(a.lName, ', ', a.fName, ' ', IFNULL(CONCAT(SUBSTRING(a.mName, 1, 1), '.'), '')) AS agentName,
        COALESCE(SUM(r.requestCost), 0) AS TotalRequestAmount
        FROM booking b
        JOIN branch br ON b.agentCode = br.branchAgentCode
        JOIN flight f ON f.flightId = b.flightId
        JOIN package p ON p.packageId = b.packageId
        LEFT JOIN agent a ON b.accountType = 'Agent' AND b.accountId = a.accountId
        LEFT JOIN company c ON a.companyId = c.companyId
        LEFT JOIN client cl ON b.accountType = 'Client' AND b.accountId = cl.accountId
        LEFT JOIN company cc ON cl.companyId = cc.companyId
        LEFT JOIN payment pa ON pa.transactNo = b.transactNo AND pa.paymentStatus = 'Approved'
        LEFT JOIN request r ON r.transactNo = b.transactNo AND r.requestStatus = 'Confirmed'
        
        GROUP BY b.transactNo, f.flightDepartureDate, f.returnDepartureDate, b.status, 
                 p.packageName, b.bookingDate, b.pax, b.totalPrice, a.lName, a.fName, a.mName, br.branchName
        ORDER BY CAST(SUBSTRING_INDEX(b.transactNo, '-', -1) AS UNSIGNED)
[2025-08-12 07:50:09] Total records fetched: 98
[2025-08-12 07:52:51] WHERE clause: 
[2025-08-12 07:52:51] SQL Query: SELECT b.transactNo, DATE_FORMAT(f.flightDepartureDate, '%Y.%m.%d') AS departureDate, f.returnDepartureDate AS returnDate, 
        b.status AS bookingStatus, CONCAT(f.flightDepartureDate, ' | ', f.returnDepartureDate) AS FlightDate, 
        p.packageName AS PackageName, b.bookingDate, b.pax AS TotalPax,  
        b.totalPrice AS PackagePrice, br.branchName as branchName, COALESCE(SUM(pa.amount), 0) AS TotalAmountPaid,
        CONCAT(a.lName, ', ', a.fName, ' ', IFNULL(CONCAT(SUBSTRING(a.mName, 1, 1), '.'), '')) AS agentName,
        COALESCE(SUM(r.requestCost), 0) AS TotalRequestAmount
        FROM booking b
        JOIN branch br ON b.agentCode = br.branchAgentCode
        JOIN flight f ON f.flightId = b.flightId
        JOIN package p ON p.packageId = b.packageId
        LEFT JOIN agent a ON b.accountType = 'Agent' AND b.accountId = a.accountId
        LEFT JOIN company c ON a.companyId = c.companyId
        LEFT JOIN client cl ON b.accountType = 'Client' AND b.accountId = cl.accountId
        LEFT JOIN company cc ON cl.companyId = cc.companyId
        LEFT JOIN payment pa ON pa.transactNo = b.transactNo AND pa.paymentStatus = 'Approved'
        LEFT JOIN request r ON r.transactNo = b.transactNo AND r.requestStatus = 'Confirmed'
        
        GROUP BY b.transactNo, f.flightDepartureDate, f.returnDepartureDate, b.status, 
                 p.packageName, b.bookingDate, b.pax, b.totalPrice, a.lName, a.fName, a.mName, br.branchName
        ORDER BY CAST(SUBSTRING_INDEX(b.transactNo, '-', -1) AS UNSIGNED)
[2025-08-12 07:52:51] Total records fetched: 98
[2025-08-12 07:55:11] WHERE clause: 
[2025-08-12 07:55:11] SQL Query: SELECT b.transactNo, DATE_FORMAT(f.flightDepartureDate, '%Y.%m.%d') AS departureDate, f.returnDepartureDate AS returnDate, 
        b.status AS bookingStatus, CONCAT(f.flightDepartureDate, ' | ', f.returnDepartureDate) AS FlightDate, 
        p.packageName AS PackageName, b.bookingDate, b.pax AS TotalPax,  
        b.totalPrice AS PackagePrice, br.branchName as branchName, COALESCE(SUM(pa.amount), 0) AS TotalAmountPaid,
        CONCAT(a.lName, ', ', a.fName, ' ', IFNULL(CONCAT(SUBSTRING(a.mName, 1, 1), '.'), '')) AS agentName,
        COALESCE(SUM(r.requestCost), 0) AS TotalRequestAmount
        FROM booking b
        JOIN branch br ON b.agentCode = br.branchAgentCode
        JOIN flight f ON f.flightId = b.flightId
        JOIN package p ON p.packageId = b.packageId
        LEFT JOIN agent a ON b.accountType = 'Agent' AND b.accountId = a.accountId
        LEFT JOIN company c ON a.companyId = c.companyId
        LEFT JOIN client cl ON b.accountType = 'Client' AND b.accountId = cl.accountId
        LEFT JOIN company cc ON cl.companyId = cc.companyId
        LEFT JOIN payment pa ON pa.transactNo = b.transactNo AND pa.paymentStatus = 'Approved'
        LEFT JOIN request r ON r.transactNo = b.transactNo AND r.requestStatus = 'Confirmed'
        
        GROUP BY b.transactNo, f.flightDepartureDate, f.returnDepartureDate, b.status, 
                 p.packageName, b.bookingDate, b.pax, b.totalPrice, a.lName, a.fName, a.mName, br.branchName
        ORDER BY CAST(SUBSTRING_INDEX(b.transactNo, '-', -1) AS UNSIGNED)
[2025-08-12 07:55:11] Total records fetched: 98
[2025-08-12 07:57:09] WHERE clause: 
[2025-08-12 07:57:09] SQL Query: SELECT b.transactNo, DATE_FORMAT(f.flightDepartureDate, '%Y.%m.%d') AS departureDate, f.returnDepartureDate AS returnDate, 
        b.status AS bookingStatus, CONCAT(f.flightDepartureDate, ' | ', f.returnDepartureDate) AS FlightDate, 
        p.packageName AS PackageName, b.bookingDate, b.pax AS TotalPax,  
        b.totalPrice AS PackagePrice, br.branchName as branchName, COALESCE(SUM(pa.amount), 0) AS TotalAmountPaid,
        CONCAT(a.lName, ', ', a.fName, ' ', IFNULL(CONCAT(SUBSTRING(a.mName, 1, 1), '.'), '')) AS agentName,
        COALESCE(SUM(r.requestCost), 0) AS TotalRequestAmount
        FROM booking b
        JOIN branch br ON b.agentCode = br.branchAgentCode
        JOIN flight f ON f.flightId = b.flightId
        JOIN package p ON p.packageId = b.packageId
        LEFT JOIN agent a ON b.accountType = 'Agent' AND b.accountId = a.accountId
        LEFT JOIN company c ON a.companyId = c.companyId
        LEFT JOIN client cl ON b.accountType = 'Client' AND b.accountId = cl.accountId
        LEFT JOIN company cc ON cl.companyId = cc.companyId
        LEFT JOIN payment pa ON pa.transactNo = b.transactNo AND pa.paymentStatus = 'Approved'
        LEFT JOIN request r ON r.transactNo = b.transactNo AND r.requestStatus = 'Confirmed'
        
        GROUP BY b.transactNo, f.flightDepartureDate, f.returnDepartureDate, b.status, 
                 p.packageName, b.bookingDate, b.pax, b.totalPrice, a.lName, a.fName, a.mName, br.branchName
        ORDER BY CAST(SUBSTRING_INDEX(b.transactNo, '-', -1) AS UNSIGNED)
[2025-08-12 07:57:09] Total records fetched: 98
[2025-08-12 07:57:43] WHERE clause: 
[2025-08-12 07:57:43] SQL Query: SELECT b.transactNo, DATE_FORMAT(f.flightDepartureDate, '%Y.%m.%d') AS departureDate, f.returnDepartureDate AS returnDate, 
        b.status AS bookingStatus, CONCAT(f.flightDepartureDate, ' | ', f.returnDepartureDate) AS FlightDate, 
        p.packageName AS PackageName, b.bookingDate, b.pax AS TotalPax,  
        b.totalPrice AS PackagePrice, br.branchName as branchName, COALESCE(SUM(pa.amount), 0) AS TotalAmountPaid,
        CONCAT(a.lName, ', ', a.fName, ' ', IFNULL(CONCAT(SUBSTRING(a.mName, 1, 1), '.'), '')) AS agentName,
        COALESCE(SUM(r.requestCost), 0) AS TotalRequestAmount
        FROM booking b
        JOIN branch br ON b.agentCode = br.branchAgentCode
        JOIN flight f ON f.flightId = b.flightId
        JOIN package p ON p.packageId = b.packageId
        LEFT JOIN agent a ON b.accountType = 'Agent' AND b.accountId = a.accountId
        LEFT JOIN company c ON a.companyId = c.companyId
        LEFT JOIN client cl ON b.accountType = 'Client' AND b.accountId = cl.accountId
        LEFT JOIN company cc ON cl.companyId = cc.companyId
        LEFT JOIN payment pa ON pa.transactNo = b.transactNo AND pa.paymentStatus = 'Approved'
        LEFT JOIN request r ON r.transactNo = b.transactNo AND r.requestStatus = 'Confirmed'
        
        GROUP BY b.transactNo, f.flightDepartureDate, f.returnDepartureDate, b.status, 
                 p.packageName, b.bookingDate, b.pax, b.totalPrice, a.lName, a.fName, a.mName, br.branchName
        ORDER BY CAST(SUBSTRING_INDEX(b.transactNo, '-', -1) AS UNSIGNED)
[2025-08-12 07:57:43] Total records fetched: 98
[2025-08-12 07:57:44] WHERE clause: 
[2025-08-12 07:57:44] SQL Query: SELECT b.transactNo, DATE_FORMAT(f.flightDepartureDate, '%Y.%m.%d') AS departureDate, f.returnDepartureDate AS returnDate, 
        b.status AS bookingStatus, CONCAT(f.flightDepartureDate, ' | ', f.returnDepartureDate) AS FlightDate, 
        p.packageName AS PackageName, b.bookingDate, b.pax AS TotalPax,  
        b.totalPrice AS PackagePrice, br.branchName as branchName, COALESCE(SUM(pa.amount), 0) AS TotalAmountPaid,
        CONCAT(a.lName, ', ', a.fName, ' ', IFNULL(CONCAT(SUBSTRING(a.mName, 1, 1), '.'), '')) AS agentName,
        COALESCE(SUM(r.requestCost), 0) AS TotalRequestAmount
        FROM booking b
        JOIN branch br ON b.agentCode = br.branchAgentCode
        JOIN flight f ON f.flightId = b.flightId
        JOIN package p ON p.packageId = b.packageId
        LEFT JOIN agent a ON b.accountType = 'Agent' AND b.accountId = a.accountId
        LEFT JOIN company c ON a.companyId = c.companyId
        LEFT JOIN client cl ON b.accountType = 'Client' AND b.accountId = cl.accountId
        LEFT JOIN company cc ON cl.companyId = cc.companyId
        LEFT JOIN payment pa ON pa.transactNo = b.transactNo AND pa.paymentStatus = 'Approved'
        LEFT JOIN request r ON r.transactNo = b.transactNo AND r.requestStatus = 'Confirmed'
        
        GROUP BY b.transactNo, f.flightDepartureDate, f.returnDepartureDate, b.status, 
                 p.packageName, b.bookingDate, b.pax, b.totalPrice, a.lName, a.fName, a.mName, br.branchName
        ORDER BY CAST(SUBSTRING_INDEX(b.transactNo, '-', -1) AS UNSIGNED)
[2025-08-12 07:57:44] Total records fetched: 98
[2025-08-12 07:57:46] WHERE clause: 
[2025-08-12 07:57:46] SQL Query: SELECT b.transactNo, DATE_FORMAT(f.flightDepartureDate, '%Y.%m.%d') AS departureDate, f.returnDepartureDate AS returnDate, 
        b.status AS bookingStatus, CONCAT(f.flightDepartureDate, ' | ', f.returnDepartureDate) AS FlightDate, 
        p.packageName AS PackageName, b.bookingDate, b.pax AS TotalPax,  
        b.totalPrice AS PackagePrice, br.branchName as branchName, COALESCE(SUM(pa.amount), 0) AS TotalAmountPaid,
        CONCAT(a.lName, ', ', a.fName, ' ', IFNULL(CONCAT(SUBSTRING(a.mName, 1, 1), '.'), '')) AS agentName,
        COALESCE(SUM(r.requestCost), 0) AS TotalRequestAmount
        FROM booking b
        JOIN branch br ON b.agentCode = br.branchAgentCode
        JOIN flight f ON f.flightId = b.flightId
        JOIN package p ON p.packageId = b.packageId
        LEFT JOIN agent a ON b.accountType = 'Agent' AND b.accountId = a.accountId
        LEFT JOIN company c ON a.companyId = c.companyId
        LEFT JOIN client cl ON b.accountType = 'Client' AND b.accountId = cl.accountId
        LEFT JOIN company cc ON cl.companyId = cc.companyId
        LEFT JOIN payment pa ON pa.transactNo = b.transactNo AND pa.paymentStatus = 'Approved'
        LEFT JOIN request r ON r.transactNo = b.transactNo AND r.requestStatus = 'Confirmed'
        
        GROUP BY b.transactNo, f.flightDepartureDate, f.returnDepartureDate, b.status, 
                 p.packageName, b.bookingDate, b.pax, b.totalPrice, a.lName, a.fName, a.mName, br.branchName
        ORDER BY CAST(SUBSTRING_INDEX(b.transactNo, '-', -1) AS UNSIGNED)
[2025-08-12 07:57:46] Total records fetched: 98
[2025-08-12 07:57:49] WHERE clause: 
[2025-08-12 07:57:49] SQL Query: SELECT b.transactNo, DATE_FORMAT(f.flightDepartureDate, '%Y.%m.%d') AS departureDate, f.returnDepartureDate AS returnDate, 
        b.status AS bookingStatus, CONCAT(f.flightDepartureDate, ' | ', f.returnDepartureDate) AS FlightDate, 
        p.packageName AS PackageName, b.bookingDate, b.pax AS TotalPax,  
        b.totalPrice AS PackagePrice, br.branchName as branchName, COALESCE(SUM(pa.amount), 0) AS TotalAmountPaid,
        CONCAT(a.lName, ', ', a.fName, ' ', IFNULL(CONCAT(SUBSTRING(a.mName, 1, 1), '.'), '')) AS agentName,
        COALESCE(SUM(r.requestCost), 0) AS TotalRequestAmount
        FROM booking b
        JOIN branch br ON b.agentCode = br.branchAgentCode
        JOIN flight f ON f.flightId = b.flightId
        JOIN package p ON p.packageId = b.packageId
        LEFT JOIN agent a ON b.accountType = 'Agent' AND b.accountId = a.accountId
        LEFT JOIN company c ON a.companyId = c.companyId
        LEFT JOIN client cl ON b.accountType = 'Client' AND b.accountId = cl.accountId
        LEFT JOIN company cc ON cl.companyId = cc.companyId
        LEFT JOIN payment pa ON pa.transactNo = b.transactNo AND pa.paymentStatus = 'Approved'
        LEFT JOIN request r ON r.transactNo = b.transactNo AND r.requestStatus = 'Confirmed'
        
        GROUP BY b.transactNo, f.flightDepartureDate, f.returnDepartureDate, b.status, 
                 p.packageName, b.bookingDate, b.pax, b.totalPrice, a.lName, a.fName, a.mName, br.branchName
        ORDER BY CAST(SUBSTRING_INDEX(b.transactNo, '-', -1) AS UNSIGNED)
[2025-08-12 07:57:49] Total records fetched: 98
[2025-08-12 07:58:35] WHERE clause: 
[2025-08-12 07:58:35] SQL Query: SELECT b.transactNo, DATE_FORMAT(f.flightDepartureDate, '%Y.%m.%d') AS departureDate, f.returnDepartureDate AS returnDate, 
        b.status AS bookingStatus, CONCAT(f.flightDepartureDate, ' | ', f.returnDepartureDate) AS FlightDate, 
        p.packageName AS PackageName, b.bookingDate, b.pax AS TotalPax,  
        b.totalPrice AS PackagePrice, br.branchName as branchName, COALESCE(SUM(pa.amount), 0) AS TotalAmountPaid,
        CONCAT(a.lName, ', ', a.fName, ' ', IFNULL(CONCAT(SUBSTRING(a.mName, 1, 1), '.'), '')) AS agentName,
        COALESCE(SUM(r.requestCost), 0) AS TotalRequestAmount
        FROM booking b
        JOIN branch br ON b.agentCode = br.branchAgentCode
        JOIN flight f ON f.flightId = b.flightId
        JOIN package p ON p.packageId = b.packageId
        LEFT JOIN agent a ON b.accountType = 'Agent' AND b.accountId = a.accountId
        LEFT JOIN company c ON a.companyId = c.companyId
        LEFT JOIN client cl ON b.accountType = 'Client' AND b.accountId = cl.accountId
        LEFT JOIN company cc ON cl.companyId = cc.companyId
        LEFT JOIN payment pa ON pa.transactNo = b.transactNo AND pa.paymentStatus = 'Approved'
        LEFT JOIN request r ON r.transactNo = b.transactNo AND r.requestStatus = 'Confirmed'
        
        GROUP BY b.transactNo, f.flightDepartureDate, f.returnDepartureDate, b.status, 
                 p.packageName, b.bookingDate, b.pax, b.totalPrice, a.lName, a.fName, a.mName, br.branchName
        ORDER BY CAST(SUBSTRING_INDEX(b.transactNo, '-', -1) AS UNSIGNED)
[2025-08-12 07:58:35] Total records fetched: 98
[2025-08-12 08:04:36] WHERE clause: 
[2025-08-12 08:04:36] SQL Query: SELECT b.transactNo, DATE_FORMAT(f.flightDepartureDate, '%Y.%m.%d') AS departureDate, f.returnDepartureDate AS returnDate, 
        b.status AS bookingStatus, CONCAT(f.flightDepartureDate, ' | ', f.returnDepartureDate) AS FlightDate, 
        p.packageName AS PackageName, b.bookingDate, b.pax AS TotalPax,  
        b.totalPrice AS PackagePrice, br.branchName as branchName, COALESCE(SUM(pa.amount), 0) AS TotalAmountPaid,
        CONCAT(a.lName, ', ', a.fName, ' ', IFNULL(CONCAT(SUBSTRING(a.mName, 1, 1), '.'), '')) AS agentName,
        COALESCE(SUM(r.requestCost), 0) AS TotalRequestAmount
        FROM booking b
        JOIN branch br ON b.agentCode = br.branchAgentCode
        JOIN flight f ON f.flightId = b.flightId
        JOIN package p ON p.packageId = b.packageId
        LEFT JOIN agent a ON b.accountType = 'Agent' AND b.accountId = a.accountId
        LEFT JOIN company c ON a.companyId = c.companyId
        LEFT JOIN client cl ON b.accountType = 'Client' AND b.accountId = cl.accountId
        LEFT JOIN company cc ON cl.companyId = cc.companyId
        LEFT JOIN payment pa ON pa.transactNo = b.transactNo AND pa.paymentStatus = 'Approved'
        LEFT JOIN request r ON r.transactNo = b.transactNo AND r.requestStatus = 'Confirmed'
        
        GROUP BY b.transactNo, f.flightDepartureDate, f.returnDepartureDate, b.status, 
                 p.packageName, b.bookingDate, b.pax, b.totalPrice, a.lName, a.fName, a.mName, br.branchName
        ORDER BY CAST(SUBSTRING_INDEX(b.transactNo, '-', -1) AS UNSIGNED)
[2025-08-12 08:04:36] Total records fetched: 98
[2025-08-12 08:04:49] WHERE clause: 
[2025-08-12 08:04:49] SQL Query: SELECT b.transactNo, DATE_FORMAT(f.flightDepartureDate, '%Y.%m.%d') AS departureDate, f.returnDepartureDate AS returnDate, 
        b.status AS bookingStatus, CONCAT(f.flightDepartureDate, ' | ', f.returnDepartureDate) AS FlightDate, 
        p.packageName AS PackageName, b.bookingDate, b.pax AS TotalPax,  
        b.totalPrice AS PackagePrice, br.branchName as branchName, COALESCE(SUM(pa.amount), 0) AS TotalAmountPaid,
        CONCAT(a.lName, ', ', a.fName, ' ', IFNULL(CONCAT(SUBSTRING(a.mName, 1, 1), '.'), '')) AS agentName,
        COALESCE(SUM(r.requestCost), 0) AS TotalRequestAmount
        FROM booking b
        JOIN branch br ON b.agentCode = br.branchAgentCode
        JOIN flight f ON f.flightId = b.flightId
        JOIN package p ON p.packageId = b.packageId
        LEFT JOIN agent a ON b.accountType = 'Agent' AND b.accountId = a.accountId
        LEFT JOIN company c ON a.companyId = c.companyId
        LEFT JOIN client cl ON b.accountType = 'Client' AND b.accountId = cl.accountId
        LEFT JOIN company cc ON cl.companyId = cc.companyId
        LEFT JOIN payment pa ON pa.transactNo = b.transactNo AND pa.paymentStatus = 'Approved'
        LEFT JOIN request r ON r.transactNo = b.transactNo AND r.requestStatus = 'Confirmed'
        
        GROUP BY b.transactNo, f.flightDepartureDate, f.returnDepartureDate, b.status, 
                 p.packageName, b.bookingDate, b.pax, b.totalPrice, a.lName, a.fName, a.mName, br.branchName
        ORDER BY CAST(SUBSTRING_INDEX(b.transactNo, '-', -1) AS UNSIGNED)
[2025-08-12 08:04:49] Total records fetched: 98
[2025-08-12 08:05:00] WHERE clause: 
[2025-08-12 08:05:00] SQL Query: SELECT b.transactNo, DATE_FORMAT(f.flightDepartureDate, '%Y.%m.%d') AS departureDate, f.returnDepartureDate AS returnDate, 
        b.status AS bookingStatus, CONCAT(f.flightDepartureDate, ' | ', f.returnDepartureDate) AS FlightDate, 
        p.packageName AS PackageName, b.bookingDate, b.pax AS TotalPax,  
        b.totalPrice AS PackagePrice, br.branchName as branchName, COALESCE(SUM(pa.amount), 0) AS TotalAmountPaid,
        CONCAT(a.lName, ', ', a.fName, ' ', IFNULL(CONCAT(SUBSTRING(a.mName, 1, 1), '.'), '')) AS agentName,
        COALESCE(SUM(r.requestCost), 0) AS TotalRequestAmount
        FROM booking b
        JOIN branch br ON b.agentCode = br.branchAgentCode
        JOIN flight f ON f.flightId = b.flightId
        JOIN package p ON p.packageId = b.packageId
        LEFT JOIN agent a ON b.accountType = 'Agent' AND b.accountId = a.accountId
        LEFT JOIN company c ON a.companyId = c.companyId
        LEFT JOIN client cl ON b.accountType = 'Client' AND b.accountId = cl.accountId
        LEFT JOIN company cc ON cl.companyId = cc.companyId
        LEFT JOIN payment pa ON pa.transactNo = b.transactNo AND pa.paymentStatus = 'Approved'
        LEFT JOIN request r ON r.transactNo = b.transactNo AND r.requestStatus = 'Confirmed'
        
        GROUP BY b.transactNo, f.flightDepartureDate, f.returnDepartureDate, b.status, 
                 p.packageName, b.bookingDate, b.pax, b.totalPrice, a.lName, a.fName, a.mName, br.branchName
        ORDER BY CAST(SUBSTRING_INDEX(b.transactNo, '-', -1) AS UNSIGNED)
[2025-08-12 08:05:00] Total records fetched: 98
[2025-08-12 08:05:06] WHERE clause: 
[2025-08-12 08:05:06] SQL Query: SELECT b.transactNo, DATE_FORMAT(f.flightDepartureDate, '%Y.%m.%d') AS departureDate, f.returnDepartureDate AS returnDate, 
        b.status AS bookingStatus, CONCAT(f.flightDepartureDate, ' | ', f.returnDepartureDate) AS FlightDate, 
        p.packageName AS PackageName, b.bookingDate, b.pax AS TotalPax,  
        b.totalPrice AS PackagePrice, br.branchName as branchName, COALESCE(SUM(pa.amount), 0) AS TotalAmountPaid,
        CONCAT(a.lName, ', ', a.fName, ' ', IFNULL(CONCAT(SUBSTRING(a.mName, 1, 1), '.'), '')) AS agentName,
        COALESCE(SUM(r.requestCost), 0) AS TotalRequestAmount
        FROM booking b
        JOIN branch br ON b.agentCode = br.branchAgentCode
        JOIN flight f ON f.flightId = b.flightId
        JOIN package p ON p.packageId = b.packageId
        LEFT JOIN agent a ON b.accountType = 'Agent' AND b.accountId = a.accountId
        LEFT JOIN company c ON a.companyId = c.companyId
        LEFT JOIN client cl ON b.accountType = 'Client' AND b.accountId = cl.accountId
        LEFT JOIN company cc ON cl.companyId = cc.companyId
        LEFT JOIN payment pa ON pa.transactNo = b.transactNo AND pa.paymentStatus = 'Approved'
        LEFT JOIN request r ON r.transactNo = b.transactNo AND r.requestStatus = 'Confirmed'
        
        GROUP BY b.transactNo, f.flightDepartureDate, f.returnDepartureDate, b.status, 
                 p.packageName, b.bookingDate, b.pax, b.totalPrice, a.lName, a.fName, a.mName, br.branchName
        ORDER BY CAST(SUBSTRING_INDEX(b.transactNo, '-', -1) AS UNSIGNED)
[2025-08-12 08:05:06] Total records fetched: 98
[2025-08-12 08:05:13] WHERE clause: 
[2025-08-12 08:05:13] SQL Query: SELECT b.transactNo, DATE_FORMAT(f.flightDepartureDate, '%Y.%m.%d') AS departureDate, f.returnDepartureDate AS returnDate, 
        b.status AS bookingStatus, CONCAT(f.flightDepartureDate, ' | ', f.returnDepartureDate) AS FlightDate, 
        p.packageName AS PackageName, b.bookingDate, b.pax AS TotalPax,  
        b.totalPrice AS PackagePrice, br.branchName as branchName, COALESCE(SUM(pa.amount), 0) AS TotalAmountPaid,
        CONCAT(a.lName, ', ', a.fName, ' ', IFNULL(CONCAT(SUBSTRING(a.mName, 1, 1), '.'), '')) AS agentName,
        COALESCE(SUM(r.requestCost), 0) AS TotalRequestAmount
        FROM booking b
        JOIN branch br ON b.agentCode = br.branchAgentCode
        JOIN flight f ON f.flightId = b.flightId
        JOIN package p ON p.packageId = b.packageId
        LEFT JOIN agent a ON b.accountType = 'Agent' AND b.accountId = a.accountId
        LEFT JOIN company c ON a.companyId = c.companyId
        LEFT JOIN client cl ON b.accountType = 'Client' AND b.accountId = cl.accountId
        LEFT JOIN company cc ON cl.companyId = cc.companyId
        LEFT JOIN payment pa ON pa.transactNo = b.transactNo AND pa.paymentStatus = 'Approved'
        LEFT JOIN request r ON r.transactNo = b.transactNo AND r.requestStatus = 'Confirmed'
        
        GROUP BY b.transactNo, f.flightDepartureDate, f.returnDepartureDate, b.status, 
                 p.packageName, b.bookingDate, b.pax, b.totalPrice, a.lName, a.fName, a.mName, br.branchName
        ORDER BY CAST(SUBSTRING_INDEX(b.transactNo, '-', -1) AS UNSIGNED)
[2025-08-12 08:05:13] Total records fetched: 98
[2025-08-12 08:05:28] WHERE clause: 
[2025-08-12 08:05:28] SQL Query: SELECT b.transactNo, DATE_FORMAT(f.flightDepartureDate, '%Y.%m.%d') AS departureDate, f.returnDepartureDate AS returnDate, 
        b.status AS bookingStatus, CONCAT(f.flightDepartureDate, ' | ', f.returnDepartureDate) AS FlightDate, 
        p.packageName AS PackageName, b.bookingDate, b.pax AS TotalPax,  
        b.totalPrice AS PackagePrice, br.branchName as branchName, COALESCE(SUM(pa.amount), 0) AS TotalAmountPaid,
        CONCAT(a.lName, ', ', a.fName, ' ', IFNULL(CONCAT(SUBSTRING(a.mName, 1, 1), '.'), '')) AS agentName,
        COALESCE(SUM(r.requestCost), 0) AS TotalRequestAmount
        FROM booking b
        JOIN branch br ON b.agentCode = br.branchAgentCode
        JOIN flight f ON f.flightId = b.flightId
        JOIN package p ON p.packageId = b.packageId
        LEFT JOIN agent a ON b.accountType = 'Agent' AND b.accountId = a.accountId
        LEFT JOIN company c ON a.companyId = c.companyId
        LEFT JOIN client cl ON b.accountType = 'Client' AND b.accountId = cl.accountId
        LEFT JOIN company cc ON cl.companyId = cc.companyId
        LEFT JOIN payment pa ON pa.transactNo = b.transactNo AND pa.paymentStatus = 'Approved'
        LEFT JOIN request r ON r.transactNo = b.transactNo AND r.requestStatus = 'Confirmed'
        
        GROUP BY b.transactNo, f.flightDepartureDate, f.returnDepartureDate, b.status, 
                 p.packageName, b.bookingDate, b.pax, b.totalPrice, a.lName, a.fName, a.mName, br.branchName
        ORDER BY CAST(SUBSTRING_INDEX(b.transactNo, '-', -1) AS UNSIGNED)
[2025-08-12 08:05:28] Total records fetched: 98
[2025-08-12 08:05:41] WHERE clause: 
[2025-08-12 08:05:41] SQL Query: SELECT b.transactNo, DATE_FORMAT(f.flightDepartureDate, '%Y.%m.%d') AS departureDate, f.returnDepartureDate AS returnDate, 
        b.status AS bookingStatus, CONCAT(f.flightDepartureDate, ' | ', f.returnDepartureDate) AS FlightDate, 
        p.packageName AS PackageName, b.bookingDate, b.pax AS TotalPax,  
        b.totalPrice AS PackagePrice, br.branchName as branchName, COALESCE(SUM(pa.amount), 0) AS TotalAmountPaid,
        CONCAT(a.lName, ', ', a.fName, ' ', IFNULL(CONCAT(SUBSTRING(a.mName, 1, 1), '.'), '')) AS agentName,
        COALESCE(SUM(r.requestCost), 0) AS TotalRequestAmount
        FROM booking b
        JOIN branch br ON b.agentCode = br.branchAgentCode
        JOIN flight f ON f.flightId = b.flightId
        JOIN package p ON p.packageId = b.packageId
        LEFT JOIN agent a ON b.accountType = 'Agent' AND b.accountId = a.accountId
        LEFT JOIN company c ON a.companyId = c.companyId
        LEFT JOIN client cl ON b.accountType = 'Client' AND b.accountId = cl.accountId
        LEFT JOIN company cc ON cl.companyId = cc.companyId
        LEFT JOIN payment pa ON pa.transactNo = b.transactNo AND pa.paymentStatus = 'Approved'
        LEFT JOIN request r ON r.transactNo = b.transactNo AND r.requestStatus = 'Confirmed'
        
        GROUP BY b.transactNo, f.flightDepartureDate, f.returnDepartureDate, b.status, 
                 p.packageName, b.bookingDate, b.pax, b.totalPrice, a.lName, a.fName, a.mName, br.branchName
        ORDER BY CAST(SUBSTRING_INDEX(b.transactNo, '-', -1) AS UNSIGNED)
[2025-08-12 08:05:41] Total records fetched: 98
[2025-08-12 08:05:46] WHERE clause: 
[2025-08-12 08:05:46] SQL Query: SELECT b.transactNo, DATE_FORMAT(f.flightDepartureDate, '%Y.%m.%d') AS departureDate, f.returnDepartureDate AS returnDate, 
        b.status AS bookingStatus, CONCAT(f.flightDepartureDate, ' | ', f.returnDepartureDate) AS FlightDate, 
        p.packageName AS PackageName, b.bookingDate, b.pax AS TotalPax,  
        b.totalPrice AS PackagePrice, br.branchName as branchName, COALESCE(SUM(pa.amount), 0) AS TotalAmountPaid,
        CONCAT(a.lName, ', ', a.fName, ' ', IFNULL(CONCAT(SUBSTRING(a.mName, 1, 1), '.'), '')) AS agentName,
        COALESCE(SUM(r.requestCost), 0) AS TotalRequestAmount
        FROM booking b
        JOIN branch br ON b.agentCode = br.branchAgentCode
        JOIN flight f ON f.flightId = b.flightId
        JOIN package p ON p.packageId = b.packageId
        LEFT JOIN agent a ON b.accountType = 'Agent' AND b.accountId = a.accountId
        LEFT JOIN company c ON a.companyId = c.companyId
        LEFT JOIN client cl ON b.accountType = 'Client' AND b.accountId = cl.accountId
        LEFT JOIN company cc ON cl.companyId = cc.companyId
        LEFT JOIN payment pa ON pa.transactNo = b.transactNo AND pa.paymentStatus = 'Approved'
        LEFT JOIN request r ON r.transactNo = b.transactNo AND r.requestStatus = 'Confirmed'
        
        GROUP BY b.transactNo, f.flightDepartureDate, f.returnDepartureDate, b.status, 
                 p.packageName, b.bookingDate, b.pax, b.totalPrice, a.lName, a.fName, a.mName, br.branchName
        ORDER BY CAST(SUBSTRING_INDEX(b.transactNo, '-', -1) AS UNSIGNED)
[2025-08-12 08:05:46] Total records fetched: 98
[2025-08-12 08:05:58] WHERE clause: 
[2025-08-12 08:05:58] SQL Query: SELECT b.transactNo, DATE_FORMAT(f.flightDepartureDate, '%Y.%m.%d') AS departureDate, f.returnDepartureDate AS returnDate, 
        b.status AS bookingStatus, CONCAT(f.flightDepartureDate, ' | ', f.returnDepartureDate) AS FlightDate, 
        p.packageName AS PackageName, b.bookingDate, b.pax AS TotalPax,  
        b.totalPrice AS PackagePrice, br.branchName as branchName, COALESCE(SUM(pa.amount), 0) AS TotalAmountPaid,
        CONCAT(a.lName, ', ', a.fName, ' ', IFNULL(CONCAT(SUBSTRING(a.mName, 1, 1), '.'), '')) AS agentName,
        COALESCE(SUM(r.requestCost), 0) AS TotalRequestAmount
        FROM booking b
        JOIN branch br ON b.agentCode = br.branchAgentCode
        JOIN flight f ON f.flightId = b.flightId
        JOIN package p ON p.packageId = b.packageId
        LEFT JOIN agent a ON b.accountType = 'Agent' AND b.accountId = a.accountId
        LEFT JOIN company c ON a.companyId = c.companyId
        LEFT JOIN client cl ON b.accountType = 'Client' AND b.accountId = cl.accountId
        LEFT JOIN company cc ON cl.companyId = cc.companyId
        LEFT JOIN payment pa ON pa.transactNo = b.transactNo AND pa.paymentStatus = 'Approved'
        LEFT JOIN request r ON r.transactNo = b.transactNo AND r.requestStatus = 'Confirmed'
        
        GROUP BY b.transactNo, f.flightDepartureDate, f.returnDepartureDate, b.status, 
                 p.packageName, b.bookingDate, b.pax, b.totalPrice, a.lName, a.fName, a.mName, br.branchName
        ORDER BY CAST(SUBSTRING_INDEX(b.transactNo, '-', -1) AS UNSIGNED)
[2025-08-12 08:05:58] Total records fetched: 98
[2025-08-12 08:06:08] WHERE clause: 
[2025-08-12 08:06:08] SQL Query: SELECT b.transactNo, DATE_FORMAT(f.flightDepartureDate, '%Y.%m.%d') AS departureDate, f.returnDepartureDate AS returnDate, 
        b.status AS bookingStatus, CONCAT(f.flightDepartureDate, ' | ', f.returnDepartureDate) AS FlightDate, 
        p.packageName AS PackageName, b.bookingDate, b.pax AS TotalPax,  
        b.totalPrice AS PackagePrice, br.branchName as branchName, COALESCE(SUM(pa.amount), 0) AS TotalAmountPaid,
        CONCAT(a.lName, ', ', a.fName, ' ', IFNULL(CONCAT(SUBSTRING(a.mName, 1, 1), '.'), '')) AS agentName,
        COALESCE(SUM(r.requestCost), 0) AS TotalRequestAmount
        FROM booking b
        JOIN branch br ON b.agentCode = br.branchAgentCode
        JOIN flight f ON f.flightId = b.flightId
        JOIN package p ON p.packageId = b.packageId
        LEFT JOIN agent a ON b.accountType = 'Agent' AND b.accountId = a.accountId
        LEFT JOIN company c ON a.companyId = c.companyId
        LEFT JOIN client cl ON b.accountType = 'Client' AND b.accountId = cl.accountId
        LEFT JOIN company cc ON cl.companyId = cc.companyId
        LEFT JOIN payment pa ON pa.transactNo = b.transactNo AND pa.paymentStatus = 'Approved'
        LEFT JOIN request r ON r.transactNo = b.transactNo AND r.requestStatus = 'Confirmed'
        
        GROUP BY b.transactNo, f.flightDepartureDate, f.returnDepartureDate, b.status, 
                 p.packageName, b.bookingDate, b.pax, b.totalPrice, a.lName, a.fName, a.mName, br.branchName
        ORDER BY CAST(SUBSTRING_INDEX(b.transactNo, '-', -1) AS UNSIGNED)
[2025-08-12 08:06:08] Total records fetched: 98
[2025-08-12 08:06:40] WHERE clause: 
[2025-08-12 08:06:40] SQL Query: SELECT b.transactNo, DATE_FORMAT(f.flightDepartureDate, '%Y.%m.%d') AS departureDate, f.returnDepartureDate AS returnDate, 
        b.status AS bookingStatus, CONCAT(f.flightDepartureDate, ' | ', f.returnDepartureDate) AS FlightDate, 
        p.packageName AS PackageName, b.bookingDate, b.pax AS TotalPax,  
        b.totalPrice AS PackagePrice, br.branchName as branchName, COALESCE(SUM(pa.amount), 0) AS TotalAmountPaid,
        CONCAT(a.lName, ', ', a.fName, ' ', IFNULL(CONCAT(SUBSTRING(a.mName, 1, 1), '.'), '')) AS agentName,
        COALESCE(SUM(r.requestCost), 0) AS TotalRequestAmount
        FROM booking b
        JOIN branch br ON b.agentCode = br.branchAgentCode
        JOIN flight f ON f.flightId = b.flightId
        JOIN package p ON p.packageId = b.packageId
        LEFT JOIN agent a ON b.accountType = 'Agent' AND b.accountId = a.accountId
        LEFT JOIN company c ON a.companyId = c.companyId
        LEFT JOIN client cl ON b.accountType = 'Client' AND b.accountId = cl.accountId
        LEFT JOIN company cc ON cl.companyId = cc.companyId
        LEFT JOIN payment pa ON pa.transactNo = b.transactNo AND pa.paymentStatus = 'Approved'
        LEFT JOIN request r ON r.transactNo = b.transactNo AND r.requestStatus = 'Confirmed'
        
        GROUP BY b.transactNo, f.flightDepartureDate, f.returnDepartureDate, b.status, 
                 p.packageName, b.bookingDate, b.pax, b.totalPrice, a.lName, a.fName, a.mName, br.branchName
        ORDER BY CAST(SUBSTRING_INDEX(b.transactNo, '-', -1) AS UNSIGNED)
[2025-08-12 08:06:40] Total records fetched: 98
[2025-08-12 08:07:12] WHERE clause: 
[2025-08-12 08:07:12] SQL Query: SELECT b.transactNo, DATE_FORMAT(f.flightDepartureDate, '%Y.%m.%d') AS departureDate, f.returnDepartureDate AS returnDate, 
        b.status AS bookingStatus, CONCAT(f.flightDepartureDate, ' | ', f.returnDepartureDate) AS FlightDate, 
        p.packageName AS PackageName, b.bookingDate, b.pax AS TotalPax,  
        b.totalPrice AS PackagePrice, br.branchName as branchName, COALESCE(SUM(pa.amount), 0) AS TotalAmountPaid,
        CONCAT(a.lName, ', ', a.fName, ' ', IFNULL(CONCAT(SUBSTRING(a.mName, 1, 1), '.'), '')) AS agentName,
        COALESCE(SUM(r.requestCost), 0) AS TotalRequestAmount
        FROM booking b
        JOIN branch br ON b.agentCode = br.branchAgentCode
        JOIN flight f ON f.flightId = b.flightId
        JOIN package p ON p.packageId = b.packageId
        LEFT JOIN agent a ON b.accountType = 'Agent' AND b.accountId = a.accountId
        LEFT JOIN company c ON a.companyId = c.companyId
        LEFT JOIN client cl ON b.accountType = 'Client' AND b.accountId = cl.accountId
        LEFT JOIN company cc ON cl.companyId = cc.companyId
        LEFT JOIN payment pa ON pa.transactNo = b.transactNo AND pa.paymentStatus = 'Approved'
        LEFT JOIN request r ON r.transactNo = b.transactNo AND r.requestStatus = 'Confirmed'
        
        GROUP BY b.transactNo, f.flightDepartureDate, f.returnDepartureDate, b.status, 
                 p.packageName, b.bookingDate, b.pax, b.totalPrice, a.lName, a.fName, a.mName, br.branchName
        ORDER BY CAST(SUBSTRING_INDEX(b.transactNo, '-', -1) AS UNSIGNED)
[2025-08-12 08:07:12] Total records fetched: 98
[2025-08-12 08:07:18] WHERE clause: 
[2025-08-12 08:07:18] SQL Query: SELECT b.transactNo, DATE_FORMAT(f.flightDepartureDate, '%Y.%m.%d') AS departureDate, f.returnDepartureDate AS returnDate, 
        b.status AS bookingStatus, CONCAT(f.flightDepartureDate, ' | ', f.returnDepartureDate) AS FlightDate, 
        p.packageName AS PackageName, b.bookingDate, b.pax AS TotalPax,  
        b.totalPrice AS PackagePrice, br.branchName as branchName, COALESCE(SUM(pa.amount), 0) AS TotalAmountPaid,
        CONCAT(a.lName, ', ', a.fName, ' ', IFNULL(CONCAT(SUBSTRING(a.mName, 1, 1), '.'), '')) AS agentName,
        COALESCE(SUM(r.requestCost), 0) AS TotalRequestAmount
        FROM booking b
        JOIN branch br ON b.agentCode = br.branchAgentCode
        JOIN flight f ON f.flightId = b.flightId
        JOIN package p ON p.packageId = b.packageId
        LEFT JOIN agent a ON b.accountType = 'Agent' AND b.accountId = a.accountId
        LEFT JOIN company c ON a.companyId = c.companyId
        LEFT JOIN client cl ON b.accountType = 'Client' AND b.accountId = cl.accountId
        LEFT JOIN company cc ON cl.companyId = cc.companyId
        LEFT JOIN payment pa ON pa.transactNo = b.transactNo AND pa.paymentStatus = 'Approved'
        LEFT JOIN request r ON r.transactNo = b.transactNo AND r.requestStatus = 'Confirmed'
        
        GROUP BY b.transactNo, f.flightDepartureDate, f.returnDepartureDate, b.status, 
                 p.packageName, b.bookingDate, b.pax, b.totalPrice, a.lName, a.fName, a.mName, br.branchName
        ORDER BY CAST(SUBSTRING_INDEX(b.transactNo, '-', -1) AS UNSIGNED)
[2025-08-12 08:07:18] Total records fetched: 98
[2025-08-12 08:07:19] WHERE clause: 
[2025-08-12 08:07:19] SQL Query: SELECT b.transactNo, DATE_FORMAT(f.flightDepartureDate, '%Y.%m.%d') AS departureDate, f.returnDepartureDate AS returnDate, 
        b.status AS bookingStatus, CONCAT(f.flightDepartureDate, ' | ', f.returnDepartureDate) AS FlightDate, 
        p.packageName AS PackageName, b.bookingDate, b.pax AS TotalPax,  
        b.totalPrice AS PackagePrice, br.branchName as branchName, COALESCE(SUM(pa.amount), 0) AS TotalAmountPaid,
        CONCAT(a.lName, ', ', a.fName, ' ', IFNULL(CONCAT(SUBSTRING(a.mName, 1, 1), '.'), '')) AS agentName,
        COALESCE(SUM(r.requestCost), 0) AS TotalRequestAmount
        FROM booking b
        JOIN branch br ON b.agentCode = br.branchAgentCode
        JOIN flight f ON f.flightId = b.flightId
        JOIN package p ON p.packageId = b.packageId
        LEFT JOIN agent a ON b.accountType = 'Agent' AND b.accountId = a.accountId
        LEFT JOIN company c ON a.companyId = c.companyId
        LEFT JOIN client cl ON b.accountType = 'Client' AND b.accountId = cl.accountId
        LEFT JOIN company cc ON cl.companyId = cc.companyId
        LEFT JOIN payment pa ON pa.transactNo = b.transactNo AND pa.paymentStatus = 'Approved'
        LEFT JOIN request r ON r.transactNo = b.transactNo AND r.requestStatus = 'Confirmed'
        
        GROUP BY b.transactNo, f.flightDepartureDate, f.returnDepartureDate, b.status, 
                 p.packageName, b.bookingDate, b.pax, b.totalPrice, a.lName, a.fName, a.mName, br.branchName
        ORDER BY CAST(SUBSTRING_INDEX(b.transactNo, '-', -1) AS UNSIGNED)
[2025-08-12 08:07:19] Total records fetched: 98
[2025-08-12 08:07:38] WHERE clause: 
[2025-08-12 08:07:38] SQL Query: SELECT b.transactNo, DATE_FORMAT(f.flightDepartureDate, '%Y.%m.%d') AS departureDate, f.returnDepartureDate AS returnDate, 
        b.status AS bookingStatus, CONCAT(f.flightDepartureDate, ' | ', f.returnDepartureDate) AS FlightDate, 
        p.packageName AS PackageName, b.bookingDate, b.pax AS TotalPax,  
        b.totalPrice AS PackagePrice, br.branchName as branchName, COALESCE(SUM(pa.amount), 0) AS TotalAmountPaid,
        CONCAT(a.lName, ', ', a.fName, ' ', IFNULL(CONCAT(SUBSTRING(a.mName, 1, 1), '.'), '')) AS agentName,
        COALESCE(SUM(r.requestCost), 0) AS TotalRequestAmount
        FROM booking b
        JOIN branch br ON b.agentCode = br.branchAgentCode
        JOIN flight f ON f.flightId = b.flightId
        JOIN package p ON p.packageId = b.packageId
        LEFT JOIN agent a ON b.accountType = 'Agent' AND b.accountId = a.accountId
        LEFT JOIN company c ON a.companyId = c.companyId
        LEFT JOIN client cl ON b.accountType = 'Client' AND b.accountId = cl.accountId
        LEFT JOIN company cc ON cl.companyId = cc.companyId
        LEFT JOIN payment pa ON pa.transactNo = b.transactNo AND pa.paymentStatus = 'Approved'
        LEFT JOIN request r ON r.transactNo = b.transactNo AND r.requestStatus = 'Confirmed'
        
        GROUP BY b.transactNo, f.flightDepartureDate, f.returnDepartureDate, b.status, 
                 p.packageName, b.bookingDate, b.pax, b.totalPrice, a.lName, a.fName, a.mName, br.branchName
        ORDER BY CAST(SUBSTRING_INDEX(b.transactNo, '-', -1) AS UNSIGNED)
[2025-08-12 08:07:38] Total records fetched: 98
[2025-08-12 08:07:49] WHERE clause: 
[2025-08-12 08:07:49] SQL Query: SELECT b.transactNo, DATE_FORMAT(f.flightDepartureDate, '%Y.%m.%d') AS departureDate, f.returnDepartureDate AS returnDate, 
        b.status AS bookingStatus, CONCAT(f.flightDepartureDate, ' | ', f.returnDepartureDate) AS FlightDate, 
        p.packageName AS PackageName, b.bookingDate, b.pax AS TotalPax,  
        b.totalPrice AS PackagePrice, br.branchName as branchName, COALESCE(SUM(pa.amount), 0) AS TotalAmountPaid,
        CONCAT(a.lName, ', ', a.fName, ' ', IFNULL(CONCAT(SUBSTRING(a.mName, 1, 1), '.'), '')) AS agentName,
        COALESCE(SUM(r.requestCost), 0) AS TotalRequestAmount
        FROM booking b
        JOIN branch br ON b.agentCode = br.branchAgentCode
        JOIN flight f ON f.flightId = b.flightId
        JOIN package p ON p.packageId = b.packageId
        LEFT JOIN agent a ON b.accountType = 'Agent' AND b.accountId = a.accountId
        LEFT JOIN company c ON a.companyId = c.companyId
        LEFT JOIN client cl ON b.accountType = 'Client' AND b.accountId = cl.accountId
        LEFT JOIN company cc ON cl.companyId = cc.companyId
        LEFT JOIN payment pa ON pa.transactNo = b.transactNo AND pa.paymentStatus = 'Approved'
        LEFT JOIN request r ON r.transactNo = b.transactNo AND r.requestStatus = 'Confirmed'
        
        GROUP BY b.transactNo, f.flightDepartureDate, f.returnDepartureDate, b.status, 
                 p.packageName, b.bookingDate, b.pax, b.totalPrice, a.lName, a.fName, a.mName, br.branchName
        ORDER BY CAST(SUBSTRING_INDEX(b.transactNo, '-', -1) AS UNSIGNED)
[2025-08-12 08:07:49] Total records fetched: 98
[2025-08-12 08:13:26] WHERE clause: 
[2025-08-12 08:13:26] SQL Query: SELECT b.transactNo, DATE_FORMAT(f.flightDepartureDate, '%Y.%m.%d') AS departureDate, f.returnDepartureDate AS returnDate, 
        b.status AS bookingStatus, CONCAT(f.flightDepartureDate, ' | ', f.returnDepartureDate) AS FlightDate, 
        p.packageName AS PackageName, b.bookingDate, b.pax AS TotalPax,  
        b.totalPrice AS PackagePrice, br.branchName as branchName, COALESCE(SUM(pa.amount), 0) AS TotalAmountPaid,
        CONCAT(a.lName, ', ', a.fName, ' ', IFNULL(CONCAT(SUBSTRING(a.mName, 1, 1), '.'), '')) AS agentName,
        COALESCE(SUM(r.requestCost), 0) AS TotalRequestAmount
        FROM booking b
        JOIN branch br ON b.agentCode = br.branchAgentCode
        JOIN flight f ON f.flightId = b.flightId
        JOIN package p ON p.packageId = b.packageId
        LEFT JOIN agent a ON b.accountType = 'Agent' AND b.accountId = a.accountId
        LEFT JOIN company c ON a.companyId = c.companyId
        LEFT JOIN client cl ON b.accountType = 'Client' AND b.accountId = cl.accountId
        LEFT JOIN company cc ON cl.companyId = cc.companyId
        LEFT JOIN payment pa ON pa.transactNo = b.transactNo AND pa.paymentStatus = 'Approved'
        LEFT JOIN request r ON r.transactNo = b.transactNo AND r.requestStatus = 'Confirmed'
        
        GROUP BY b.transactNo, f.flightDepartureDate, f.returnDepartureDate, b.status, 
                 p.packageName, b.bookingDate, b.pax, b.totalPrice, a.lName, a.fName, a.mName, br.branchName
        ORDER BY CAST(SUBSTRING_INDEX(b.transactNo, '-', -1) AS UNSIGNED)
[2025-08-12 08:13:26] Total records fetched: 98
[2025-08-12 08:13:27] WHERE clause: 
[2025-08-12 08:13:27] SQL Query: SELECT b.transactNo, DATE_FORMAT(f.flightDepartureDate, '%Y.%m.%d') AS departureDate, f.returnDepartureDate AS returnDate, 
        b.status AS bookingStatus, CONCAT(f.flightDepartureDate, ' | ', f.returnDepartureDate) AS FlightDate, 
        p.packageName AS PackageName, b.bookingDate, b.pax AS TotalPax,  
        b.totalPrice AS PackagePrice, br.branchName as branchName, COALESCE(SUM(pa.amount), 0) AS TotalAmountPaid,
        CONCAT(a.lName, ', ', a.fName, ' ', IFNULL(CONCAT(SUBSTRING(a.mName, 1, 1), '.'), '')) AS agentName,
        COALESCE(SUM(r.requestCost), 0) AS TotalRequestAmount
        FROM booking b
        JOIN branch br ON b.agentCode = br.branchAgentCode
        JOIN flight f ON f.flightId = b.flightId
        JOIN package p ON p.packageId = b.packageId
        LEFT JOIN agent a ON b.accountType = 'Agent' AND b.accountId = a.accountId
        LEFT JOIN company c ON a.companyId = c.companyId
        LEFT JOIN client cl ON b.accountType = 'Client' AND b.accountId = cl.accountId
        LEFT JOIN company cc ON cl.companyId = cc.companyId
        LEFT JOIN payment pa ON pa.transactNo = b.transactNo AND pa.paymentStatus = 'Approved'
        LEFT JOIN request r ON r.transactNo = b.transactNo AND r.requestStatus = 'Confirmed'
        
        GROUP BY b.transactNo, f.flightDepartureDate, f.returnDepartureDate, b.status, 
                 p.packageName, b.bookingDate, b.pax, b.totalPrice, a.lName, a.fName, a.mName, br.branchName
        ORDER BY CAST(SUBSTRING_INDEX(b.transactNo, '-', -1) AS UNSIGNED)
[2025-08-12 08:13:27] Total records fetched: 98
[2025-08-12 08:13:28] WHERE clause: 
[2025-08-12 08:13:28] SQL Query: SELECT b.transactNo, DATE_FORMAT(f.flightDepartureDate, '%Y.%m.%d') AS departureDate, f.returnDepartureDate AS returnDate, 
        b.status AS bookingStatus, CONCAT(f.flightDepartureDate, ' | ', f.returnDepartureDate) AS FlightDate, 
        p.packageName AS PackageName, b.bookingDate, b.pax AS TotalPax,  
        b.totalPrice AS PackagePrice, br.branchName as branchName, COALESCE(SUM(pa.amount), 0) AS TotalAmountPaid,
        CONCAT(a.lName, ', ', a.fName, ' ', IFNULL(CONCAT(SUBSTRING(a.mName, 1, 1), '.'), '')) AS agentName,
        COALESCE(SUM(r.requestCost), 0) AS TotalRequestAmount
        FROM booking b
        JOIN branch br ON b.agentCode = br.branchAgentCode
        JOIN flight f ON f.flightId = b.flightId
        JOIN package p ON p.packageId = b.packageId
        LEFT JOIN agent a ON b.accountType = 'Agent' AND b.accountId = a.accountId
        LEFT JOIN company c ON a.companyId = c.companyId
        LEFT JOIN client cl ON b.accountType = 'Client' AND b.accountId = cl.accountId
        LEFT JOIN company cc ON cl.companyId = cc.companyId
        LEFT JOIN payment pa ON pa.transactNo = b.transactNo AND pa.paymentStatus = 'Approved'
        LEFT JOIN request r ON r.transactNo = b.transactNo AND r.requestStatus = 'Confirmed'
        
        GROUP BY b.transactNo, f.flightDepartureDate, f.returnDepartureDate, b.status, 
                 p.packageName, b.bookingDate, b.pax, b.totalPrice, a.lName, a.fName, a.mName, br.branchName
        ORDER BY CAST(SUBSTRING_INDEX(b.transactNo, '-', -1) AS UNSIGNED)
[2025-08-12 08:13:28] Total records fetched: 98
[2025-08-12 08:13:29] WHERE clause: 
[2025-08-12 08:13:29] SQL Query: SELECT b.transactNo, DATE_FORMAT(f.flightDepartureDate, '%Y.%m.%d') AS departureDate, f.returnDepartureDate AS returnDate, 
        b.status AS bookingStatus, CONCAT(f.flightDepartureDate, ' | ', f.returnDepartureDate) AS FlightDate, 
        p.packageName AS PackageName, b.bookingDate, b.pax AS TotalPax,  
        b.totalPrice AS PackagePrice, br.branchName as branchName, COALESCE(SUM(pa.amount), 0) AS TotalAmountPaid,
        CONCAT(a.lName, ', ', a.fName, ' ', IFNULL(CONCAT(SUBSTRING(a.mName, 1, 1), '.'), '')) AS agentName,
        COALESCE(SUM(r.requestCost), 0) AS TotalRequestAmount
        FROM booking b
        JOIN branch br ON b.agentCode = br.branchAgentCode
        JOIN flight f ON f.flightId = b.flightId
        JOIN package p ON p.packageId = b.packageId
        LEFT JOIN agent a ON b.accountType = 'Agent' AND b.accountId = a.accountId
        LEFT JOIN company c ON a.companyId = c.companyId
        LEFT JOIN client cl ON b.accountType = 'Client' AND b.accountId = cl.accountId
        LEFT JOIN company cc ON cl.companyId = cc.companyId
        LEFT JOIN payment pa ON pa.transactNo = b.transactNo AND pa.paymentStatus = 'Approved'
        LEFT JOIN request r ON r.transactNo = b.transactNo AND r.requestStatus = 'Confirmed'
        
        GROUP BY b.transactNo, f.flightDepartureDate, f.returnDepartureDate, b.status, 
                 p.packageName, b.bookingDate, b.pax, b.totalPrice, a.lName, a.fName, a.mName, br.branchName
        ORDER BY CAST(SUBSTRING_INDEX(b.transactNo, '-', -1) AS UNSIGNED)
[2025-08-12 08:13:29] Total records fetched: 98
[2025-08-12 08:13:33] WHERE clause: 
[2025-08-12 08:13:33] SQL Query: SELECT b.transactNo, DATE_FORMAT(f.flightDepartureDate, '%Y.%m.%d') AS departureDate, f.returnDepartureDate AS returnDate, 
        b.status AS bookingStatus, CONCAT(f.flightDepartureDate, ' | ', f.returnDepartureDate) AS FlightDate, 
        p.packageName AS PackageName, b.bookingDate, b.pax AS TotalPax,  
        b.totalPrice AS PackagePrice, br.branchName as branchName, COALESCE(SUM(pa.amount), 0) AS TotalAmountPaid,
        CONCAT(a.lName, ', ', a.fName, ' ', IFNULL(CONCAT(SUBSTRING(a.mName, 1, 1), '.'), '')) AS agentName,
        COALESCE(SUM(r.requestCost), 0) AS TotalRequestAmount
        FROM booking b
        JOIN branch br ON b.agentCode = br.branchAgentCode
        JOIN flight f ON f.flightId = b.flightId
        JOIN package p ON p.packageId = b.packageId
        LEFT JOIN agent a ON b.accountType = 'Agent' AND b.accountId = a.accountId
        LEFT JOIN company c ON a.companyId = c.companyId
        LEFT JOIN client cl ON b.accountType = 'Client' AND b.accountId = cl.accountId
        LEFT JOIN company cc ON cl.companyId = cc.companyId
        LEFT JOIN payment pa ON pa.transactNo = b.transactNo AND pa.paymentStatus = 'Approved'
        LEFT JOIN request r ON r.transactNo = b.transactNo AND r.requestStatus = 'Confirmed'
        
        GROUP BY b.transactNo, f.flightDepartureDate, f.returnDepartureDate, b.status, 
                 p.packageName, b.bookingDate, b.pax, b.totalPrice, a.lName, a.fName, a.mName, br.branchName
        ORDER BY CAST(SUBSTRING_INDEX(b.transactNo, '-', -1) AS UNSIGNED)
[2025-08-12 08:13:33] Total records fetched: 98
[2025-08-12 08:13:34] WHERE clause: 
[2025-08-12 08:13:34] SQL Query: SELECT b.transactNo, DATE_FORMAT(f.flightDepartureDate, '%Y.%m.%d') AS departureDate, f.returnDepartureDate AS returnDate, 
        b.status AS bookingStatus, CONCAT(f.flightDepartureDate, ' | ', f.returnDepartureDate) AS FlightDate, 
        p.packageName AS PackageName, b.bookingDate, b.pax AS TotalPax,  
        b.totalPrice AS PackagePrice, br.branchName as branchName, COALESCE(SUM(pa.amount), 0) AS TotalAmountPaid,
        CONCAT(a.lName, ', ', a.fName, ' ', IFNULL(CONCAT(SUBSTRING(a.mName, 1, 1), '.'), '')) AS agentName,
        COALESCE(SUM(r.requestCost), 0) AS TotalRequestAmount
        FROM booking b
        JOIN branch br ON b.agentCode = br.branchAgentCode
        JOIN flight f ON f.flightId = b.flightId
        JOIN package p ON p.packageId = b.packageId
        LEFT JOIN agent a ON b.accountType = 'Agent' AND b.accountId = a.accountId
        LEFT JOIN company c ON a.companyId = c.companyId
        LEFT JOIN client cl ON b.accountType = 'Client' AND b.accountId = cl.accountId
        LEFT JOIN company cc ON cl.companyId = cc.companyId
        LEFT JOIN payment pa ON pa.transactNo = b.transactNo AND pa.paymentStatus = 'Approved'
        LEFT JOIN request r ON r.transactNo = b.transactNo AND r.requestStatus = 'Confirmed'
        
        GROUP BY b.transactNo, f.flightDepartureDate, f.returnDepartureDate, b.status, 
                 p.packageName, b.bookingDate, b.pax, b.totalPrice, a.lName, a.fName, a.mName, br.branchName
        ORDER BY CAST(SUBSTRING_INDEX(b.transactNo, '-', -1) AS UNSIGNED)
[2025-08-12 08:13:34] Total records fetched: 98
[2025-08-12 08:13:38] WHERE clause: 
[2025-08-12 08:13:38] SQL Query: SELECT b.transactNo, DATE_FORMAT(f.flightDepartureDate, '%Y.%m.%d') AS departureDate, f.returnDepartureDate AS returnDate, 
        b.status AS bookingStatus, CONCAT(f.flightDepartureDate, ' | ', f.returnDepartureDate) AS FlightDate, 
        p.packageName AS PackageName, b.bookingDate, b.pax AS TotalPax,  
        b.totalPrice AS PackagePrice, br.branchName as branchName, COALESCE(SUM(pa.amount), 0) AS TotalAmountPaid,
        CONCAT(a.lName, ', ', a.fName, ' ', IFNULL(CONCAT(SUBSTRING(a.mName, 1, 1), '.'), '')) AS agentName,
        COALESCE(SUM(r.requestCost), 0) AS TotalRequestAmount
        FROM booking b
        JOIN branch br ON b.agentCode = br.branchAgentCode
        JOIN flight f ON f.flightId = b.flightId
        JOIN package p ON p.packageId = b.packageId
        LEFT JOIN agent a ON b.accountType = 'Agent' AND b.accountId = a.accountId
        LEFT JOIN company c ON a.companyId = c.companyId
        LEFT JOIN client cl ON b.accountType = 'Client' AND b.accountId = cl.accountId
        LEFT JOIN company cc ON cl.companyId = cc.companyId
        LEFT JOIN payment pa ON pa.transactNo = b.transactNo AND pa.paymentStatus = 'Approved'
        LEFT JOIN request r ON r.transactNo = b.transactNo AND r.requestStatus = 'Confirmed'
        
        GROUP BY b.transactNo, f.flightDepartureDate, f.returnDepartureDate, b.status, 
                 p.packageName, b.bookingDate, b.pax, b.totalPrice, a.lName, a.fName, a.mName, br.branchName
        ORDER BY CAST(SUBSTRING_INDEX(b.transactNo, '-', -1) AS UNSIGNED)
[2025-08-12 08:13:38] Total records fetched: 98
[2025-08-12 08:13:39] WHERE clause: 
[2025-08-12 08:13:39] SQL Query: SELECT b.transactNo, DATE_FORMAT(f.flightDepartureDate, '%Y.%m.%d') AS departureDate, f.returnDepartureDate AS returnDate, 
        b.status AS bookingStatus, CONCAT(f.flightDepartureDate, ' | ', f.returnDepartureDate) AS FlightDate, 
        p.packageName AS PackageName, b.bookingDate, b.pax AS TotalPax,  
        b.totalPrice AS PackagePrice, br.branchName as branchName, COALESCE(SUM(pa.amount), 0) AS TotalAmountPaid,
        CONCAT(a.lName, ', ', a.fName, ' ', IFNULL(CONCAT(SUBSTRING(a.mName, 1, 1), '.'), '')) AS agentName,
        COALESCE(SUM(r.requestCost), 0) AS TotalRequestAmount
        FROM booking b
        JOIN branch br ON b.agentCode = br.branchAgentCode
        JOIN flight f ON f.flightId = b.flightId
        JOIN package p ON p.packageId = b.packageId
        LEFT JOIN agent a ON b.accountType = 'Agent' AND b.accountId = a.accountId
        LEFT JOIN company c ON a.companyId = c.companyId
        LEFT JOIN client cl ON b.accountType = 'Client' AND b.accountId = cl.accountId
        LEFT JOIN company cc ON cl.companyId = cc.companyId
        LEFT JOIN payment pa ON pa.transactNo = b.transactNo AND pa.paymentStatus = 'Approved'
        LEFT JOIN request r ON r.transactNo = b.transactNo AND r.requestStatus = 'Confirmed'
        
        GROUP BY b.transactNo, f.flightDepartureDate, f.returnDepartureDate, b.status, 
                 p.packageName, b.bookingDate, b.pax, b.totalPrice, a.lName, a.fName, a.mName, br.branchName
        ORDER BY CAST(SUBSTRING_INDEX(b.transactNo, '-', -1) AS UNSIGNED)
[2025-08-12 08:13:39] Total records fetched: 98
[2025-08-12 08:13:41] WHERE clause: 
[2025-08-12 08:13:41] SQL Query: SELECT b.transactNo, DATE_FORMAT(f.flightDepartureDate, '%Y.%m.%d') AS departureDate, f.returnDepartureDate AS returnDate, 
        b.status AS bookingStatus, CONCAT(f.flightDepartureDate, ' | ', f.returnDepartureDate) AS FlightDate, 
        p.packageName AS PackageName, b.bookingDate, b.pax AS TotalPax,  
        b.totalPrice AS PackagePrice, br.branchName as branchName, COALESCE(SUM(pa.amount), 0) AS TotalAmountPaid,
        CONCAT(a.lName, ', ', a.fName, ' ', IFNULL(CONCAT(SUBSTRING(a.mName, 1, 1), '.'), '')) AS agentName,
        COALESCE(SUM(r.requestCost), 0) AS TotalRequestAmount
        FROM booking b
        JOIN branch br ON b.agentCode = br.branchAgentCode
        JOIN flight f ON f.flightId = b.flightId
        JOIN package p ON p.packageId = b.packageId
        LEFT JOIN agent a ON b.accountType = 'Agent' AND b.accountId = a.accountId
        LEFT JOIN company c ON a.companyId = c.companyId
        LEFT JOIN client cl ON b.accountType = 'Client' AND b.accountId = cl.accountId
        LEFT JOIN company cc ON cl.companyId = cc.companyId
        LEFT JOIN payment pa ON pa.transactNo = b.transactNo AND pa.paymentStatus = 'Approved'
        LEFT JOIN request r ON r.transactNo = b.transactNo AND r.requestStatus = 'Confirmed'
        
        GROUP BY b.transactNo, f.flightDepartureDate, f.returnDepartureDate, b.status, 
                 p.packageName, b.bookingDate, b.pax, b.totalPrice, a.lName, a.fName, a.mName, br.branchName
        ORDER BY CAST(SUBSTRING_INDEX(b.transactNo, '-', -1) AS UNSIGNED)
[2025-08-12 08:13:41] Total records fetched: 98
[2025-08-12 08:15:10] WHERE clause: 
[2025-08-12 08:15:10] SQL Query: SELECT b.transactNo, DATE_FORMAT(f.flightDepartureDate, '%Y.%m.%d') AS departureDate, f.returnDepartureDate AS returnDate, 
        b.status AS bookingStatus, CONCAT(f.flightDepartureDate, ' | ', f.returnDepartureDate) AS FlightDate, 
        p.packageName AS PackageName, b.bookingDate, b.pax AS TotalPax,  
        b.totalPrice AS PackagePrice, br.branchName as branchName, COALESCE(SUM(pa.amount), 0) AS TotalAmountPaid,
        CONCAT(a.lName, ', ', a.fName, ' ', IFNULL(CONCAT(SUBSTRING(a.mName, 1, 1), '.'), '')) AS agentName,
        COALESCE(SUM(r.requestCost), 0) AS TotalRequestAmount
        FROM booking b
        JOIN branch br ON b.agentCode = br.branchAgentCode
        JOIN flight f ON f.flightId = b.flightId
        JOIN package p ON p.packageId = b.packageId
        LEFT JOIN agent a ON b.accountType = 'Agent' AND b.accountId = a.accountId
        LEFT JOIN company c ON a.companyId = c.companyId
        LEFT JOIN client cl ON b.accountType = 'Client' AND b.accountId = cl.accountId
        LEFT JOIN company cc ON cl.companyId = cc.companyId
        LEFT JOIN payment pa ON pa.transactNo = b.transactNo AND pa.paymentStatus = 'Approved'
        LEFT JOIN request r ON r.transactNo = b.transactNo AND r.requestStatus = 'Confirmed'
        
        GROUP BY b.transactNo, f.flightDepartureDate, f.returnDepartureDate, b.status, 
                 p.packageName, b.bookingDate, b.pax, b.totalPrice, a.lName, a.fName, a.mName, br.branchName
        ORDER BY CAST(SUBSTRING_INDEX(b.transactNo, '-', -1) AS UNSIGNED)
[2025-08-12 08:15:10] Total records fetched: 98
[2025-08-12 08:15:11] WHERE clause: 
[2025-08-12 08:15:11] SQL Query: SELECT b.transactNo, DATE_FORMAT(f.flightDepartureDate, '%Y.%m.%d') AS departureDate, f.returnDepartureDate AS returnDate, 
        b.status AS bookingStatus, CONCAT(f.flightDepartureDate, ' | ', f.returnDepartureDate) AS FlightDate, 
        p.packageName AS PackageName, b.bookingDate, b.pax AS TotalPax,  
        b.totalPrice AS PackagePrice, br.branchName as branchName, COALESCE(SUM(pa.amount), 0) AS TotalAmountPaid,
        CONCAT(a.lName, ', ', a.fName, ' ', IFNULL(CONCAT(SUBSTRING(a.mName, 1, 1), '.'), '')) AS agentName,
        COALESCE(SUM(r.requestCost), 0) AS TotalRequestAmount
        FROM booking b
        JOIN branch br ON b.agentCode = br.branchAgentCode
        JOIN flight f ON f.flightId = b.flightId
        JOIN package p ON p.packageId = b.packageId
        LEFT JOIN agent a ON b.accountType = 'Agent' AND b.accountId = a.accountId
        LEFT JOIN company c ON a.companyId = c.companyId
        LEFT JOIN client cl ON b.accountType = 'Client' AND b.accountId = cl.accountId
        LEFT JOIN company cc ON cl.companyId = cc.companyId
        LEFT JOIN payment pa ON pa.transactNo = b.transactNo AND pa.paymentStatus = 'Approved'
        LEFT JOIN request r ON r.transactNo = b.transactNo AND r.requestStatus = 'Confirmed'
        
        GROUP BY b.transactNo, f.flightDepartureDate, f.returnDepartureDate, b.status, 
                 p.packageName, b.bookingDate, b.pax, b.totalPrice, a.lName, a.fName, a.mName, br.branchName
        ORDER BY CAST(SUBSTRING_INDEX(b.transactNo, '-', -1) AS UNSIGNED)
[2025-08-12 08:15:11] Total records fetched: 98
[2025-08-12 08:15:12] WHERE clause: 
[2025-08-12 08:15:12] SQL Query: SELECT b.transactNo, DATE_FORMAT(f.flightDepartureDate, '%Y.%m.%d') AS departureDate, f.returnDepartureDate AS returnDate, 
        b.status AS bookingStatus, CONCAT(f.flightDepartureDate, ' | ', f.returnDepartureDate) AS FlightDate, 
        p.packageName AS PackageName, b.bookingDate, b.pax AS TotalPax,  
        b.totalPrice AS PackagePrice, br.branchName as branchName, COALESCE(SUM(pa.amount), 0) AS TotalAmountPaid,
        CONCAT(a.lName, ', ', a.fName, ' ', IFNULL(CONCAT(SUBSTRING(a.mName, 1, 1), '.'), '')) AS agentName,
        COALESCE(SUM(r.requestCost), 0) AS TotalRequestAmount
        FROM booking b
        JOIN branch br ON b.agentCode = br.branchAgentCode
        JOIN flight f ON f.flightId = b.flightId
        JOIN package p ON p.packageId = b.packageId
        LEFT JOIN agent a ON b.accountType = 'Agent' AND b.accountId = a.accountId
        LEFT JOIN company c ON a.companyId = c.companyId
        LEFT JOIN client cl ON b.accountType = 'Client' AND b.accountId = cl.accountId
        LEFT JOIN company cc ON cl.companyId = cc.companyId
        LEFT JOIN payment pa ON pa.transactNo = b.transactNo AND pa.paymentStatus = 'Approved'
        LEFT JOIN request r ON r.transactNo = b.transactNo AND r.requestStatus = 'Confirmed'
        
        GROUP BY b.transactNo, f.flightDepartureDate, f.returnDepartureDate, b.status, 
                 p.packageName, b.bookingDate, b.pax, b.totalPrice, a.lName, a.fName, a.mName, br.branchName
        ORDER BY CAST(SUBSTRING_INDEX(b.transactNo, '-', -1) AS UNSIGNED)
[2025-08-12 08:15:12] Total records fetched: 98
[2025-08-12 08:15:13] WHERE clause: 
[2025-08-12 08:15:13] SQL Query: SELECT b.transactNo, DATE_FORMAT(f.flightDepartureDate, '%Y.%m.%d') AS departureDate, f.returnDepartureDate AS returnDate, 
        b.status AS bookingStatus, CONCAT(f.flightDepartureDate, ' | ', f.returnDepartureDate) AS FlightDate, 
        p.packageName AS PackageName, b.bookingDate, b.pax AS TotalPax,  
        b.totalPrice AS PackagePrice, br.branchName as branchName, COALESCE(SUM(pa.amount), 0) AS TotalAmountPaid,
        CONCAT(a.lName, ', ', a.fName, ' ', IFNULL(CONCAT(SUBSTRING(a.mName, 1, 1), '.'), '')) AS agentName,
        COALESCE(SUM(r.requestCost), 0) AS TotalRequestAmount
        FROM booking b
        JOIN branch br ON b.agentCode = br.branchAgentCode
        JOIN flight f ON f.flightId = b.flightId
        JOIN package p ON p.packageId = b.packageId
        LEFT JOIN agent a ON b.accountType = 'Agent' AND b.accountId = a.accountId
        LEFT JOIN company c ON a.companyId = c.companyId
        LEFT JOIN client cl ON b.accountType = 'Client' AND b.accountId = cl.accountId
        LEFT JOIN company cc ON cl.companyId = cc.companyId
        LEFT JOIN payment pa ON pa.transactNo = b.transactNo AND pa.paymentStatus = 'Approved'
        LEFT JOIN request r ON r.transactNo = b.transactNo AND r.requestStatus = 'Confirmed'
        
        GROUP BY b.transactNo, f.flightDepartureDate, f.returnDepartureDate, b.status, 
                 p.packageName, b.bookingDate, b.pax, b.totalPrice, a.lName, a.fName, a.mName, br.branchName
        ORDER BY CAST(SUBSTRING_INDEX(b.transactNo, '-', -1) AS UNSIGNED)
[2025-08-12 08:15:13] Total records fetched: 98
[2025-08-12 08:15:13] WHERE clause: 
[2025-08-12 08:15:13] SQL Query: SELECT b.transactNo, DATE_FORMAT(f.flightDepartureDate, '%Y.%m.%d') AS departureDate, f.returnDepartureDate AS returnDate, 
        b.status AS bookingStatus, CONCAT(f.flightDepartureDate, ' | ', f.returnDepartureDate) AS FlightDate, 
        p.packageName AS PackageName, b.bookingDate, b.pax AS TotalPax,  
        b.totalPrice AS PackagePrice, br.branchName as branchName, COALESCE(SUM(pa.amount), 0) AS TotalAmountPaid,
        CONCAT(a.lName, ', ', a.fName, ' ', IFNULL(CONCAT(SUBSTRING(a.mName, 1, 1), '.'), '')) AS agentName,
        COALESCE(SUM(r.requestCost), 0) AS TotalRequestAmount
        FROM booking b
        JOIN branch br ON b.agentCode = br.branchAgentCode
        JOIN flight f ON f.flightId = b.flightId
        JOIN package p ON p.packageId = b.packageId
        LEFT JOIN agent a ON b.accountType = 'Agent' AND b.accountId = a.accountId
        LEFT JOIN company c ON a.companyId = c.companyId
        LEFT JOIN client cl ON b.accountType = 'Client' AND b.accountId = cl.accountId
        LEFT JOIN company cc ON cl.companyId = cc.companyId
        LEFT JOIN payment pa ON pa.transactNo = b.transactNo AND pa.paymentStatus = 'Approved'
        LEFT JOIN request r ON r.transactNo = b.transactNo AND r.requestStatus = 'Confirmed'
        
        GROUP BY b.transactNo, f.flightDepartureDate, f.returnDepartureDate, b.status, 
                 p.packageName, b.bookingDate, b.pax, b.totalPrice, a.lName, a.fName, a.mName, br.branchName
        ORDER BY CAST(SUBSTRING_INDEX(b.transactNo, '-', -1) AS UNSIGNED)
[2025-08-12 08:15:13] Total records fetched: 98
[2025-08-12 08:15:28] WHERE clause: 
[2025-08-12 08:15:28] SQL Query: SELECT b.transactNo, DATE_FORMAT(f.flightDepartureDate, '%Y.%m.%d') AS departureDate, f.returnDepartureDate AS returnDate, 
        b.status AS bookingStatus, CONCAT(f.flightDepartureDate, ' | ', f.returnDepartureDate) AS FlightDate, 
        p.packageName AS PackageName, b.bookingDate, b.pax AS TotalPax,  
        b.totalPrice AS PackagePrice, br.branchName as branchName, COALESCE(SUM(pa.amount), 0) AS TotalAmountPaid,
        CONCAT(a.lName, ', ', a.fName, ' ', IFNULL(CONCAT(SUBSTRING(a.mName, 1, 1), '.'), '')) AS agentName,
        COALESCE(SUM(r.requestCost), 0) AS TotalRequestAmount
        FROM booking b
        JOIN branch br ON b.agentCode = br.branchAgentCode
        JOIN flight f ON f.flightId = b.flightId
        JOIN package p ON p.packageId = b.packageId
        LEFT JOIN agent a ON b.accountType = 'Agent' AND b.accountId = a.accountId
        LEFT JOIN company c ON a.companyId = c.companyId
        LEFT JOIN client cl ON b.accountType = 'Client' AND b.accountId = cl.accountId
        LEFT JOIN company cc ON cl.companyId = cc.companyId
        LEFT JOIN payment pa ON pa.transactNo = b.transactNo AND pa.paymentStatus = 'Approved'
        LEFT JOIN request r ON r.transactNo = b.transactNo AND r.requestStatus = 'Confirmed'
        
        GROUP BY b.transactNo, f.flightDepartureDate, f.returnDepartureDate, b.status, 
                 p.packageName, b.bookingDate, b.pax, b.totalPrice, a.lName, a.fName, a.mName, br.branchName
        ORDER BY CAST(SUBSTRING_INDEX(b.transactNo, '-', -1) AS UNSIGNED)
[2025-08-12 08:15:28] Total records fetched: 98
[2025-08-12 08:17:27] WHERE clause: 
[2025-08-12 08:17:27] SQL Query: SELECT b.transactNo, DATE_FORMAT(f.flightDepartureDate, '%Y.%m.%d') AS departureDate, f.returnDepartureDate AS returnDate, 
        b.status AS bookingStatus, CONCAT(f.flightDepartureDate, ' | ', f.returnDepartureDate) AS FlightDate, 
        p.packageName AS PackageName, b.bookingDate, b.pax AS TotalPax,  
        b.totalPrice AS PackagePrice, br.branchName as branchName, COALESCE(SUM(pa.amount), 0) AS TotalAmountPaid,
        CONCAT(a.lName, ', ', a.fName, ' ', IFNULL(CONCAT(SUBSTRING(a.mName, 1, 1), '.'), '')) AS agentName,
        COALESCE(SUM(r.requestCost), 0) AS TotalRequestAmount
        FROM booking b
        JOIN branch br ON b.agentCode = br.branchAgentCode
        JOIN flight f ON f.flightId = b.flightId
        JOIN package p ON p.packageId = b.packageId
        LEFT JOIN agent a ON b.accountType = 'Agent' AND b.accountId = a.accountId
        LEFT JOIN company c ON a.companyId = c.companyId
        LEFT JOIN client cl ON b.accountType = 'Client' AND b.accountId = cl.accountId
        LEFT JOIN company cc ON cl.companyId = cc.companyId
        LEFT JOIN payment pa ON pa.transactNo = b.transactNo AND pa.paymentStatus = 'Approved'
        LEFT JOIN request r ON r.transactNo = b.transactNo AND r.requestStatus = 'Confirmed'
        
        GROUP BY b.transactNo, f.flightDepartureDate, f.returnDepartureDate, b.status, 
                 p.packageName, b.bookingDate, b.pax, b.totalPrice, a.lName, a.fName, a.mName, br.branchName
        ORDER BY CAST(SUBSTRING_INDEX(b.transactNo, '-', -1) AS UNSIGNED)
[2025-08-12 08:17:27] Total records fetched: 98
[2025-08-12 08:17:46] WHERE clause: 
[2025-08-12 08:17:46] SQL Query: SELECT b.transactNo, DATE_FORMAT(f.flightDepartureDate, '%Y.%m.%d') AS departureDate, f.returnDepartureDate AS returnDate, 
        b.status AS bookingStatus, CONCAT(f.flightDepartureDate, ' | ', f.returnDepartureDate) AS FlightDate, 
        p.packageName AS PackageName, b.bookingDate, b.pax AS TotalPax,  
        b.totalPrice AS PackagePrice, br.branchName as branchName, COALESCE(SUM(pa.amount), 0) AS TotalAmountPaid,
        CONCAT(a.lName, ', ', a.fName, ' ', IFNULL(CONCAT(SUBSTRING(a.mName, 1, 1), '.'), '')) AS agentName,
        COALESCE(SUM(r.requestCost), 0) AS TotalRequestAmount
        FROM booking b
        JOIN branch br ON b.agentCode = br.branchAgentCode
        JOIN flight f ON f.flightId = b.flightId
        JOIN package p ON p.packageId = b.packageId
        LEFT JOIN agent a ON b.accountType = 'Agent' AND b.accountId = a.accountId
        LEFT JOIN company c ON a.companyId = c.companyId
        LEFT JOIN client cl ON b.accountType = 'Client' AND b.accountId = cl.accountId
        LEFT JOIN company cc ON cl.companyId = cc.companyId
        LEFT JOIN payment pa ON pa.transactNo = b.transactNo AND pa.paymentStatus = 'Approved'
        LEFT JOIN request r ON r.transactNo = b.transactNo AND r.requestStatus = 'Confirmed'
        
        GROUP BY b.transactNo, f.flightDepartureDate, f.returnDepartureDate, b.status, 
                 p.packageName, b.bookingDate, b.pax, b.totalPrice, a.lName, a.fName, a.mName, br.branchName
        ORDER BY CAST(SUBSTRING_INDEX(b.transactNo, '-', -1) AS UNSIGNED)
[2025-08-12 08:17:46] Total records fetched: 98
[2025-08-12 08:17:46] WHERE clause: 
[2025-08-12 08:17:46] SQL Query: SELECT b.transactNo, DATE_FORMAT(f.flightDepartureDate, '%Y.%m.%d') AS departureDate, f.returnDepartureDate AS returnDate, 
        b.status AS bookingStatus, CONCAT(f.flightDepartureDate, ' | ', f.returnDepartureDate) AS FlightDate, 
        p.packageName AS PackageName, b.bookingDate, b.pax AS TotalPax,  
        b.totalPrice AS PackagePrice, br.branchName as branchName, COALESCE(SUM(pa.amount), 0) AS TotalAmountPaid,
        CONCAT(a.lName, ', ', a.fName, ' ', IFNULL(CONCAT(SUBSTRING(a.mName, 1, 1), '.'), '')) AS agentName,
        COALESCE(SUM(r.requestCost), 0) AS TotalRequestAmount
        FROM booking b
        JOIN branch br ON b.agentCode = br.branchAgentCode
        JOIN flight f ON f.flightId = b.flightId
        JOIN package p ON p.packageId = b.packageId
        LEFT JOIN agent a ON b.accountType = 'Agent' AND b.accountId = a.accountId
        LEFT JOIN company c ON a.companyId = c.companyId
        LEFT JOIN client cl ON b.accountType = 'Client' AND b.accountId = cl.accountId
        LEFT JOIN company cc ON cl.companyId = cc.companyId
        LEFT JOIN payment pa ON pa.transactNo = b.transactNo AND pa.paymentStatus = 'Approved'
        LEFT JOIN request r ON r.transactNo = b.transactNo AND r.requestStatus = 'Confirmed'
        
        GROUP BY b.transactNo, f.flightDepartureDate, f.returnDepartureDate, b.status, 
                 p.packageName, b.bookingDate, b.pax, b.totalPrice, a.lName, a.fName, a.mName, br.branchName
        ORDER BY CAST(SUBSTRING_INDEX(b.transactNo, '-', -1) AS UNSIGNED)
[2025-08-12 08:17:46] Total records fetched: 98
[2025-08-12 08:18:06] WHERE clause: 
[2025-08-12 08:18:06] SQL Query: SELECT b.transactNo, DATE_FORMAT(f.flightDepartureDate, '%Y.%m.%d') AS departureDate, f.returnDepartureDate AS returnDate, 
        b.status AS bookingStatus, CONCAT(f.flightDepartureDate, ' | ', f.returnDepartureDate) AS FlightDate, 
        p.packageName AS PackageName, b.bookingDate, b.pax AS TotalPax,  
        b.totalPrice AS PackagePrice, br.branchName as branchName, COALESCE(SUM(pa.amount), 0) AS TotalAmountPaid,
        CONCAT(a.lName, ', ', a.fName, ' ', IFNULL(CONCAT(SUBSTRING(a.mName, 1, 1), '.'), '')) AS agentName,
        COALESCE(SUM(r.requestCost), 0) AS TotalRequestAmount
        FROM booking b
        JOIN branch br ON b.agentCode = br.branchAgentCode
        JOIN flight f ON f.flightId = b.flightId
        JOIN package p ON p.packageId = b.packageId
        LEFT JOIN agent a ON b.accountType = 'Agent' AND b.accountId = a.accountId
        LEFT JOIN company c ON a.companyId = c.companyId
        LEFT JOIN client cl ON b.accountType = 'Client' AND b.accountId = cl.accountId
        LEFT JOIN company cc ON cl.companyId = cc.companyId
        LEFT JOIN payment pa ON pa.transactNo = b.transactNo AND pa.paymentStatus = 'Approved'
        LEFT JOIN request r ON r.transactNo = b.transactNo AND r.requestStatus = 'Confirmed'
        
        GROUP BY b.transactNo, f.flightDepartureDate, f.returnDepartureDate, b.status, 
                 p.packageName, b.bookingDate, b.pax, b.totalPrice, a.lName, a.fName, a.mName, br.branchName
        ORDER BY CAST(SUBSTRING_INDEX(b.transactNo, '-', -1) AS UNSIGNED)
[2025-08-12 08:18:06] Total records fetched: 98
[2025-08-12 08:18:56] WHERE clause: 
[2025-08-12 08:18:56] SQL Query: SELECT b.transactNo, DATE_FORMAT(f.flightDepartureDate, '%Y.%m.%d') AS departureDate, f.returnDepartureDate AS returnDate, 
        b.status AS bookingStatus, CONCAT(f.flightDepartureDate, ' | ', f.returnDepartureDate) AS FlightDate, 
        p.packageName AS PackageName, b.bookingDate, b.pax AS TotalPax,  
        b.totalPrice AS PackagePrice, br.branchName as branchName, COALESCE(SUM(pa.amount), 0) AS TotalAmountPaid,
        CONCAT(a.lName, ', ', a.fName, ' ', IFNULL(CONCAT(SUBSTRING(a.mName, 1, 1), '.'), '')) AS agentName,
        COALESCE(SUM(r.requestCost), 0) AS TotalRequestAmount
        FROM booking b
        JOIN branch br ON b.agentCode = br.branchAgentCode
        JOIN flight f ON f.flightId = b.flightId
        JOIN package p ON p.packageId = b.packageId
        LEFT JOIN agent a ON b.accountType = 'Agent' AND b.accountId = a.accountId
        LEFT JOIN company c ON a.companyId = c.companyId
        LEFT JOIN client cl ON b.accountType = 'Client' AND b.accountId = cl.accountId
        LEFT JOIN company cc ON cl.companyId = cc.companyId
        LEFT JOIN payment pa ON pa.transactNo = b.transactNo AND pa.paymentStatus = 'Approved'
        LEFT JOIN request r ON r.transactNo = b.transactNo AND r.requestStatus = 'Confirmed'
        
        GROUP BY b.transactNo, f.flightDepartureDate, f.returnDepartureDate, b.status, 
                 p.packageName, b.bookingDate, b.pax, b.totalPrice, a.lName, a.fName, a.mName, br.branchName
        ORDER BY CAST(SUBSTRING_INDEX(b.transactNo, '-', -1) AS UNSIGNED)
[2025-08-12 08:18:56] Total records fetched: 98
[2025-08-12 08:19:06] WHERE clause: 
[2025-08-12 08:19:06] SQL Query: SELECT b.transactNo, DATE_FORMAT(f.flightDepartureDate, '%Y.%m.%d') AS departureDate, f.returnDepartureDate AS returnDate, 
        b.status AS bookingStatus, CONCAT(f.flightDepartureDate, ' | ', f.returnDepartureDate) AS FlightDate, 
        p.packageName AS PackageName, b.bookingDate, b.pax AS TotalPax,  
        b.totalPrice AS PackagePrice, br.branchName as branchName, COALESCE(SUM(pa.amount), 0) AS TotalAmountPaid,
        CONCAT(a.lName, ', ', a.fName, ' ', IFNULL(CONCAT(SUBSTRING(a.mName, 1, 1), '.'), '')) AS agentName,
        COALESCE(SUM(r.requestCost), 0) AS TotalRequestAmount
        FROM booking b
        JOIN branch br ON b.agentCode = br.branchAgentCode
        JOIN flight f ON f.flightId = b.flightId
        JOIN package p ON p.packageId = b.packageId
        LEFT JOIN agent a ON b.accountType = 'Agent' AND b.accountId = a.accountId
        LEFT JOIN company c ON a.companyId = c.companyId
        LEFT JOIN client cl ON b.accountType = 'Client' AND b.accountId = cl.accountId
        LEFT JOIN company cc ON cl.companyId = cc.companyId
        LEFT JOIN payment pa ON pa.transactNo = b.transactNo AND pa.paymentStatus = 'Approved'
        LEFT JOIN request r ON r.transactNo = b.transactNo AND r.requestStatus = 'Confirmed'
        
        GROUP BY b.transactNo, f.flightDepartureDate, f.returnDepartureDate, b.status, 
                 p.packageName, b.bookingDate, b.pax, b.totalPrice, a.lName, a.fName, a.mName, br.branchName
        ORDER BY CAST(SUBSTRING_INDEX(b.transactNo, '-', -1) AS UNSIGNED)
[2025-08-12 08:19:06] Total records fetched: 98
[2025-08-12 08:19:14] WHERE clause: 
[2025-08-12 08:19:14] SQL Query: SELECT b.transactNo, DATE_FORMAT(f.flightDepartureDate, '%Y.%m.%d') AS departureDate, f.returnDepartureDate AS returnDate, 
        b.status AS bookingStatus, CONCAT(f.flightDepartureDate, ' | ', f.returnDepartureDate) AS FlightDate, 
        p.packageName AS PackageName, b.bookingDate, b.pax AS TotalPax,  
        b.totalPrice AS PackagePrice, br.branchName as branchName, COALESCE(SUM(pa.amount), 0) AS TotalAmountPaid,
        CONCAT(a.lName, ', ', a.fName, ' ', IFNULL(CONCAT(SUBSTRING(a.mName, 1, 1), '.'), '')) AS agentName,
        COALESCE(SUM(r.requestCost), 0) AS TotalRequestAmount
        FROM booking b
        JOIN branch br ON b.agentCode = br.branchAgentCode
        JOIN flight f ON f.flightId = b.flightId
        JOIN package p ON p.packageId = b.packageId
        LEFT JOIN agent a ON b.accountType = 'Agent' AND b.accountId = a.accountId
        LEFT JOIN company c ON a.companyId = c.companyId
        LEFT JOIN client cl ON b.accountType = 'Client' AND b.accountId = cl.accountId
        LEFT JOIN company cc ON cl.companyId = cc.companyId
        LEFT JOIN payment pa ON pa.transactNo = b.transactNo AND pa.paymentStatus = 'Approved'
        LEFT JOIN request r ON r.transactNo = b.transactNo AND r.requestStatus = 'Confirmed'
        
        GROUP BY b.transactNo, f.flightDepartureDate, f.returnDepartureDate, b.status, 
                 p.packageName, b.bookingDate, b.pax, b.totalPrice, a.lName, a.fName, a.mName, br.branchName
        ORDER BY CAST(SUBSTRING_INDEX(b.transactNo, '-', -1) AS UNSIGNED)
[2025-08-12 08:19:14] Total records fetched: 98
[2025-08-12 08:21:58] WHERE clause: 
[2025-08-12 08:21:58] SQL Query: SELECT b.transactNo, DATE_FORMAT(f.flightDepartureDate, '%Y.%m.%d') AS departureDate, f.returnDepartureDate AS returnDate, 
        b.status AS bookingStatus, CONCAT(f.flightDepartureDate, ' | ', f.returnDepartureDate) AS FlightDate, 
        p.packageName AS PackageName, b.bookingDate, b.pax AS TotalPax,  
        b.totalPrice AS PackagePrice, br.branchName as branchName, COALESCE(SUM(pa.amount), 0) AS TotalAmountPaid,
        CONCAT(a.lName, ', ', a.fName, ' ', IFNULL(CONCAT(SUBSTRING(a.mName, 1, 1), '.'), '')) AS agentName,
        COALESCE(SUM(r.requestCost), 0) AS TotalRequestAmount
        FROM booking b
        JOIN branch br ON b.agentCode = br.branchAgentCode
        JOIN flight f ON f.flightId = b.flightId
        JOIN package p ON p.packageId = b.packageId
        LEFT JOIN agent a ON b.accountType = 'Agent' AND b.accountId = a.accountId
        LEFT JOIN company c ON a.companyId = c.companyId
        LEFT JOIN client cl ON b.accountType = 'Client' AND b.accountId = cl.accountId
        LEFT JOIN company cc ON cl.companyId = cc.companyId
        LEFT JOIN payment pa ON pa.transactNo = b.transactNo AND pa.paymentStatus = 'Approved'
        LEFT JOIN request r ON r.transactNo = b.transactNo AND r.requestStatus = 'Confirmed'
        
        GROUP BY b.transactNo, f.flightDepartureDate, f.returnDepartureDate, b.status, 
                 p.packageName, b.bookingDate, b.pax, b.totalPrice, a.lName, a.fName, a.mName, br.branchName
        ORDER BY CAST(SUBSTRING_INDEX(b.transactNo, '-', -1) AS UNSIGNED)
[2025-08-12 08:21:58] Total records fetched: 98
[2025-08-12 08:28:11] WHERE clause: 
[2025-08-12 08:28:11] SQL Query: SELECT b.transactNo, DATE_FORMAT(f.flightDepartureDate, '%Y.%m.%d') AS departureDate, f.returnDepartureDate AS returnDate, 
        b.status AS bookingStatus, CONCAT(f.flightDepartureDate, ' | ', f.returnDepartureDate) AS FlightDate, 
        p.packageName AS PackageName, b.bookingDate, b.pax AS TotalPax,  
        b.totalPrice AS PackagePrice, br.branchName as branchName, COALESCE(SUM(pa.amount), 0) AS TotalAmountPaid,
        CONCAT(a.lName, ', ', a.fName, ' ', IFNULL(CONCAT(SUBSTRING(a.mName, 1, 1), '.'), '')) AS agentName,
        COALESCE(SUM(r.requestCost), 0) AS TotalRequestAmount
        FROM booking b
        JOIN branch br ON b.agentCode = br.branchAgentCode
        JOIN flight f ON f.flightId = b.flightId
        JOIN package p ON p.packageId = b.packageId
        LEFT JOIN agent a ON b.accountType = 'Agent' AND b.accountId = a.accountId
        LEFT JOIN company c ON a.companyId = c.companyId
        LEFT JOIN client cl ON b.accountType = 'Client' AND b.accountId = cl.accountId
        LEFT JOIN company cc ON cl.companyId = cc.companyId
        LEFT JOIN payment pa ON pa.transactNo = b.transactNo AND pa.paymentStatus = 'Approved'
        LEFT JOIN request r ON r.transactNo = b.transactNo AND r.requestStatus = 'Confirmed'
        
        GROUP BY b.transactNo, f.flightDepartureDate, f.returnDepartureDate, b.status, 
                 p.packageName, b.bookingDate, b.pax, b.totalPrice, a.lName, a.fName, a.mName, br.branchName
        ORDER BY CAST(SUBSTRING_INDEX(b.transactNo, '-', -1) AS UNSIGNED)
[2025-08-12 08:28:11] Total records fetched: 98
[2025-08-12 08:36:39] WHERE clause: 
[2025-08-12 08:36:39] SQL Query: SELECT b.transactNo, DATE_FORMAT(f.flightDepartureDate, '%Y.%m.%d') AS departureDate, f.returnDepartureDate AS returnDate, 
        b.status AS bookingStatus, CONCAT(f.flightDepartureDate, ' | ', f.returnDepartureDate) AS FlightDate, 
        p.packageName AS PackageName, b.bookingDate, b.pax AS TotalPax,  
        b.totalPrice AS PackagePrice, br.branchName as branchName, COALESCE(SUM(pa.amount), 0) AS TotalAmountPaid,
        CONCAT(a.lName, ', ', a.fName, ' ', IFNULL(CONCAT(SUBSTRING(a.mName, 1, 1), '.'), '')) AS agentName,
        COALESCE(SUM(r.requestCost), 0) AS TotalRequestAmount
        FROM booking b
        JOIN branch br ON b.agentCode = br.branchAgentCode
        JOIN flight f ON f.flightId = b.flightId
        JOIN package p ON p.packageId = b.packageId
        LEFT JOIN agent a ON b.accountType = 'Agent' AND b.accountId = a.accountId
        LEFT JOIN company c ON a.companyId = c.companyId
        LEFT JOIN client cl ON b.accountType = 'Client' AND b.accountId = cl.accountId
        LEFT JOIN company cc ON cl.companyId = cc.companyId
        LEFT JOIN payment pa ON pa.transactNo = b.transactNo AND pa.paymentStatus = 'Approved'
        LEFT JOIN request r ON r.transactNo = b.transactNo AND r.requestStatus = 'Confirmed'
        
        GROUP BY b.transactNo, f.flightDepartureDate, f.returnDepartureDate, b.status, 
                 p.packageName, b.bookingDate, b.pax, b.totalPrice, a.lName, a.fName, a.mName, br.branchName
        ORDER BY CAST(SUBSTRING_INDEX(b.transactNo, '-', -1) AS UNSIGNED)
[2025-08-12 08:36:39] Total records fetched: 98
[2025-08-12 08:49:39] WHERE clause: 
[2025-08-12 08:49:39] SQL Query: SELECT b.transactNo, DATE_FORMAT(f.flightDepartureDate, '%Y.%m.%d') AS departureDate, f.returnDepartureDate AS returnDate, 
        b.status AS bookingStatus, CONCAT(f.flightDepartureDate, ' | ', f.returnDepartureDate) AS FlightDate, 
        p.packageName AS PackageName, b.bookingDate, b.pax AS TotalPax,  
        b.totalPrice AS PackagePrice, br.branchName as branchName, COALESCE(SUM(pa.amount), 0) AS TotalAmountPaid,
        CONCAT(a.lName, ', ', a.fName, ' ', IFNULL(CONCAT(SUBSTRING(a.mName, 1, 1), '.'), '')) AS agentName,
        COALESCE(SUM(r.requestCost), 0) AS TotalRequestAmount
        FROM booking b
        JOIN branch br ON b.agentCode = br.branchAgentCode
        JOIN flight f ON f.flightId = b.flightId
        JOIN package p ON p.packageId = b.packageId
        LEFT JOIN agent a ON b.accountType = 'Agent' AND b.accountId = a.accountId
        LEFT JOIN company c ON a.companyId = c.companyId
        LEFT JOIN client cl ON b.accountType = 'Client' AND b.accountId = cl.accountId
        LEFT JOIN company cc ON cl.companyId = cc.companyId
        LEFT JOIN payment pa ON pa.transactNo = b.transactNo AND pa.paymentStatus = 'Approved'
        LEFT JOIN request r ON r.transactNo = b.transactNo AND r.requestStatus = 'Confirmed'
        
        GROUP BY b.transactNo, f.flightDepartureDate, f.returnDepartureDate, b.status, 
                 p.packageName, b.bookingDate, b.pax, b.totalPrice, a.lName, a.fName, a.mName, br.branchName
        ORDER BY CAST(SUBSTRING_INDEX(b.transactNo, '-', -1) AS UNSIGNED)
[2025-08-12 08:49:39] Total records fetched: 98
[2025-08-12 08:49:54] WHERE clause: 
[2025-08-12 08:49:54] SQL Query: SELECT b.transactNo, DATE_FORMAT(f.flightDepartureDate, '%Y.%m.%d') AS departureDate, f.returnDepartureDate AS returnDate, 
        b.status AS bookingStatus, CONCAT(f.flightDepartureDate, ' | ', f.returnDepartureDate) AS FlightDate, 
        p.packageName AS PackageName, b.bookingDate, b.pax AS TotalPax,  
        b.totalPrice AS PackagePrice, br.branchName as branchName, COALESCE(SUM(pa.amount), 0) AS TotalAmountPaid,
        CONCAT(a.lName, ', ', a.fName, ' ', IFNULL(CONCAT(SUBSTRING(a.mName, 1, 1), '.'), '')) AS agentName,
        COALESCE(SUM(r.requestCost), 0) AS TotalRequestAmount
        FROM booking b
        JOIN branch br ON b.agentCode = br.branchAgentCode
        JOIN flight f ON f.flightId = b.flightId
        JOIN package p ON p.packageId = b.packageId
        LEFT JOIN agent a ON b.accountType = 'Agent' AND b.accountId = a.accountId
        LEFT JOIN company c ON a.companyId = c.companyId
        LEFT JOIN client cl ON b.accountType = 'Client' AND b.accountId = cl.accountId
        LEFT JOIN company cc ON cl.companyId = cc.companyId
        LEFT JOIN payment pa ON pa.transactNo = b.transactNo AND pa.paymentStatus = 'Approved'
        LEFT JOIN request r ON r.transactNo = b.transactNo AND r.requestStatus = 'Confirmed'
        
        GROUP BY b.transactNo, f.flightDepartureDate, f.returnDepartureDate, b.status, 
                 p.packageName, b.bookingDate, b.pax, b.totalPrice, a.lName, a.fName, a.mName, br.branchName
        ORDER BY CAST(SUBSTRING_INDEX(b.transactNo, '-', -1) AS UNSIGNED)
[2025-08-12 08:49:54] Total records fetched: 98
[2025-08-12 08:49:54] WHERE clause: 
[2025-08-12 08:49:54] SQL Query: SELECT b.transactNo, DATE_FORMAT(f.flightDepartureDate, '%Y.%m.%d') AS departureDate, f.returnDepartureDate AS returnDate, 
        b.status AS bookingStatus, CONCAT(f.flightDepartureDate, ' | ', f.returnDepartureDate) AS FlightDate, 
        p.packageName AS PackageName, b.bookingDate, b.pax AS TotalPax,  
        b.totalPrice AS PackagePrice, br.branchName as branchName, COALESCE(SUM(pa.amount), 0) AS TotalAmountPaid,
        CONCAT(a.lName, ', ', a.fName, ' ', IFNULL(CONCAT(SUBSTRING(a.mName, 1, 1), '.'), '')) AS agentName,
        COALESCE(SUM(r.requestCost), 0) AS TotalRequestAmount
        FROM booking b
        JOIN branch br ON b.agentCode = br.branchAgentCode
        JOIN flight f ON f.flightId = b.flightId
        JOIN package p ON p.packageId = b.packageId
        LEFT JOIN agent a ON b.accountType = 'Agent' AND b.accountId = a.accountId
        LEFT JOIN company c ON a.companyId = c.companyId
        LEFT JOIN client cl ON b.accountType = 'Client' AND b.accountId = cl.accountId
        LEFT JOIN company cc ON cl.companyId = cc.companyId
        LEFT JOIN payment pa ON pa.transactNo = b.transactNo AND pa.paymentStatus = 'Approved'
        LEFT JOIN request r ON r.transactNo = b.transactNo AND r.requestStatus = 'Confirmed'
        
        GROUP BY b.transactNo, f.flightDepartureDate, f.returnDepartureDate, b.status, 
                 p.packageName, b.bookingDate, b.pax, b.totalPrice, a.lName, a.fName, a.mName, br.branchName
        ORDER BY CAST(SUBSTRING_INDEX(b.transactNo, '-', -1) AS UNSIGNED)
[2025-08-12 08:49:54] Total records fetched: 98
[2025-08-12 08:49:55] WHERE clause: 
[2025-08-12 08:49:55] SQL Query: SELECT b.transactNo, DATE_FORMAT(f.flightDepartureDate, '%Y.%m.%d') AS departureDate, f.returnDepartureDate AS returnDate, 
        b.status AS bookingStatus, CONCAT(f.flightDepartureDate, ' | ', f.returnDepartureDate) AS FlightDate, 
        p.packageName AS PackageName, b.bookingDate, b.pax AS TotalPax,  
        b.totalPrice AS PackagePrice, br.branchName as branchName, COALESCE(SUM(pa.amount), 0) AS TotalAmountPaid,
        CONCAT(a.lName, ', ', a.fName, ' ', IFNULL(CONCAT(SUBSTRING(a.mName, 1, 1), '.'), '')) AS agentName,
        COALESCE(SUM(r.requestCost), 0) AS TotalRequestAmount
        FROM booking b
        JOIN branch br ON b.agentCode = br.branchAgentCode
        JOIN flight f ON f.flightId = b.flightId
        JOIN package p ON p.packageId = b.packageId
        LEFT JOIN agent a ON b.accountType = 'Agent' AND b.accountId = a.accountId
        LEFT JOIN company c ON a.companyId = c.companyId
        LEFT JOIN client cl ON b.accountType = 'Client' AND b.accountId = cl.accountId
        LEFT JOIN company cc ON cl.companyId = cc.companyId
        LEFT JOIN payment pa ON pa.transactNo = b.transactNo AND pa.paymentStatus = 'Approved'
        LEFT JOIN request r ON r.transactNo = b.transactNo AND r.requestStatus = 'Confirmed'
        
        GROUP BY b.transactNo, f.flightDepartureDate, f.returnDepartureDate, b.status, 
                 p.packageName, b.bookingDate, b.pax, b.totalPrice, a.lName, a.fName, a.mName, br.branchName
        ORDER BY CAST(SUBSTRING_INDEX(b.transactNo, '-', -1) AS UNSIGNED)
[2025-08-12 08:49:55] Total records fetched: 98
[2025-08-12 08:50:57] WHERE clause: 
[2025-08-12 08:50:57] SQL Query: SELECT b.transactNo, DATE_FORMAT(f.flightDepartureDate, '%Y.%m.%d') AS departureDate, f.returnDepartureDate AS returnDate, 
        b.status AS bookingStatus, CONCAT(f.flightDepartureDate, ' | ', f.returnDepartureDate) AS FlightDate, 
        p.packageName AS PackageName, b.bookingDate, b.pax AS TotalPax,  
        b.totalPrice AS PackagePrice, br.branchName as branchName, COALESCE(SUM(pa.amount), 0) AS TotalAmountPaid,
        CONCAT(a.lName, ', ', a.fName, ' ', IFNULL(CONCAT(SUBSTRING(a.mName, 1, 1), '.'), '')) AS agentName,
        COALESCE(SUM(r.requestCost), 0) AS TotalRequestAmount
        FROM booking b
        JOIN branch br ON b.agentCode = br.branchAgentCode
        JOIN flight f ON f.flightId = b.flightId
        JOIN package p ON p.packageId = b.packageId
        LEFT JOIN agent a ON b.accountType = 'Agent' AND b.accountId = a.accountId
        LEFT JOIN company c ON a.companyId = c.companyId
        LEFT JOIN client cl ON b.accountType = 'Client' AND b.accountId = cl.accountId
        LEFT JOIN company cc ON cl.companyId = cc.companyId
        LEFT JOIN payment pa ON pa.transactNo = b.transactNo AND pa.paymentStatus = 'Approved'
        LEFT JOIN request r ON r.transactNo = b.transactNo AND r.requestStatus = 'Confirmed'
        
        GROUP BY b.transactNo, f.flightDepartureDate, f.returnDepartureDate, b.status, 
                 p.packageName, b.bookingDate, b.pax, b.totalPrice, a.lName, a.fName, a.mName, br.branchName
        ORDER BY CAST(SUBSTRING_INDEX(b.transactNo, '-', -1) AS UNSIGNED)
[2025-08-12 08:50:57] Total records fetched: 98
[2025-08-12 08:51:21] WHERE clause: 
[2025-08-12 08:51:21] SQL Query: SELECT b.transactNo, DATE_FORMAT(f.flightDepartureDate, '%Y.%m.%d') AS departureDate, f.returnDepartureDate AS returnDate, 
        b.status AS bookingStatus, CONCAT(f.flightDepartureDate, ' | ', f.returnDepartureDate) AS FlightDate, 
        p.packageName AS PackageName, b.bookingDate, b.pax AS TotalPax,  
        b.totalPrice AS PackagePrice, br.branchName as branchName, COALESCE(SUM(pa.amount), 0) AS TotalAmountPaid,
        CONCAT(a.lName, ', ', a.fName, ' ', IFNULL(CONCAT(SUBSTRING(a.mName, 1, 1), '.'), '')) AS agentName,
        COALESCE(SUM(r.requestCost), 0) AS TotalRequestAmount
        FROM booking b
        JOIN branch br ON b.agentCode = br.branchAgentCode
        JOIN flight f ON f.flightId = b.flightId
        JOIN package p ON p.packageId = b.packageId
        LEFT JOIN agent a ON b.accountType = 'Agent' AND b.accountId = a.accountId
        LEFT JOIN company c ON a.companyId = c.companyId
        LEFT JOIN client cl ON b.accountType = 'Client' AND b.accountId = cl.accountId
        LEFT JOIN company cc ON cl.companyId = cc.companyId
        LEFT JOIN payment pa ON pa.transactNo = b.transactNo AND pa.paymentStatus = 'Approved'
        LEFT JOIN request r ON r.transactNo = b.transactNo AND r.requestStatus = 'Confirmed'
        
        GROUP BY b.transactNo, f.flightDepartureDate, f.returnDepartureDate, b.status, 
                 p.packageName, b.bookingDate, b.pax, b.totalPrice, a.lName, a.fName, a.mName, br.branchName
        ORDER BY CAST(SUBSTRING_INDEX(b.transactNo, '-', -1) AS UNSIGNED)
[2025-08-12 08:51:21] Total records fetched: 98
[2025-08-12 08:51:54] WHERE clause: 
[2025-08-12 08:51:54] SQL Query: SELECT b.transactNo, DATE_FORMAT(f.flightDepartureDate, '%Y.%m.%d') AS departureDate, f.returnDepartureDate AS returnDate, 
        b.status AS bookingStatus, CONCAT(f.flightDepartureDate, ' | ', f.returnDepartureDate) AS FlightDate, 
        p.packageName AS PackageName, b.bookingDate, b.pax AS TotalPax,  
        b.totalPrice AS PackagePrice, br.branchName as branchName, COALESCE(SUM(pa.amount), 0) AS TotalAmountPaid,
        CONCAT(a.lName, ', ', a.fName, ' ', IFNULL(CONCAT(SUBSTRING(a.mName, 1, 1), '.'), '')) AS agentName,
        COALESCE(SUM(r.requestCost), 0) AS TotalRequestAmount
        FROM booking b
        JOIN branch br ON b.agentCode = br.branchAgentCode
        JOIN flight f ON f.flightId = b.flightId
        JOIN package p ON p.packageId = b.packageId
        LEFT JOIN agent a ON b.accountType = 'Agent' AND b.accountId = a.accountId
        LEFT JOIN company c ON a.companyId = c.companyId
        LEFT JOIN client cl ON b.accountType = 'Client' AND b.accountId = cl.accountId
        LEFT JOIN company cc ON cl.companyId = cc.companyId
        LEFT JOIN payment pa ON pa.transactNo = b.transactNo AND pa.paymentStatus = 'Approved'
        LEFT JOIN request r ON r.transactNo = b.transactNo AND r.requestStatus = 'Confirmed'
        
        GROUP BY b.transactNo, f.flightDepartureDate, f.returnDepartureDate, b.status, 
                 p.packageName, b.bookingDate, b.pax, b.totalPrice, a.lName, a.fName, a.mName, br.branchName
        ORDER BY CAST(SUBSTRING_INDEX(b.transactNo, '-', -1) AS UNSIGNED)
[2025-08-12 08:51:54] Total records fetched: 98
[2025-08-12 08:52:57] WHERE clause: 
[2025-08-12 08:52:57] SQL Query: SELECT b.transactNo, DATE_FORMAT(f.flightDepartureDate, '%Y.%m.%d') AS departureDate, f.returnDepartureDate AS returnDate, 
        b.status AS bookingStatus, CONCAT(f.flightDepartureDate, ' | ', f.returnDepartureDate) AS FlightDate, 
        p.packageName AS PackageName, b.bookingDate, b.pax AS TotalPax,  
        b.totalPrice AS PackagePrice, br.branchName as branchName, COALESCE(SUM(pa.amount), 0) AS TotalAmountPaid,
        CONCAT(a.lName, ', ', a.fName, ' ', IFNULL(CONCAT(SUBSTRING(a.mName, 1, 1), '.'), '')) AS agentName,
        COALESCE(SUM(r.requestCost), 0) AS TotalRequestAmount
        FROM booking b
        JOIN branch br ON b.agentCode = br.branchAgentCode
        JOIN flight f ON f.flightId = b.flightId
        JOIN package p ON p.packageId = b.packageId
        LEFT JOIN agent a ON b.accountType = 'Agent' AND b.accountId = a.accountId
        LEFT JOIN company c ON a.companyId = c.companyId
        LEFT JOIN client cl ON b.accountType = 'Client' AND b.accountId = cl.accountId
        LEFT JOIN company cc ON cl.companyId = cc.companyId
        LEFT JOIN payment pa ON pa.transactNo = b.transactNo AND pa.paymentStatus = 'Approved'
        LEFT JOIN request r ON r.transactNo = b.transactNo AND r.requestStatus = 'Confirmed'
        
        GROUP BY b.transactNo, f.flightDepartureDate, f.returnDepartureDate, b.status, 
                 p.packageName, b.bookingDate, b.pax, b.totalPrice, a.lName, a.fName, a.mName, br.branchName
        ORDER BY CAST(SUBSTRING_INDEX(b.transactNo, '-', -1) AS UNSIGNED)
[2025-08-12 08:52:57] Total records fetched: 98
[2025-08-12 08:53:29] WHERE clause: 
[2025-08-12 08:53:29] SQL Query: SELECT b.transactNo, DATE_FORMAT(f.flightDepartureDate, '%Y.%m.%d') AS departureDate, f.returnDepartureDate AS returnDate, 
        b.status AS bookingStatus, CONCAT(f.flightDepartureDate, ' | ', f.returnDepartureDate) AS FlightDate, 
        p.packageName AS PackageName, b.bookingDate, b.pax AS TotalPax,  
        b.totalPrice AS PackagePrice, br.branchName as branchName, COALESCE(SUM(pa.amount), 0) AS TotalAmountPaid,
        CONCAT(a.lName, ', ', a.fName, ' ', IFNULL(CONCAT(SUBSTRING(a.mName, 1, 1), '.'), '')) AS agentName,
        COALESCE(SUM(r.requestCost), 0) AS TotalRequestAmount
        FROM booking b
        JOIN branch br ON b.agentCode = br.branchAgentCode
        JOIN flight f ON f.flightId = b.flightId
        JOIN package p ON p.packageId = b.packageId
        LEFT JOIN agent a ON b.accountType = 'Agent' AND b.accountId = a.accountId
        LEFT JOIN company c ON a.companyId = c.companyId
        LEFT JOIN client cl ON b.accountType = 'Client' AND b.accountId = cl.accountId
        LEFT JOIN company cc ON cl.companyId = cc.companyId
        LEFT JOIN payment pa ON pa.transactNo = b.transactNo AND pa.paymentStatus = 'Approved'
        LEFT JOIN request r ON r.transactNo = b.transactNo AND r.requestStatus = 'Confirmed'
        
        GROUP BY b.transactNo, f.flightDepartureDate, f.returnDepartureDate, b.status, 
                 p.packageName, b.bookingDate, b.pax, b.totalPrice, a.lName, a.fName, a.mName, br.branchName
        ORDER BY CAST(SUBSTRING_INDEX(b.transactNo, '-', -1) AS UNSIGNED)
[2025-08-12 08:53:29] Total records fetched: 98
[2025-08-12 08:53:54] WHERE clause: 
[2025-08-12 08:53:54] SQL Query: SELECT b.transactNo, DATE_FORMAT(f.flightDepartureDate, '%Y.%m.%d') AS departureDate, f.returnDepartureDate AS returnDate, 
        b.status AS bookingStatus, CONCAT(f.flightDepartureDate, ' | ', f.returnDepartureDate) AS FlightDate, 
        p.packageName AS PackageName, b.bookingDate, b.pax AS TotalPax,  
        b.totalPrice AS PackagePrice, br.branchName as branchName, COALESCE(SUM(pa.amount), 0) AS TotalAmountPaid,
        CONCAT(a.lName, ', ', a.fName, ' ', IFNULL(CONCAT(SUBSTRING(a.mName, 1, 1), '.'), '')) AS agentName,
        COALESCE(SUM(r.requestCost), 0) AS TotalRequestAmount
        FROM booking b
        JOIN branch br ON b.agentCode = br.branchAgentCode
        JOIN flight f ON f.flightId = b.flightId
        JOIN package p ON p.packageId = b.packageId
        LEFT JOIN agent a ON b.accountType = 'Agent' AND b.accountId = a.accountId
        LEFT JOIN company c ON a.companyId = c.companyId
        LEFT JOIN client cl ON b.accountType = 'Client' AND b.accountId = cl.accountId
        LEFT JOIN company cc ON cl.companyId = cc.companyId
        LEFT JOIN payment pa ON pa.transactNo = b.transactNo AND pa.paymentStatus = 'Approved'
        LEFT JOIN request r ON r.transactNo = b.transactNo AND r.requestStatus = 'Confirmed'
        
        GROUP BY b.transactNo, f.flightDepartureDate, f.returnDepartureDate, b.status, 
                 p.packageName, b.bookingDate, b.pax, b.totalPrice, a.lName, a.fName, a.mName, br.branchName
        ORDER BY CAST(SUBSTRING_INDEX(b.transactNo, '-', -1) AS UNSIGNED)
[2025-08-12 08:53:54] Total records fetched: 98
[2025-08-12 08:54:29] WHERE clause: 
[2025-08-12 08:54:29] SQL Query: SELECT b.transactNo, DATE_FORMAT(f.flightDepartureDate, '%Y.%m.%d') AS departureDate, f.returnDepartureDate AS returnDate, 
        b.status AS bookingStatus, CONCAT(f.flightDepartureDate, ' | ', f.returnDepartureDate) AS FlightDate, 
        p.packageName AS PackageName, b.bookingDate, b.pax AS TotalPax,  
        b.totalPrice AS PackagePrice, br.branchName as branchName, COALESCE(SUM(pa.amount), 0) AS TotalAmountPaid,
        CONCAT(a.lName, ', ', a.fName, ' ', IFNULL(CONCAT(SUBSTRING(a.mName, 1, 1), '.'), '')) AS agentName,
        COALESCE(SUM(r.requestCost), 0) AS TotalRequestAmount
        FROM booking b
        JOIN branch br ON b.agentCode = br.branchAgentCode
        JOIN flight f ON f.flightId = b.flightId
        JOIN package p ON p.packageId = b.packageId
        LEFT JOIN agent a ON b.accountType = 'Agent' AND b.accountId = a.accountId
        LEFT JOIN company c ON a.companyId = c.companyId
        LEFT JOIN client cl ON b.accountType = 'Client' AND b.accountId = cl.accountId
        LEFT JOIN company cc ON cl.companyId = cc.companyId
        LEFT JOIN payment pa ON pa.transactNo = b.transactNo AND pa.paymentStatus = 'Approved'
        LEFT JOIN request r ON r.transactNo = b.transactNo AND r.requestStatus = 'Confirmed'
        
        GROUP BY b.transactNo, f.flightDepartureDate, f.returnDepartureDate, b.status, 
                 p.packageName, b.bookingDate, b.pax, b.totalPrice, a.lName, a.fName, a.mName, br.branchName
        ORDER BY CAST(SUBSTRING_INDEX(b.transactNo, '-', -1) AS UNSIGNED)
[2025-08-12 08:54:29] Total records fetched: 98
[2025-08-12 08:55:33] WHERE clause: 
[2025-08-12 08:55:33] SQL Query: SELECT b.transactNo, DATE_FORMAT(f.flightDepartureDate, '%Y.%m.%d') AS departureDate, f.returnDepartureDate AS returnDate, 
        b.status AS bookingStatus, CONCAT(f.flightDepartureDate, ' | ', f.returnDepartureDate) AS FlightDate, 
        p.packageName AS PackageName, b.bookingDate, b.pax AS TotalPax,  
        b.totalPrice AS PackagePrice, br.branchName as branchName, COALESCE(SUM(pa.amount), 0) AS TotalAmountPaid,
        CONCAT(a.lName, ', ', a.fName, ' ', IFNULL(CONCAT(SUBSTRING(a.mName, 1, 1), '.'), '')) AS agentName,
        COALESCE(SUM(r.requestCost), 0) AS TotalRequestAmount
        FROM booking b
        JOIN branch br ON b.agentCode = br.branchAgentCode
        JOIN flight f ON f.flightId = b.flightId
        JOIN package p ON p.packageId = b.packageId
        LEFT JOIN agent a ON b.accountType = 'Agent' AND b.accountId = a.accountId
        LEFT JOIN company c ON a.companyId = c.companyId
        LEFT JOIN client cl ON b.accountType = 'Client' AND b.accountId = cl.accountId
        LEFT JOIN company cc ON cl.companyId = cc.companyId
        LEFT JOIN payment pa ON pa.transactNo = b.transactNo AND pa.paymentStatus = 'Approved'
        LEFT JOIN request r ON r.transactNo = b.transactNo AND r.requestStatus = 'Confirmed'
        
        GROUP BY b.transactNo, f.flightDepartureDate, f.returnDepartureDate, b.status, 
                 p.packageName, b.bookingDate, b.pax, b.totalPrice, a.lName, a.fName, a.mName, br.branchName
        ORDER BY CAST(SUBSTRING_INDEX(b.transactNo, '-', -1) AS UNSIGNED)
[2025-08-12 08:55:33] Total records fetched: 98
[2025-08-12 08:57:41] WHERE clause: 
[2025-08-12 08:57:41] SQL Query: SELECT b.transactNo, DATE_FORMAT(f.flightDepartureDate, '%Y.%m.%d') AS departureDate, f.returnDepartureDate AS returnDate, 
        b.status AS bookingStatus, CONCAT(f.flightDepartureDate, ' | ', f.returnDepartureDate) AS FlightDate, 
        p.packageName AS PackageName, b.bookingDate, b.pax AS TotalPax,  
        b.totalPrice AS PackagePrice, br.branchName as branchName, COALESCE(SUM(pa.amount), 0) AS TotalAmountPaid,
        CONCAT(a.lName, ', ', a.fName, ' ', IFNULL(CONCAT(SUBSTRING(a.mName, 1, 1), '.'), '')) AS agentName,
        COALESCE(SUM(r.requestCost), 0) AS TotalRequestAmount
        FROM booking b
        JOIN branch br ON b.agentCode = br.branchAgentCode
        JOIN flight f ON f.flightId = b.flightId
        JOIN package p ON p.packageId = b.packageId
        LEFT JOIN agent a ON b.accountType = 'Agent' AND b.accountId = a.accountId
        LEFT JOIN company c ON a.companyId = c.companyId
        LEFT JOIN client cl ON b.accountType = 'Client' AND b.accountId = cl.accountId
        LEFT JOIN company cc ON cl.companyId = cc.companyId
        LEFT JOIN payment pa ON pa.transactNo = b.transactNo AND pa.paymentStatus = 'Approved'
        LEFT JOIN request r ON r.transactNo = b.transactNo AND r.requestStatus = 'Confirmed'
        
        GROUP BY b.transactNo, f.flightDepartureDate, f.returnDepartureDate, b.status, 
                 p.packageName, b.bookingDate, b.pax, b.totalPrice, a.lName, a.fName, a.mName, br.branchName
        ORDER BY CAST(SUBSTRING_INDEX(b.transactNo, '-', -1) AS UNSIGNED)
[2025-08-12 08:57:41] Total records fetched: 98
[2025-08-12 09:02:49] WHERE clause: 
[2025-08-12 09:02:49] SQL Query: SELECT b.transactNo, DATE_FORMAT(f.flightDepartureDate, '%Y.%m.%d') AS departureDate, f.returnDepartureDate AS returnDate, 
        b.status AS bookingStatus, CONCAT(f.flightDepartureDate, ' | ', f.returnDepartureDate) AS FlightDate, 
        p.packageName AS PackageName, b.bookingDate, b.pax AS TotalPax,  
        b.totalPrice AS PackagePrice, br.branchName as branchName, COALESCE(SUM(pa.amount), 0) AS TotalAmountPaid,
        CONCAT(a.lName, ', ', a.fName, ' ', IFNULL(CONCAT(SUBSTRING(a.mName, 1, 1), '.'), '')) AS agentName,
        COALESCE(SUM(r.requestCost), 0) AS TotalRequestAmount
        FROM booking b
        JOIN branch br ON b.agentCode = br.branchAgentCode
        JOIN flight f ON f.flightId = b.flightId
        JOIN package p ON p.packageId = b.packageId
        LEFT JOIN agent a ON b.accountType = 'Agent' AND b.accountId = a.accountId
        LEFT JOIN company c ON a.companyId = c.companyId
        LEFT JOIN client cl ON b.accountType = 'Client' AND b.accountId = cl.accountId
        LEFT JOIN company cc ON cl.companyId = cc.companyId
        LEFT JOIN payment pa ON pa.transactNo = b.transactNo AND pa.paymentStatus = 'Approved'
        LEFT JOIN request r ON r.transactNo = b.transactNo AND r.requestStatus = 'Confirmed'
        
        GROUP BY b.transactNo, f.flightDepartureDate, f.returnDepartureDate, b.status, 
                 p.packageName, b.bookingDate, b.pax, b.totalPrice, a.lName, a.fName, a.mName, br.branchName
        ORDER BY CAST(SUBSTRING_INDEX(b.transactNo, '-', -1) AS UNSIGNED)
[2025-08-12 09:02:49] Total records fetched: 98
[2025-08-12 09:04:05] WHERE clause: 
[2025-08-12 09:04:05] SQL Query: SELECT b.transactNo, DATE_FORMAT(f.flightDepartureDate, '%Y.%m.%d') AS departureDate, f.returnDepartureDate AS returnDate, 
        b.status AS bookingStatus, CONCAT(f.flightDepartureDate, ' | ', f.returnDepartureDate) AS FlightDate, 
        p.packageName AS PackageName, b.bookingDate, b.pax AS TotalPax,  
        b.totalPrice AS PackagePrice, br.branchName as branchName, COALESCE(SUM(pa.amount), 0) AS TotalAmountPaid,
        CONCAT(a.lName, ', ', a.fName, ' ', IFNULL(CONCAT(SUBSTRING(a.mName, 1, 1), '.'), '')) AS agentName,
        COALESCE(SUM(r.requestCost), 0) AS TotalRequestAmount
        FROM booking b
        JOIN branch br ON b.agentCode = br.branchAgentCode
        JOIN flight f ON f.flightId = b.flightId
        JOIN package p ON p.packageId = b.packageId
        LEFT JOIN agent a ON b.accountType = 'Agent' AND b.accountId = a.accountId
        LEFT JOIN company c ON a.companyId = c.companyId
        LEFT JOIN client cl ON b.accountType = 'Client' AND b.accountId = cl.accountId
        LEFT JOIN company cc ON cl.companyId = cc.companyId
        LEFT JOIN payment pa ON pa.transactNo = b.transactNo AND pa.paymentStatus = 'Approved'
        LEFT JOIN request r ON r.transactNo = b.transactNo AND r.requestStatus = 'Confirmed'
        
        GROUP BY b.transactNo, f.flightDepartureDate, f.returnDepartureDate, b.status, 
                 p.packageName, b.bookingDate, b.pax, b.totalPrice, a.lName, a.fName, a.mName, br.branchName
        ORDER BY CAST(SUBSTRING_INDEX(b.transactNo, '-', -1) AS UNSIGNED)
[2025-08-12 09:04:05] Total records fetched: 98
[2025-08-12 09:04:51] WHERE clause: 
[2025-08-12 09:04:51] SQL Query: SELECT b.transactNo, DATE_FORMAT(f.flightDepartureDate, '%Y.%m.%d') AS departureDate, f.returnDepartureDate AS returnDate, 
        b.status AS bookingStatus, CONCAT(f.flightDepartureDate, ' | ', f.returnDepartureDate) AS FlightDate, 
        p.packageName AS PackageName, b.bookingDate, b.pax AS TotalPax,  
        b.totalPrice AS PackagePrice, br.branchName as branchName, COALESCE(SUM(pa.amount), 0) AS TotalAmountPaid,
        CONCAT(a.lName, ', ', a.fName, ' ', IFNULL(CONCAT(SUBSTRING(a.mName, 1, 1), '.'), '')) AS agentName,
        COALESCE(SUM(r.requestCost), 0) AS TotalRequestAmount
        FROM booking b
        JOIN branch br ON b.agentCode = br.branchAgentCode
        JOIN flight f ON f.flightId = b.flightId
        JOIN package p ON p.packageId = b.packageId
        LEFT JOIN agent a ON b.accountType = 'Agent' AND b.accountId = a.accountId
        LEFT JOIN company c ON a.companyId = c.companyId
        LEFT JOIN client cl ON b.accountType = 'Client' AND b.accountId = cl.accountId
        LEFT JOIN company cc ON cl.companyId = cc.companyId
        LEFT JOIN payment pa ON pa.transactNo = b.transactNo AND pa.paymentStatus = 'Approved'
        LEFT JOIN request r ON r.transactNo = b.transactNo AND r.requestStatus = 'Confirmed'
        
        GROUP BY b.transactNo, f.flightDepartureDate, f.returnDepartureDate, b.status, 
                 p.packageName, b.bookingDate, b.pax, b.totalPrice, a.lName, a.fName, a.mName, br.branchName
        ORDER BY CAST(SUBSTRING_INDEX(b.transactNo, '-', -1) AS UNSIGNED)
[2025-08-12 09:04:51] Total records fetched: 98
[2025-08-12 09:05:28] WHERE clause: 
[2025-08-12 09:05:28] SQL Query: SELECT b.transactNo, DATE_FORMAT(f.flightDepartureDate, '%Y.%m.%d') AS departureDate, f.returnDepartureDate AS returnDate, 
        b.status AS bookingStatus, CONCAT(f.flightDepartureDate, ' | ', f.returnDepartureDate) AS FlightDate, 
        p.packageName AS PackageName, b.bookingDate, b.pax AS TotalPax,  
        b.totalPrice AS PackagePrice, br.branchName as branchName, COALESCE(SUM(pa.amount), 0) AS TotalAmountPaid,
        CONCAT(a.lName, ', ', a.fName, ' ', IFNULL(CONCAT(SUBSTRING(a.mName, 1, 1), '.'), '')) AS agentName,
        COALESCE(SUM(r.requestCost), 0) AS TotalRequestAmount
        FROM booking b
        JOIN branch br ON b.agentCode = br.branchAgentCode
        JOIN flight f ON f.flightId = b.flightId
        JOIN package p ON p.packageId = b.packageId
        LEFT JOIN agent a ON b.accountType = 'Agent' AND b.accountId = a.accountId
        LEFT JOIN company c ON a.companyId = c.companyId
        LEFT JOIN client cl ON b.accountType = 'Client' AND b.accountId = cl.accountId
        LEFT JOIN company cc ON cl.companyId = cc.companyId
        LEFT JOIN payment pa ON pa.transactNo = b.transactNo AND pa.paymentStatus = 'Approved'
        LEFT JOIN request r ON r.transactNo = b.transactNo AND r.requestStatus = 'Confirmed'
        
        GROUP BY b.transactNo, f.flightDepartureDate, f.returnDepartureDate, b.status, 
                 p.packageName, b.bookingDate, b.pax, b.totalPrice, a.lName, a.fName, a.mName, br.branchName
        ORDER BY CAST(SUBSTRING_INDEX(b.transactNo, '-', -1) AS UNSIGNED)
[2025-08-12 09:05:28] Total records fetched: 98
[2025-08-12 09:05:47] WHERE clause: 
[2025-08-12 09:05:47] SQL Query: SELECT b.transactNo, DATE_FORMAT(f.flightDepartureDate, '%Y.%m.%d') AS departureDate, f.returnDepartureDate AS returnDate, 
        b.status AS bookingStatus, CONCAT(f.flightDepartureDate, ' | ', f.returnDepartureDate) AS FlightDate, 
        p.packageName AS PackageName, b.bookingDate, b.pax AS TotalPax,  
        b.totalPrice AS PackagePrice, br.branchName as branchName, COALESCE(SUM(pa.amount), 0) AS TotalAmountPaid,
        CONCAT(a.lName, ', ', a.fName, ' ', IFNULL(CONCAT(SUBSTRING(a.mName, 1, 1), '.'), '')) AS agentName,
        COALESCE(SUM(r.requestCost), 0) AS TotalRequestAmount
        FROM booking b
        JOIN branch br ON b.agentCode = br.branchAgentCode
        JOIN flight f ON f.flightId = b.flightId
        JOIN package p ON p.packageId = b.packageId
        LEFT JOIN agent a ON b.accountType = 'Agent' AND b.accountId = a.accountId
        LEFT JOIN company c ON a.companyId = c.companyId
        LEFT JOIN client cl ON b.accountType = 'Client' AND b.accountId = cl.accountId
        LEFT JOIN company cc ON cl.companyId = cc.companyId
        LEFT JOIN payment pa ON pa.transactNo = b.transactNo AND pa.paymentStatus = 'Approved'
        LEFT JOIN request r ON r.transactNo = b.transactNo AND r.requestStatus = 'Confirmed'
        
        GROUP BY b.transactNo, f.flightDepartureDate, f.returnDepartureDate, b.status, 
                 p.packageName, b.bookingDate, b.pax, b.totalPrice, a.lName, a.fName, a.mName, br.branchName
        ORDER BY CAST(SUBSTRING_INDEX(b.transactNo, '-', -1) AS UNSIGNED)
[2025-08-12 09:05:47] Total records fetched: 98
[2025-08-12 09:08:54] WHERE clause: 
[2025-08-12 09:08:54] SQL Query: SELECT b.transactNo, DATE_FORMAT(f.flightDepartureDate, '%Y.%m.%d') AS departureDate, f.returnDepartureDate AS returnDate, 
        b.status AS bookingStatus, CONCAT(f.flightDepartureDate, ' | ', f.returnDepartureDate) AS FlightDate, 
        p.packageName AS PackageName, b.bookingDate, b.pax AS TotalPax,  
        b.totalPrice AS PackagePrice, br.branchName as branchName, COALESCE(SUM(pa.amount), 0) AS TotalAmountPaid,
        CONCAT(a.lName, ', ', a.fName, ' ', IFNULL(CONCAT(SUBSTRING(a.mName, 1, 1), '.'), '')) AS agentName,
        COALESCE(SUM(r.requestCost), 0) AS TotalRequestAmount
        FROM booking b
        JOIN branch br ON b.agentCode = br.branchAgentCode
        JOIN flight f ON f.flightId = b.flightId
        JOIN package p ON p.packageId = b.packageId
        LEFT JOIN agent a ON b.accountType = 'Agent' AND b.accountId = a.accountId
        LEFT JOIN company c ON a.companyId = c.companyId
        LEFT JOIN client cl ON b.accountType = 'Client' AND b.accountId = cl.accountId
        LEFT JOIN company cc ON cl.companyId = cc.companyId
        LEFT JOIN payment pa ON pa.transactNo = b.transactNo AND pa.paymentStatus = 'Approved'
        LEFT JOIN request r ON r.transactNo = b.transactNo AND r.requestStatus = 'Confirmed'
        
        GROUP BY b.transactNo, f.flightDepartureDate, f.returnDepartureDate, b.status, 
                 p.packageName, b.bookingDate, b.pax, b.totalPrice, a.lName, a.fName, a.mName, br.branchName
        ORDER BY CAST(SUBSTRING_INDEX(b.transactNo, '-', -1) AS UNSIGNED)
[2025-08-12 09:08:54] Total records fetched: 98
[2025-08-12 09:09:03] WHERE clause: 
[2025-08-12 09:09:03] SQL Query: SELECT b.transactNo, DATE_FORMAT(f.flightDepartureDate, '%Y.%m.%d') AS departureDate, f.returnDepartureDate AS returnDate, 
        b.status AS bookingStatus, CONCAT(f.flightDepartureDate, ' | ', f.returnDepartureDate) AS FlightDate, 
        p.packageName AS PackageName, b.bookingDate, b.pax AS TotalPax,  
        b.totalPrice AS PackagePrice, br.branchName as branchName, COALESCE(SUM(pa.amount), 0) AS TotalAmountPaid,
        CONCAT(a.lName, ', ', a.fName, ' ', IFNULL(CONCAT(SUBSTRING(a.mName, 1, 1), '.'), '')) AS agentName,
        COALESCE(SUM(r.requestCost), 0) AS TotalRequestAmount
        FROM booking b
        JOIN branch br ON b.agentCode = br.branchAgentCode
        JOIN flight f ON f.flightId = b.flightId
        JOIN package p ON p.packageId = b.packageId
        LEFT JOIN agent a ON b.accountType = 'Agent' AND b.accountId = a.accountId
        LEFT JOIN company c ON a.companyId = c.companyId
        LEFT JOIN client cl ON b.accountType = 'Client' AND b.accountId = cl.accountId
        LEFT JOIN company cc ON cl.companyId = cc.companyId
        LEFT JOIN payment pa ON pa.transactNo = b.transactNo AND pa.paymentStatus = 'Approved'
        LEFT JOIN request r ON r.transactNo = b.transactNo AND r.requestStatus = 'Confirmed'
        
        GROUP BY b.transactNo, f.flightDepartureDate, f.returnDepartureDate, b.status, 
                 p.packageName, b.bookingDate, b.pax, b.totalPrice, a.lName, a.fName, a.mName, br.branchName
        ORDER BY CAST(SUBSTRING_INDEX(b.transactNo, '-', -1) AS UNSIGNED)
[2025-08-12 09:09:03] Total records fetched: 98
[2025-08-12 09:09:05] WHERE clause: 
[2025-08-12 09:09:05] SQL Query: SELECT b.transactNo, DATE_FORMAT(f.flightDepartureDate, '%Y.%m.%d') AS departureDate, f.returnDepartureDate AS returnDate, 
        b.status AS bookingStatus, CONCAT(f.flightDepartureDate, ' | ', f.returnDepartureDate) AS FlightDate, 
        p.packageName AS PackageName, b.bookingDate, b.pax AS TotalPax,  
        b.totalPrice AS PackagePrice, br.branchName as branchName, COALESCE(SUM(pa.amount), 0) AS TotalAmountPaid,
        CONCAT(a.lName, ', ', a.fName, ' ', IFNULL(CONCAT(SUBSTRING(a.mName, 1, 1), '.'), '')) AS agentName,
        COALESCE(SUM(r.requestCost), 0) AS TotalRequestAmount
        FROM booking b
        JOIN branch br ON b.agentCode = br.branchAgentCode
        JOIN flight f ON f.flightId = b.flightId
        JOIN package p ON p.packageId = b.packageId
        LEFT JOIN agent a ON b.accountType = 'Agent' AND b.accountId = a.accountId
        LEFT JOIN company c ON a.companyId = c.companyId
        LEFT JOIN client cl ON b.accountType = 'Client' AND b.accountId = cl.accountId
        LEFT JOIN company cc ON cl.companyId = cc.companyId
        LEFT JOIN payment pa ON pa.transactNo = b.transactNo AND pa.paymentStatus = 'Approved'
        LEFT JOIN request r ON r.transactNo = b.transactNo AND r.requestStatus = 'Confirmed'
        
        GROUP BY b.transactNo, f.flightDepartureDate, f.returnDepartureDate, b.status, 
                 p.packageName, b.bookingDate, b.pax, b.totalPrice, a.lName, a.fName, a.mName, br.branchName
        ORDER BY CAST(SUBSTRING_INDEX(b.transactNo, '-', -1) AS UNSIGNED)
[2025-08-12 09:09:05] Total records fetched: 98
[2025-08-12 09:09:06] WHERE clause: 
[2025-08-12 09:09:06] SQL Query: SELECT b.transactNo, DATE_FORMAT(f.flightDepartureDate, '%Y.%m.%d') AS departureDate, f.returnDepartureDate AS returnDate, 
        b.status AS bookingStatus, CONCAT(f.flightDepartureDate, ' | ', f.returnDepartureDate) AS FlightDate, 
        p.packageName AS PackageName, b.bookingDate, b.pax AS TotalPax,  
        b.totalPrice AS PackagePrice, br.branchName as branchName, COALESCE(SUM(pa.amount), 0) AS TotalAmountPaid,
        CONCAT(a.lName, ', ', a.fName, ' ', IFNULL(CONCAT(SUBSTRING(a.mName, 1, 1), '.'), '')) AS agentName,
        COALESCE(SUM(r.requestCost), 0) AS TotalRequestAmount
        FROM booking b
        JOIN branch br ON b.agentCode = br.branchAgentCode
        JOIN flight f ON f.flightId = b.flightId
        JOIN package p ON p.packageId = b.packageId
        LEFT JOIN agent a ON b.accountType = 'Agent' AND b.accountId = a.accountId
        LEFT JOIN company c ON a.companyId = c.companyId
        LEFT JOIN client cl ON b.accountType = 'Client' AND b.accountId = cl.accountId
        LEFT JOIN company cc ON cl.companyId = cc.companyId
        LEFT JOIN payment pa ON pa.transactNo = b.transactNo AND pa.paymentStatus = 'Approved'
        LEFT JOIN request r ON r.transactNo = b.transactNo AND r.requestStatus = 'Confirmed'
        
        GROUP BY b.transactNo, f.flightDepartureDate, f.returnDepartureDate, b.status, 
                 p.packageName, b.bookingDate, b.pax, b.totalPrice, a.lName, a.fName, a.mName, br.branchName
        ORDER BY CAST(SUBSTRING_INDEX(b.transactNo, '-', -1) AS UNSIGNED)
[2025-08-12 09:09:06] Total records fetched: 98
[2025-08-12 09:09:06] WHERE clause: 
[2025-08-12 09:09:06] SQL Query: SELECT b.transactNo, DATE_FORMAT(f.flightDepartureDate, '%Y.%m.%d') AS departureDate, f.returnDepartureDate AS returnDate, 
        b.status AS bookingStatus, CONCAT(f.flightDepartureDate, ' | ', f.returnDepartureDate) AS FlightDate, 
        p.packageName AS PackageName, b.bookingDate, b.pax AS TotalPax,  
        b.totalPrice AS PackagePrice, br.branchName as branchName, COALESCE(SUM(pa.amount), 0) AS TotalAmountPaid,
        CONCAT(a.lName, ', ', a.fName, ' ', IFNULL(CONCAT(SUBSTRING(a.mName, 1, 1), '.'), '')) AS agentName,
        COALESCE(SUM(r.requestCost), 0) AS TotalRequestAmount
        FROM booking b
        JOIN branch br ON b.agentCode = br.branchAgentCode
        JOIN flight f ON f.flightId = b.flightId
        JOIN package p ON p.packageId = b.packageId
        LEFT JOIN agent a ON b.accountType = 'Agent' AND b.accountId = a.accountId
        LEFT JOIN company c ON a.companyId = c.companyId
        LEFT JOIN client cl ON b.accountType = 'Client' AND b.accountId = cl.accountId
        LEFT JOIN company cc ON cl.companyId = cc.companyId
        LEFT JOIN payment pa ON pa.transactNo = b.transactNo AND pa.paymentStatus = 'Approved'
        LEFT JOIN request r ON r.transactNo = b.transactNo AND r.requestStatus = 'Confirmed'
        
        GROUP BY b.transactNo, f.flightDepartureDate, f.returnDepartureDate, b.status, 
                 p.packageName, b.bookingDate, b.pax, b.totalPrice, a.lName, a.fName, a.mName, br.branchName
        ORDER BY CAST(SUBSTRING_INDEX(b.transactNo, '-', -1) AS UNSIGNED)
[2025-08-12 09:09:06] Total records fetched: 98
[2025-08-12 09:09:07] WHERE clause: 
[2025-08-12 09:09:07] SQL Query: SELECT b.transactNo, DATE_FORMAT(f.flightDepartureDate, '%Y.%m.%d') AS departureDate, f.returnDepartureDate AS returnDate, 
        b.status AS bookingStatus, CONCAT(f.flightDepartureDate, ' | ', f.returnDepartureDate) AS FlightDate, 
        p.packageName AS PackageName, b.bookingDate, b.pax AS TotalPax,  
        b.totalPrice AS PackagePrice, br.branchName as branchName, COALESCE(SUM(pa.amount), 0) AS TotalAmountPaid,
        CONCAT(a.lName, ', ', a.fName, ' ', IFNULL(CONCAT(SUBSTRING(a.mName, 1, 1), '.'), '')) AS agentName,
        COALESCE(SUM(r.requestCost), 0) AS TotalRequestAmount
        FROM booking b
        JOIN branch br ON b.agentCode = br.branchAgentCode
        JOIN flight f ON f.flightId = b.flightId
        JOIN package p ON p.packageId = b.packageId
        LEFT JOIN agent a ON b.accountType = 'Agent' AND b.accountId = a.accountId
        LEFT JOIN company c ON a.companyId = c.companyId
        LEFT JOIN client cl ON b.accountType = 'Client' AND b.accountId = cl.accountId
        LEFT JOIN company cc ON cl.companyId = cc.companyId
        LEFT JOIN payment pa ON pa.transactNo = b.transactNo AND pa.paymentStatus = 'Approved'
        LEFT JOIN request r ON r.transactNo = b.transactNo AND r.requestStatus = 'Confirmed'
        
        GROUP BY b.transactNo, f.flightDepartureDate, f.returnDepartureDate, b.status, 
                 p.packageName, b.bookingDate, b.pax, b.totalPrice, a.lName, a.fName, a.mName, br.branchName
        ORDER BY CAST(SUBSTRING_INDEX(b.transactNo, '-', -1) AS UNSIGNED)
[2025-08-12 09:09:07] Total records fetched: 98
[2025-08-12 09:09:12] WHERE clause: 
[2025-08-12 09:09:12] SQL Query: SELECT b.transactNo, DATE_FORMAT(f.flightDepartureDate, '%Y.%m.%d') AS departureDate, f.returnDepartureDate AS returnDate, 
        b.status AS bookingStatus, CONCAT(f.flightDepartureDate, ' | ', f.returnDepartureDate) AS FlightDate, 
        p.packageName AS PackageName, b.bookingDate, b.pax AS TotalPax,  
        b.totalPrice AS PackagePrice, br.branchName as branchName, COALESCE(SUM(pa.amount), 0) AS TotalAmountPaid,
        CONCAT(a.lName, ', ', a.fName, ' ', IFNULL(CONCAT(SUBSTRING(a.mName, 1, 1), '.'), '')) AS agentName,
        COALESCE(SUM(r.requestCost), 0) AS TotalRequestAmount
        FROM booking b
        JOIN branch br ON b.agentCode = br.branchAgentCode
        JOIN flight f ON f.flightId = b.flightId
        JOIN package p ON p.packageId = b.packageId
        LEFT JOIN agent a ON b.accountType = 'Agent' AND b.accountId = a.accountId
        LEFT JOIN company c ON a.companyId = c.companyId
        LEFT JOIN client cl ON b.accountType = 'Client' AND b.accountId = cl.accountId
        LEFT JOIN company cc ON cl.companyId = cc.companyId
        LEFT JOIN payment pa ON pa.transactNo = b.transactNo AND pa.paymentStatus = 'Approved'
        LEFT JOIN request r ON r.transactNo = b.transactNo AND r.requestStatus = 'Confirmed'
        
        GROUP BY b.transactNo, f.flightDepartureDate, f.returnDepartureDate, b.status, 
                 p.packageName, b.bookingDate, b.pax, b.totalPrice, a.lName, a.fName, a.mName, br.branchName
        ORDER BY CAST(SUBSTRING_INDEX(b.transactNo, '-', -1) AS UNSIGNED)
[2025-08-12 09:09:13] Total records fetched: 98
[2025-08-12 09:09:13] WHERE clause: 
[2025-08-12 09:09:13] SQL Query: SELECT b.transactNo, DATE_FORMAT(f.flightDepartureDate, '%Y.%m.%d') AS departureDate, f.returnDepartureDate AS returnDate, 
        b.status AS bookingStatus, CONCAT(f.flightDepartureDate, ' | ', f.returnDepartureDate) AS FlightDate, 
        p.packageName AS PackageName, b.bookingDate, b.pax AS TotalPax,  
        b.totalPrice AS PackagePrice, br.branchName as branchName, COALESCE(SUM(pa.amount), 0) AS TotalAmountPaid,
        CONCAT(a.lName, ', ', a.fName, ' ', IFNULL(CONCAT(SUBSTRING(a.mName, 1, 1), '.'), '')) AS agentName,
        COALESCE(SUM(r.requestCost), 0) AS TotalRequestAmount
        FROM booking b
        JOIN branch br ON b.agentCode = br.branchAgentCode
        JOIN flight f ON f.flightId = b.flightId
        JOIN package p ON p.packageId = b.packageId
        LEFT JOIN agent a ON b.accountType = 'Agent' AND b.accountId = a.accountId
        LEFT JOIN company c ON a.companyId = c.companyId
        LEFT JOIN client cl ON b.accountType = 'Client' AND b.accountId = cl.accountId
        LEFT JOIN company cc ON cl.companyId = cc.companyId
        LEFT JOIN payment pa ON pa.transactNo = b.transactNo AND pa.paymentStatus = 'Approved'
        LEFT JOIN request r ON r.transactNo = b.transactNo AND r.requestStatus = 'Confirmed'
        
        GROUP BY b.transactNo, f.flightDepartureDate, f.returnDepartureDate, b.status, 
                 p.packageName, b.bookingDate, b.pax, b.totalPrice, a.lName, a.fName, a.mName, br.branchName
        ORDER BY CAST(SUBSTRING_INDEX(b.transactNo, '-', -1) AS UNSIGNED)
[2025-08-12 09:09:13] Total records fetched: 98
[2025-08-12 09:09:19] WHERE clause: 
[2025-08-12 09:09:19] SQL Query: SELECT b.transactNo, DATE_FORMAT(f.flightDepartureDate, '%Y.%m.%d') AS departureDate, f.returnDepartureDate AS returnDate, 
        b.status AS bookingStatus, CONCAT(f.flightDepartureDate, ' | ', f.returnDepartureDate) AS FlightDate, 
        p.packageName AS PackageName, b.bookingDate, b.pax AS TotalPax,  
        b.totalPrice AS PackagePrice, br.branchName as branchName, COALESCE(SUM(pa.amount), 0) AS TotalAmountPaid,
        CONCAT(a.lName, ', ', a.fName, ' ', IFNULL(CONCAT(SUBSTRING(a.mName, 1, 1), '.'), '')) AS agentName,
        COALESCE(SUM(r.requestCost), 0) AS TotalRequestAmount
        FROM booking b
        JOIN branch br ON b.agentCode = br.branchAgentCode
        JOIN flight f ON f.flightId = b.flightId
        JOIN package p ON p.packageId = b.packageId
        LEFT JOIN agent a ON b.accountType = 'Agent' AND b.accountId = a.accountId
        LEFT JOIN company c ON a.companyId = c.companyId
        LEFT JOIN client cl ON b.accountType = 'Client' AND b.accountId = cl.accountId
        LEFT JOIN company cc ON cl.companyId = cc.companyId
        LEFT JOIN payment pa ON pa.transactNo = b.transactNo AND pa.paymentStatus = 'Approved'
        LEFT JOIN request r ON r.transactNo = b.transactNo AND r.requestStatus = 'Confirmed'
        
        GROUP BY b.transactNo, f.flightDepartureDate, f.returnDepartureDate, b.status, 
                 p.packageName, b.bookingDate, b.pax, b.totalPrice, a.lName, a.fName, a.mName, br.branchName
        ORDER BY CAST(SUBSTRING_INDEX(b.transactNo, '-', -1) AS UNSIGNED)
[2025-08-12 09:09:19] Total records fetched: 98
[2025-08-12 09:09:39] WHERE clause: 
[2025-08-12 09:09:39] SQL Query: SELECT b.transactNo, DATE_FORMAT(f.flightDepartureDate, '%Y.%m.%d') AS departureDate, f.returnDepartureDate AS returnDate, 
        b.status AS bookingStatus, CONCAT(f.flightDepartureDate, ' | ', f.returnDepartureDate) AS FlightDate, 
        p.packageName AS PackageName, b.bookingDate, b.pax AS TotalPax,  
        b.totalPrice AS PackagePrice, br.branchName as branchName, COALESCE(SUM(pa.amount), 0) AS TotalAmountPaid,
        CONCAT(a.lName, ', ', a.fName, ' ', IFNULL(CONCAT(SUBSTRING(a.mName, 1, 1), '.'), '')) AS agentName,
        COALESCE(SUM(r.requestCost), 0) AS TotalRequestAmount
        FROM booking b
        JOIN branch br ON b.agentCode = br.branchAgentCode
        JOIN flight f ON f.flightId = b.flightId
        JOIN package p ON p.packageId = b.packageId
        LEFT JOIN agent a ON b.accountType = 'Agent' AND b.accountId = a.accountId
        LEFT JOIN company c ON a.companyId = c.companyId
        LEFT JOIN client cl ON b.accountType = 'Client' AND b.accountId = cl.accountId
        LEFT JOIN company cc ON cl.companyId = cc.companyId
        LEFT JOIN payment pa ON pa.transactNo = b.transactNo AND pa.paymentStatus = 'Approved'
        LEFT JOIN request r ON r.transactNo = b.transactNo AND r.requestStatus = 'Confirmed'
        
        GROUP BY b.transactNo, f.flightDepartureDate, f.returnDepartureDate, b.status, 
                 p.packageName, b.bookingDate, b.pax, b.totalPrice, a.lName, a.fName, a.mName, br.branchName
        ORDER BY CAST(SUBSTRING_INDEX(b.transactNo, '-', -1) AS UNSIGNED)
[2025-08-12 09:09:39] Total records fetched: 98
[2025-08-12 09:09:40] WHERE clause: 
[2025-08-12 09:09:40] SQL Query: SELECT b.transactNo, DATE_FORMAT(f.flightDepartureDate, '%Y.%m.%d') AS departureDate, f.returnDepartureDate AS returnDate, 
        b.status AS bookingStatus, CONCAT(f.flightDepartureDate, ' | ', f.returnDepartureDate) AS FlightDate, 
        p.packageName AS PackageName, b.bookingDate, b.pax AS TotalPax,  
        b.totalPrice AS PackagePrice, br.branchName as branchName, COALESCE(SUM(pa.amount), 0) AS TotalAmountPaid,
        CONCAT(a.lName, ', ', a.fName, ' ', IFNULL(CONCAT(SUBSTRING(a.mName, 1, 1), '.'), '')) AS agentName,
        COALESCE(SUM(r.requestCost), 0) AS TotalRequestAmount
        FROM booking b
        JOIN branch br ON b.agentCode = br.branchAgentCode
        JOIN flight f ON f.flightId = b.flightId
        JOIN package p ON p.packageId = b.packageId
        LEFT JOIN agent a ON b.accountType = 'Agent' AND b.accountId = a.accountId
        LEFT JOIN company c ON a.companyId = c.companyId
        LEFT JOIN client cl ON b.accountType = 'Client' AND b.accountId = cl.accountId
        LEFT JOIN company cc ON cl.companyId = cc.companyId
        LEFT JOIN payment pa ON pa.transactNo = b.transactNo AND pa.paymentStatus = 'Approved'
        LEFT JOIN request r ON r.transactNo = b.transactNo AND r.requestStatus = 'Confirmed'
        
        GROUP BY b.transactNo, f.flightDepartureDate, f.returnDepartureDate, b.status, 
                 p.packageName, b.bookingDate, b.pax, b.totalPrice, a.lName, a.fName, a.mName, br.branchName
        ORDER BY CAST(SUBSTRING_INDEX(b.transactNo, '-', -1) AS UNSIGNED)
[2025-08-12 09:09:40] Total records fetched: 98
[2025-08-12 09:09:40] WHERE clause: 
[2025-08-12 09:09:40] SQL Query: SELECT b.transactNo, DATE_FORMAT(f.flightDepartureDate, '%Y.%m.%d') AS departureDate, f.returnDepartureDate AS returnDate, 
        b.status AS bookingStatus, CONCAT(f.flightDepartureDate, ' | ', f.returnDepartureDate) AS FlightDate, 
        p.packageName AS PackageName, b.bookingDate, b.pax AS TotalPax,  
        b.totalPrice AS PackagePrice, br.branchName as branchName, COALESCE(SUM(pa.amount), 0) AS TotalAmountPaid,
        CONCAT(a.lName, ', ', a.fName, ' ', IFNULL(CONCAT(SUBSTRING(a.mName, 1, 1), '.'), '')) AS agentName,
        COALESCE(SUM(r.requestCost), 0) AS TotalRequestAmount
        FROM booking b
        JOIN branch br ON b.agentCode = br.branchAgentCode
        JOIN flight f ON f.flightId = b.flightId
        JOIN package p ON p.packageId = b.packageId
        LEFT JOIN agent a ON b.accountType = 'Agent' AND b.accountId = a.accountId
        LEFT JOIN company c ON a.companyId = c.companyId
        LEFT JOIN client cl ON b.accountType = 'Client' AND b.accountId = cl.accountId
        LEFT JOIN company cc ON cl.companyId = cc.companyId
        LEFT JOIN payment pa ON pa.transactNo = b.transactNo AND pa.paymentStatus = 'Approved'
        LEFT JOIN request r ON r.transactNo = b.transactNo AND r.requestStatus = 'Confirmed'
        
        GROUP BY b.transactNo, f.flightDepartureDate, f.returnDepartureDate, b.status, 
                 p.packageName, b.bookingDate, b.pax, b.totalPrice, a.lName, a.fName, a.mName, br.branchName
        ORDER BY CAST(SUBSTRING_INDEX(b.transactNo, '-', -1) AS UNSIGNED)
[2025-08-12 09:09:40] Total records fetched: 98
[2025-08-12 09:09:41] WHERE clause: 
[2025-08-12 09:09:41] SQL Query: SELECT b.transactNo, DATE_FORMAT(f.flightDepartureDate, '%Y.%m.%d') AS departureDate, f.returnDepartureDate AS returnDate, 
        b.status AS bookingStatus, CONCAT(f.flightDepartureDate, ' | ', f.returnDepartureDate) AS FlightDate, 
        p.packageName AS PackageName, b.bookingDate, b.pax AS TotalPax,  
        b.totalPrice AS PackagePrice, br.branchName as branchName, COALESCE(SUM(pa.amount), 0) AS TotalAmountPaid,
        CONCAT(a.lName, ', ', a.fName, ' ', IFNULL(CONCAT(SUBSTRING(a.mName, 1, 1), '.'), '')) AS agentName,
        COALESCE(SUM(r.requestCost), 0) AS TotalRequestAmount
        FROM booking b
        JOIN branch br ON b.agentCode = br.branchAgentCode
        JOIN flight f ON f.flightId = b.flightId
        JOIN package p ON p.packageId = b.packageId
        LEFT JOIN agent a ON b.accountType = 'Agent' AND b.accountId = a.accountId
        LEFT JOIN company c ON a.companyId = c.companyId
        LEFT JOIN client cl ON b.accountType = 'Client' AND b.accountId = cl.accountId
        LEFT JOIN company cc ON cl.companyId = cc.companyId
        LEFT JOIN payment pa ON pa.transactNo = b.transactNo AND pa.paymentStatus = 'Approved'
        LEFT JOIN request r ON r.transactNo = b.transactNo AND r.requestStatus = 'Confirmed'
        
        GROUP BY b.transactNo, f.flightDepartureDate, f.returnDepartureDate, b.status, 
                 p.packageName, b.bookingDate, b.pax, b.totalPrice, a.lName, a.fName, a.mName, br.branchName
        ORDER BY CAST(SUBSTRING_INDEX(b.transactNo, '-', -1) AS UNSIGNED)
[2025-08-12 09:09:41] Total records fetched: 98
[2025-08-12 09:09:41] WHERE clause: 
[2025-08-12 09:09:41] SQL Query: SELECT b.transactNo, DATE_FORMAT(f.flightDepartureDate, '%Y.%m.%d') AS departureDate, f.returnDepartureDate AS returnDate, 
        b.status AS bookingStatus, CONCAT(f.flightDepartureDate, ' | ', f.returnDepartureDate) AS FlightDate, 
        p.packageName AS PackageName, b.bookingDate, b.pax AS TotalPax,  
        b.totalPrice AS PackagePrice, br.branchName as branchName, COALESCE(SUM(pa.amount), 0) AS TotalAmountPaid,
        CONCAT(a.lName, ', ', a.fName, ' ', IFNULL(CONCAT(SUBSTRING(a.mName, 1, 1), '.'), '')) AS agentName,
        COALESCE(SUM(r.requestCost), 0) AS TotalRequestAmount
        FROM booking b
        JOIN branch br ON b.agentCode = br.branchAgentCode
        JOIN flight f ON f.flightId = b.flightId
        JOIN package p ON p.packageId = b.packageId
        LEFT JOIN agent a ON b.accountType = 'Agent' AND b.accountId = a.accountId
        LEFT JOIN company c ON a.companyId = c.companyId
        LEFT JOIN client cl ON b.accountType = 'Client' AND b.accountId = cl.accountId
        LEFT JOIN company cc ON cl.companyId = cc.companyId
        LEFT JOIN payment pa ON pa.transactNo = b.transactNo AND pa.paymentStatus = 'Approved'
        LEFT JOIN request r ON r.transactNo = b.transactNo AND r.requestStatus = 'Confirmed'
        
        GROUP BY b.transactNo, f.flightDepartureDate, f.returnDepartureDate, b.status, 
                 p.packageName, b.bookingDate, b.pax, b.totalPrice, a.lName, a.fName, a.mName, br.branchName
        ORDER BY CAST(SUBSTRING_INDEX(b.transactNo, '-', -1) AS UNSIGNED)
[2025-08-12 09:09:41] Total records fetched: 98
[2025-08-12 09:11:16] WHERE clause: 
[2025-08-12 09:11:16] SQL Query: SELECT b.transactNo, DATE_FORMAT(f.flightDepartureDate, '%Y.%m.%d') AS departureDate, f.returnDepartureDate AS returnDate, 
        b.status AS bookingStatus, CONCAT(f.flightDepartureDate, ' | ', f.returnDepartureDate) AS FlightDate, 
        p.packageName AS PackageName, b.bookingDate, b.pax AS TotalPax,  
        b.totalPrice AS PackagePrice, br.branchName as branchName, COALESCE(SUM(pa.amount), 0) AS TotalAmountPaid,
        CONCAT(a.lName, ', ', a.fName, ' ', IFNULL(CONCAT(SUBSTRING(a.mName, 1, 1), '.'), '')) AS agentName,
        COALESCE(SUM(r.requestCost), 0) AS TotalRequestAmount
        FROM booking b
        JOIN branch br ON b.agentCode = br.branchAgentCode
        JOIN flight f ON f.flightId = b.flightId
        JOIN package p ON p.packageId = b.packageId
        LEFT JOIN agent a ON b.accountType = 'Agent' AND b.accountId = a.accountId
        LEFT JOIN company c ON a.companyId = c.companyId
        LEFT JOIN client cl ON b.accountType = 'Client' AND b.accountId = cl.accountId
        LEFT JOIN company cc ON cl.companyId = cc.companyId
        LEFT JOIN payment pa ON pa.transactNo = b.transactNo AND pa.paymentStatus = 'Approved'
        LEFT JOIN request r ON r.transactNo = b.transactNo AND r.requestStatus = 'Confirmed'
        
        GROUP BY b.transactNo, f.flightDepartureDate, f.returnDepartureDate, b.status, 
                 p.packageName, b.bookingDate, b.pax, b.totalPrice, a.lName, a.fName, a.mName, br.branchName
        ORDER BY CAST(SUBSTRING_INDEX(b.transactNo, '-', -1) AS UNSIGNED)
[2025-08-12 09:11:16] Total records fetched: 98
[2025-08-12 09:11:27] WHERE clause: 
[2025-08-12 09:11:27] SQL Query: SELECT b.transactNo, DATE_FORMAT(f.flightDepartureDate, '%Y.%m.%d') AS departureDate, f.returnDepartureDate AS returnDate, 
        b.status AS bookingStatus, CONCAT(f.flightDepartureDate, ' | ', f.returnDepartureDate) AS FlightDate, 
        p.packageName AS PackageName, b.bookingDate, b.pax AS TotalPax,  
        b.totalPrice AS PackagePrice, br.branchName as branchName, COALESCE(SUM(pa.amount), 0) AS TotalAmountPaid,
        CONCAT(a.lName, ', ', a.fName, ' ', IFNULL(CONCAT(SUBSTRING(a.mName, 1, 1), '.'), '')) AS agentName,
        COALESCE(SUM(r.requestCost), 0) AS TotalRequestAmount
        FROM booking b
        JOIN branch br ON b.agentCode = br.branchAgentCode
        JOIN flight f ON f.flightId = b.flightId
        JOIN package p ON p.packageId = b.packageId
        LEFT JOIN agent a ON b.accountType = 'Agent' AND b.accountId = a.accountId
        LEFT JOIN company c ON a.companyId = c.companyId
        LEFT JOIN client cl ON b.accountType = 'Client' AND b.accountId = cl.accountId
        LEFT JOIN company cc ON cl.companyId = cc.companyId
        LEFT JOIN payment pa ON pa.transactNo = b.transactNo AND pa.paymentStatus = 'Approved'
        LEFT JOIN request r ON r.transactNo = b.transactNo AND r.requestStatus = 'Confirmed'
        
        GROUP BY b.transactNo, f.flightDepartureDate, f.returnDepartureDate, b.status, 
                 p.packageName, b.bookingDate, b.pax, b.totalPrice, a.lName, a.fName, a.mName, br.branchName
        ORDER BY CAST(SUBSTRING_INDEX(b.transactNo, '-', -1) AS UNSIGNED)
[2025-08-12 09:11:27] Total records fetched: 98
[2025-08-12 09:11:30] WHERE clause: 
[2025-08-12 09:11:30] SQL Query: SELECT b.transactNo, DATE_FORMAT(f.flightDepartureDate, '%Y.%m.%d') AS departureDate, f.returnDepartureDate AS returnDate, 
        b.status AS bookingStatus, CONCAT(f.flightDepartureDate, ' | ', f.returnDepartureDate) AS FlightDate, 
        p.packageName AS PackageName, b.bookingDate, b.pax AS TotalPax,  
        b.totalPrice AS PackagePrice, br.branchName as branchName, COALESCE(SUM(pa.amount), 0) AS TotalAmountPaid,
        CONCAT(a.lName, ', ', a.fName, ' ', IFNULL(CONCAT(SUBSTRING(a.mName, 1, 1), '.'), '')) AS agentName,
        COALESCE(SUM(r.requestCost), 0) AS TotalRequestAmount
        FROM booking b
        JOIN branch br ON b.agentCode = br.branchAgentCode
        JOIN flight f ON f.flightId = b.flightId
        JOIN package p ON p.packageId = b.packageId
        LEFT JOIN agent a ON b.accountType = 'Agent' AND b.accountId = a.accountId
        LEFT JOIN company c ON a.companyId = c.companyId
        LEFT JOIN client cl ON b.accountType = 'Client' AND b.accountId = cl.accountId
        LEFT JOIN company cc ON cl.companyId = cc.companyId
        LEFT JOIN payment pa ON pa.transactNo = b.transactNo AND pa.paymentStatus = 'Approved'
        LEFT JOIN request r ON r.transactNo = b.transactNo AND r.requestStatus = 'Confirmed'
        
        GROUP BY b.transactNo, f.flightDepartureDate, f.returnDepartureDate, b.status, 
                 p.packageName, b.bookingDate, b.pax, b.totalPrice, a.lName, a.fName, a.mName, br.branchName
        ORDER BY CAST(SUBSTRING_INDEX(b.transactNo, '-', -1) AS UNSIGNED)
[2025-08-12 09:11:30] Total records fetched: 98
[2025-08-12 09:11:36] WHERE clause: 
[2025-08-12 09:11:36] SQL Query: SELECT b.transactNo, DATE_FORMAT(f.flightDepartureDate, '%Y.%m.%d') AS departureDate, f.returnDepartureDate AS returnDate, 
        b.status AS bookingStatus, CONCAT(f.flightDepartureDate, ' | ', f.returnDepartureDate) AS FlightDate, 
        p.packageName AS PackageName, b.bookingDate, b.pax AS TotalPax,  
        b.totalPrice AS PackagePrice, br.branchName as branchName, COALESCE(SUM(pa.amount), 0) AS TotalAmountPaid,
        CONCAT(a.lName, ', ', a.fName, ' ', IFNULL(CONCAT(SUBSTRING(a.mName, 1, 1), '.'), '')) AS agentName,
        COALESCE(SUM(r.requestCost), 0) AS TotalRequestAmount
        FROM booking b
        JOIN branch br ON b.agentCode = br.branchAgentCode
        JOIN flight f ON f.flightId = b.flightId
        JOIN package p ON p.packageId = b.packageId
        LEFT JOIN agent a ON b.accountType = 'Agent' AND b.accountId = a.accountId
        LEFT JOIN company c ON a.companyId = c.companyId
        LEFT JOIN client cl ON b.accountType = 'Client' AND b.accountId = cl.accountId
        LEFT JOIN company cc ON cl.companyId = cc.companyId
        LEFT JOIN payment pa ON pa.transactNo = b.transactNo AND pa.paymentStatus = 'Approved'
        LEFT JOIN request r ON r.transactNo = b.transactNo AND r.requestStatus = 'Confirmed'
        
        GROUP BY b.transactNo, f.flightDepartureDate, f.returnDepartureDate, b.status, 
                 p.packageName, b.bookingDate, b.pax, b.totalPrice, a.lName, a.fName, a.mName, br.branchName
        ORDER BY CAST(SUBSTRING_INDEX(b.transactNo, '-', -1) AS UNSIGNED)
[2025-08-12 09:11:36] Total records fetched: 98
[2025-08-12 09:12:23] WHERE clause: 
[2025-08-12 09:12:23] SQL Query: SELECT b.transactNo, DATE_FORMAT(f.flightDepartureDate, '%Y.%m.%d') AS departureDate, f.returnDepartureDate AS returnDate, 
        b.status AS bookingStatus, CONCAT(f.flightDepartureDate, ' | ', f.returnDepartureDate) AS FlightDate, 
        p.packageName AS PackageName, b.bookingDate, b.pax AS TotalPax,  
        b.totalPrice AS PackagePrice, br.branchName as branchName, COALESCE(SUM(pa.amount), 0) AS TotalAmountPaid,
        CONCAT(a.lName, ', ', a.fName, ' ', IFNULL(CONCAT(SUBSTRING(a.mName, 1, 1), '.'), '')) AS agentName,
        COALESCE(SUM(r.requestCost), 0) AS TotalRequestAmount
        FROM booking b
        JOIN branch br ON b.agentCode = br.branchAgentCode
        JOIN flight f ON f.flightId = b.flightId
        JOIN package p ON p.packageId = b.packageId
        LEFT JOIN agent a ON b.accountType = 'Agent' AND b.accountId = a.accountId
        LEFT JOIN company c ON a.companyId = c.companyId
        LEFT JOIN client cl ON b.accountType = 'Client' AND b.accountId = cl.accountId
        LEFT JOIN company cc ON cl.companyId = cc.companyId
        LEFT JOIN payment pa ON pa.transactNo = b.transactNo AND pa.paymentStatus = 'Approved'
        LEFT JOIN request r ON r.transactNo = b.transactNo AND r.requestStatus = 'Confirmed'
        
        GROUP BY b.transactNo, f.flightDepartureDate, f.returnDepartureDate, b.status, 
                 p.packageName, b.bookingDate, b.pax, b.totalPrice, a.lName, a.fName, a.mName, br.branchName
        ORDER BY CAST(SUBSTRING_INDEX(b.transactNo, '-', -1) AS UNSIGNED)
[2025-08-12 09:12:23] Total records fetched: 98
[2025-08-12 09:18:44] WHERE clause: 
[2025-08-12 09:18:44] SQL Query: SELECT b.transactNo, DATE_FORMAT(f.flightDepartureDate, '%Y.%m.%d') AS departureDate, f.returnDepartureDate AS returnDate, 
        b.status AS bookingStatus, CONCAT(f.flightDepartureDate, ' | ', f.returnDepartureDate) AS FlightDate, 
        p.packageName AS PackageName, b.bookingDate, b.pax AS TotalPax,  
        b.totalPrice AS PackagePrice, br.branchName as branchName, COALESCE(SUM(pa.amount), 0) AS TotalAmountPaid,
        CONCAT(a.lName, ', ', a.fName, ' ', IFNULL(CONCAT(SUBSTRING(a.mName, 1, 1), '.'), '')) AS agentName,
        COALESCE(SUM(r.requestCost), 0) AS TotalRequestAmount
        FROM booking b
        JOIN branch br ON b.agentCode = br.branchAgentCode
        JOIN flight f ON f.flightId = b.flightId
        JOIN package p ON p.packageId = b.packageId
        LEFT JOIN agent a ON b.accountType = 'Agent' AND b.accountId = a.accountId
        LEFT JOIN company c ON a.companyId = c.companyId
        LEFT JOIN client cl ON b.accountType = 'Client' AND b.accountId = cl.accountId
        LEFT JOIN company cc ON cl.companyId = cc.companyId
        LEFT JOIN payment pa ON pa.transactNo = b.transactNo AND pa.paymentStatus = 'Approved'
        LEFT JOIN request r ON r.transactNo = b.transactNo AND r.requestStatus = 'Confirmed'
        
        GROUP BY b.transactNo, f.flightDepartureDate, f.returnDepartureDate, b.status, 
                 p.packageName, b.bookingDate, b.pax, b.totalPrice, a.lName, a.fName, a.mName, br.branchName
        ORDER BY CAST(SUBSTRING_INDEX(b.transactNo, '-', -1) AS UNSIGNED)
[2025-08-12 09:18:44] Total records fetched: 98
[2025-08-12 09:18:57] WHERE clause: 
[2025-08-12 09:18:57] SQL Query: SELECT b.transactNo, DATE_FORMAT(f.flightDepartureDate, '%Y.%m.%d') AS departureDate, f.returnDepartureDate AS returnDate, 
        b.status AS bookingStatus, CONCAT(f.flightDepartureDate, ' | ', f.returnDepartureDate) AS FlightDate, 
        p.packageName AS PackageName, b.bookingDate, b.pax AS TotalPax,  
        b.totalPrice AS PackagePrice, br.branchName as branchName, COALESCE(SUM(pa.amount), 0) AS TotalAmountPaid,
        CONCAT(a.lName, ', ', a.fName, ' ', IFNULL(CONCAT(SUBSTRING(a.mName, 1, 1), '.'), '')) AS agentName,
        COALESCE(SUM(r.requestCost), 0) AS TotalRequestAmount
        FROM booking b
        JOIN branch br ON b.agentCode = br.branchAgentCode
        JOIN flight f ON f.flightId = b.flightId
        JOIN package p ON p.packageId = b.packageId
        LEFT JOIN agent a ON b.accountType = 'Agent' AND b.accountId = a.accountId
        LEFT JOIN company c ON a.companyId = c.companyId
        LEFT JOIN client cl ON b.accountType = 'Client' AND b.accountId = cl.accountId
        LEFT JOIN company cc ON cl.companyId = cc.companyId
        LEFT JOIN payment pa ON pa.transactNo = b.transactNo AND pa.paymentStatus = 'Approved'
        LEFT JOIN request r ON r.transactNo = b.transactNo AND r.requestStatus = 'Confirmed'
        
        GROUP BY b.transactNo, f.flightDepartureDate, f.returnDepartureDate, b.status, 
                 p.packageName, b.bookingDate, b.pax, b.totalPrice, a.lName, a.fName, a.mName, br.branchName
        ORDER BY CAST(SUBSTRING_INDEX(b.transactNo, '-', -1) AS UNSIGNED)
[2025-08-12 09:18:57] Total records fetched: 98
[2025-08-12 09:19:16] WHERE clause: 
[2025-08-12 09:19:16] SQL Query: SELECT b.transactNo, DATE_FORMAT(f.flightDepartureDate, '%Y.%m.%d') AS departureDate, f.returnDepartureDate AS returnDate, 
        b.status AS bookingStatus, CONCAT(f.flightDepartureDate, ' | ', f.returnDepartureDate) AS FlightDate, 
        p.packageName AS PackageName, b.bookingDate, b.pax AS TotalPax,  
        b.totalPrice AS PackagePrice, br.branchName as branchName, COALESCE(SUM(pa.amount), 0) AS TotalAmountPaid,
        CONCAT(a.lName, ', ', a.fName, ' ', IFNULL(CONCAT(SUBSTRING(a.mName, 1, 1), '.'), '')) AS agentName,
        COALESCE(SUM(r.requestCost), 0) AS TotalRequestAmount
        FROM booking b
        JOIN branch br ON b.agentCode = br.branchAgentCode
        JOIN flight f ON f.flightId = b.flightId
        JOIN package p ON p.packageId = b.packageId
        LEFT JOIN agent a ON b.accountType = 'Agent' AND b.accountId = a.accountId
        LEFT JOIN company c ON a.companyId = c.companyId
        LEFT JOIN client cl ON b.accountType = 'Client' AND b.accountId = cl.accountId
        LEFT JOIN company cc ON cl.companyId = cc.companyId
        LEFT JOIN payment pa ON pa.transactNo = b.transactNo AND pa.paymentStatus = 'Approved'
        LEFT JOIN request r ON r.transactNo = b.transactNo AND r.requestStatus = 'Confirmed'
        
        GROUP BY b.transactNo, f.flightDepartureDate, f.returnDepartureDate, b.status, 
                 p.packageName, b.bookingDate, b.pax, b.totalPrice, a.lName, a.fName, a.mName, br.branchName
        ORDER BY CAST(SUBSTRING_INDEX(b.transactNo, '-', -1) AS UNSIGNED)
[2025-08-12 09:19:16] Total records fetched: 98
[2025-08-12 09:19:17] WHERE clause: 
[2025-08-12 09:19:17] SQL Query: SELECT b.transactNo, DATE_FORMAT(f.flightDepartureDate, '%Y.%m.%d') AS departureDate, f.returnDepartureDate AS returnDate, 
        b.status AS bookingStatus, CONCAT(f.flightDepartureDate, ' | ', f.returnDepartureDate) AS FlightDate, 
        p.packageName AS PackageName, b.bookingDate, b.pax AS TotalPax,  
        b.totalPrice AS PackagePrice, br.branchName as branchName, COALESCE(SUM(pa.amount), 0) AS TotalAmountPaid,
        CONCAT(a.lName, ', ', a.fName, ' ', IFNULL(CONCAT(SUBSTRING(a.mName, 1, 1), '.'), '')) AS agentName,
        COALESCE(SUM(r.requestCost), 0) AS TotalRequestAmount
        FROM booking b
        JOIN branch br ON b.agentCode = br.branchAgentCode
        JOIN flight f ON f.flightId = b.flightId
        JOIN package p ON p.packageId = b.packageId
        LEFT JOIN agent a ON b.accountType = 'Agent' AND b.accountId = a.accountId
        LEFT JOIN company c ON a.companyId = c.companyId
        LEFT JOIN client cl ON b.accountType = 'Client' AND b.accountId = cl.accountId
        LEFT JOIN company cc ON cl.companyId = cc.companyId
        LEFT JOIN payment pa ON pa.transactNo = b.transactNo AND pa.paymentStatus = 'Approved'
        LEFT JOIN request r ON r.transactNo = b.transactNo AND r.requestStatus = 'Confirmed'
        
        GROUP BY b.transactNo, f.flightDepartureDate, f.returnDepartureDate, b.status, 
                 p.packageName, b.bookingDate, b.pax, b.totalPrice, a.lName, a.fName, a.mName, br.branchName
        ORDER BY CAST(SUBSTRING_INDEX(b.transactNo, '-', -1) AS UNSIGNED)
[2025-08-12 09:19:17] Total records fetched: 98
[2025-08-12 09:19:29] WHERE clause: 
[2025-08-12 09:19:29] SQL Query: SELECT b.transactNo, DATE_FORMAT(f.flightDepartureDate, '%Y.%m.%d') AS departureDate, f.returnDepartureDate AS returnDate, 
        b.status AS bookingStatus, CONCAT(f.flightDepartureDate, ' | ', f.returnDepartureDate) AS FlightDate, 
        p.packageName AS PackageName, b.bookingDate, b.pax AS TotalPax,  
        b.totalPrice AS PackagePrice, br.branchName as branchName, COALESCE(SUM(pa.amount), 0) AS TotalAmountPaid,
        CONCAT(a.lName, ', ', a.fName, ' ', IFNULL(CONCAT(SUBSTRING(a.mName, 1, 1), '.'), '')) AS agentName,
        COALESCE(SUM(r.requestCost), 0) AS TotalRequestAmount
        FROM booking b
        JOIN branch br ON b.agentCode = br.branchAgentCode
        JOIN flight f ON f.flightId = b.flightId
        JOIN package p ON p.packageId = b.packageId
        LEFT JOIN agent a ON b.accountType = 'Agent' AND b.accountId = a.accountId
        LEFT JOIN company c ON a.companyId = c.companyId
        LEFT JOIN client cl ON b.accountType = 'Client' AND b.accountId = cl.accountId
        LEFT JOIN company cc ON cl.companyId = cc.companyId
        LEFT JOIN payment pa ON pa.transactNo = b.transactNo AND pa.paymentStatus = 'Approved'
        LEFT JOIN request r ON r.transactNo = b.transactNo AND r.requestStatus = 'Confirmed'
        
        GROUP BY b.transactNo, f.flightDepartureDate, f.returnDepartureDate, b.status, 
                 p.packageName, b.bookingDate, b.pax, b.totalPrice, a.lName, a.fName, a.mName, br.branchName
        ORDER BY CAST(SUBSTRING_INDEX(b.transactNo, '-', -1) AS UNSIGNED)
[2025-08-12 09:19:29] Total records fetched: 98
[2025-08-12 09:19:30] WHERE clause: 
[2025-08-12 09:19:30] SQL Query: SELECT b.transactNo, DATE_FORMAT(f.flightDepartureDate, '%Y.%m.%d') AS departureDate, f.returnDepartureDate AS returnDate, 
        b.status AS bookingStatus, CONCAT(f.flightDepartureDate, ' | ', f.returnDepartureDate) AS FlightDate, 
        p.packageName AS PackageName, b.bookingDate, b.pax AS TotalPax,  
        b.totalPrice AS PackagePrice, br.branchName as branchName, COALESCE(SUM(pa.amount), 0) AS TotalAmountPaid,
        CONCAT(a.lName, ', ', a.fName, ' ', IFNULL(CONCAT(SUBSTRING(a.mName, 1, 1), '.'), '')) AS agentName,
        COALESCE(SUM(r.requestCost), 0) AS TotalRequestAmount
        FROM booking b
        JOIN branch br ON b.agentCode = br.branchAgentCode
        JOIN flight f ON f.flightId = b.flightId
        JOIN package p ON p.packageId = b.packageId
        LEFT JOIN agent a ON b.accountType = 'Agent' AND b.accountId = a.accountId
        LEFT JOIN company c ON a.companyId = c.companyId
        LEFT JOIN client cl ON b.accountType = 'Client' AND b.accountId = cl.accountId
        LEFT JOIN company cc ON cl.companyId = cc.companyId
        LEFT JOIN payment pa ON pa.transactNo = b.transactNo AND pa.paymentStatus = 'Approved'
        LEFT JOIN request r ON r.transactNo = b.transactNo AND r.requestStatus = 'Confirmed'
        
        GROUP BY b.transactNo, f.flightDepartureDate, f.returnDepartureDate, b.status, 
                 p.packageName, b.bookingDate, b.pax, b.totalPrice, a.lName, a.fName, a.mName, br.branchName
        ORDER BY CAST(SUBSTRING_INDEX(b.transactNo, '-', -1) AS UNSIGNED)
[2025-08-12 09:19:30] Total records fetched: 98
[2025-08-12 09:19:31] WHERE clause: 
[2025-08-12 09:19:31] SQL Query: SELECT b.transactNo, DATE_FORMAT(f.flightDepartureDate, '%Y.%m.%d') AS departureDate, f.returnDepartureDate AS returnDate, 
        b.status AS bookingStatus, CONCAT(f.flightDepartureDate, ' | ', f.returnDepartureDate) AS FlightDate, 
        p.packageName AS PackageName, b.bookingDate, b.pax AS TotalPax,  
        b.totalPrice AS PackagePrice, br.branchName as branchName, COALESCE(SUM(pa.amount), 0) AS TotalAmountPaid,
        CONCAT(a.lName, ', ', a.fName, ' ', IFNULL(CONCAT(SUBSTRING(a.mName, 1, 1), '.'), '')) AS agentName,
        COALESCE(SUM(r.requestCost), 0) AS TotalRequestAmount
        FROM booking b
        JOIN branch br ON b.agentCode = br.branchAgentCode
        JOIN flight f ON f.flightId = b.flightId
        JOIN package p ON p.packageId = b.packageId
        LEFT JOIN agent a ON b.accountType = 'Agent' AND b.accountId = a.accountId
        LEFT JOIN company c ON a.companyId = c.companyId
        LEFT JOIN client cl ON b.accountType = 'Client' AND b.accountId = cl.accountId
        LEFT JOIN company cc ON cl.companyId = cc.companyId
        LEFT JOIN payment pa ON pa.transactNo = b.transactNo AND pa.paymentStatus = 'Approved'
        LEFT JOIN request r ON r.transactNo = b.transactNo AND r.requestStatus = 'Confirmed'
        
        GROUP BY b.transactNo, f.flightDepartureDate, f.returnDepartureDate, b.status, 
                 p.packageName, b.bookingDate, b.pax, b.totalPrice, a.lName, a.fName, a.mName, br.branchName
        ORDER BY CAST(SUBSTRING_INDEX(b.transactNo, '-', -1) AS UNSIGNED)
[2025-08-12 09:19:31] Total records fetched: 98
[2025-08-12 09:19:31] WHERE clause: 
[2025-08-12 09:19:31] SQL Query: SELECT b.transactNo, DATE_FORMAT(f.flightDepartureDate, '%Y.%m.%d') AS departureDate, f.returnDepartureDate AS returnDate, 
        b.status AS bookingStatus, CONCAT(f.flightDepartureDate, ' | ', f.returnDepartureDate) AS FlightDate, 
        p.packageName AS PackageName, b.bookingDate, b.pax AS TotalPax,  
        b.totalPrice AS PackagePrice, br.branchName as branchName, COALESCE(SUM(pa.amount), 0) AS TotalAmountPaid,
        CONCAT(a.lName, ', ', a.fName, ' ', IFNULL(CONCAT(SUBSTRING(a.mName, 1, 1), '.'), '')) AS agentName,
        COALESCE(SUM(r.requestCost), 0) AS TotalRequestAmount
        FROM booking b
        JOIN branch br ON b.agentCode = br.branchAgentCode
        JOIN flight f ON f.flightId = b.flightId
        JOIN package p ON p.packageId = b.packageId
        LEFT JOIN agent a ON b.accountType = 'Agent' AND b.accountId = a.accountId
        LEFT JOIN company c ON a.companyId = c.companyId
        LEFT JOIN client cl ON b.accountType = 'Client' AND b.accountId = cl.accountId
        LEFT JOIN company cc ON cl.companyId = cc.companyId
        LEFT JOIN payment pa ON pa.transactNo = b.transactNo AND pa.paymentStatus = 'Approved'
        LEFT JOIN request r ON r.transactNo = b.transactNo AND r.requestStatus = 'Confirmed'
        
        GROUP BY b.transactNo, f.flightDepartureDate, f.returnDepartureDate, b.status, 
                 p.packageName, b.bookingDate, b.pax, b.totalPrice, a.lName, a.fName, a.mName, br.branchName
        ORDER BY CAST(SUBSTRING_INDEX(b.transactNo, '-', -1) AS UNSIGNED)
[2025-08-12 09:19:31] Total records fetched: 98
[2025-08-12 09:19:34] WHERE clause: 
[2025-08-12 09:19:34] SQL Query: SELECT b.transactNo, DATE_FORMAT(f.flightDepartureDate, '%Y.%m.%d') AS departureDate, f.returnDepartureDate AS returnDate, 
        b.status AS bookingStatus, CONCAT(f.flightDepartureDate, ' | ', f.returnDepartureDate) AS FlightDate, 
        p.packageName AS PackageName, b.bookingDate, b.pax AS TotalPax,  
        b.totalPrice AS PackagePrice, br.branchName as branchName, COALESCE(SUM(pa.amount), 0) AS TotalAmountPaid,
        CONCAT(a.lName, ', ', a.fName, ' ', IFNULL(CONCAT(SUBSTRING(a.mName, 1, 1), '.'), '')) AS agentName,
        COALESCE(SUM(r.requestCost), 0) AS TotalRequestAmount
        FROM booking b
        JOIN branch br ON b.agentCode = br.branchAgentCode
        JOIN flight f ON f.flightId = b.flightId
        JOIN package p ON p.packageId = b.packageId
        LEFT JOIN agent a ON b.accountType = 'Agent' AND b.accountId = a.accountId
        LEFT JOIN company c ON a.companyId = c.companyId
        LEFT JOIN client cl ON b.accountType = 'Client' AND b.accountId = cl.accountId
        LEFT JOIN company cc ON cl.companyId = cc.companyId
        LEFT JOIN payment pa ON pa.transactNo = b.transactNo AND pa.paymentStatus = 'Approved'
        LEFT JOIN request r ON r.transactNo = b.transactNo AND r.requestStatus = 'Confirmed'
        
        GROUP BY b.transactNo, f.flightDepartureDate, f.returnDepartureDate, b.status, 
                 p.packageName, b.bookingDate, b.pax, b.totalPrice, a.lName, a.fName, a.mName, br.branchName
        ORDER BY CAST(SUBSTRING_INDEX(b.transactNo, '-', -1) AS UNSIGNED)
[2025-08-12 09:19:34] Total records fetched: 98
[2025-08-12 09:19:38] WHERE clause: 
[2025-08-12 09:19:38] SQL Query: SELECT b.transactNo, DATE_FORMAT(f.flightDepartureDate, '%Y.%m.%d') AS departureDate, f.returnDepartureDate AS returnDate, 
        b.status AS bookingStatus, CONCAT(f.flightDepartureDate, ' | ', f.returnDepartureDate) AS FlightDate, 
        p.packageName AS PackageName, b.bookingDate, b.pax AS TotalPax,  
        b.totalPrice AS PackagePrice, br.branchName as branchName, COALESCE(SUM(pa.amount), 0) AS TotalAmountPaid,
        CONCAT(a.lName, ', ', a.fName, ' ', IFNULL(CONCAT(SUBSTRING(a.mName, 1, 1), '.'), '')) AS agentName,
        COALESCE(SUM(r.requestCost), 0) AS TotalRequestAmount
        FROM booking b
        JOIN branch br ON b.agentCode = br.branchAgentCode
        JOIN flight f ON f.flightId = b.flightId
        JOIN package p ON p.packageId = b.packageId
        LEFT JOIN agent a ON b.accountType = 'Agent' AND b.accountId = a.accountId
        LEFT JOIN company c ON a.companyId = c.companyId
        LEFT JOIN client cl ON b.accountType = 'Client' AND b.accountId = cl.accountId
        LEFT JOIN company cc ON cl.companyId = cc.companyId
        LEFT JOIN payment pa ON pa.transactNo = b.transactNo AND pa.paymentStatus = 'Approved'
        LEFT JOIN request r ON r.transactNo = b.transactNo AND r.requestStatus = 'Confirmed'
        
        GROUP BY b.transactNo, f.flightDepartureDate, f.returnDepartureDate, b.status, 
                 p.packageName, b.bookingDate, b.pax, b.totalPrice, a.lName, a.fName, a.mName, br.branchName
        ORDER BY CAST(SUBSTRING_INDEX(b.transactNo, '-', -1) AS UNSIGNED)
[2025-08-12 09:19:38] Total records fetched: 98
[2025-08-12 09:19:40] WHERE clause: 
[2025-08-12 09:19:40] SQL Query: SELECT b.transactNo, DATE_FORMAT(f.flightDepartureDate, '%Y.%m.%d') AS departureDate, f.returnDepartureDate AS returnDate, 
        b.status AS bookingStatus, CONCAT(f.flightDepartureDate, ' | ', f.returnDepartureDate) AS FlightDate, 
        p.packageName AS PackageName, b.bookingDate, b.pax AS TotalPax,  
        b.totalPrice AS PackagePrice, br.branchName as branchName, COALESCE(SUM(pa.amount), 0) AS TotalAmountPaid,
        CONCAT(a.lName, ', ', a.fName, ' ', IFNULL(CONCAT(SUBSTRING(a.mName, 1, 1), '.'), '')) AS agentName,
        COALESCE(SUM(r.requestCost), 0) AS TotalRequestAmount
        FROM booking b
        JOIN branch br ON b.agentCode = br.branchAgentCode
        JOIN flight f ON f.flightId = b.flightId
        JOIN package p ON p.packageId = b.packageId
        LEFT JOIN agent a ON b.accountType = 'Agent' AND b.accountId = a.accountId
        LEFT JOIN company c ON a.companyId = c.companyId
        LEFT JOIN client cl ON b.accountType = 'Client' AND b.accountId = cl.accountId
        LEFT JOIN company cc ON cl.companyId = cc.companyId
        LEFT JOIN payment pa ON pa.transactNo = b.transactNo AND pa.paymentStatus = 'Approved'
        LEFT JOIN request r ON r.transactNo = b.transactNo AND r.requestStatus = 'Confirmed'
        
        GROUP BY b.transactNo, f.flightDepartureDate, f.returnDepartureDate, b.status, 
                 p.packageName, b.bookingDate, b.pax, b.totalPrice, a.lName, a.fName, a.mName, br.branchName
        ORDER BY CAST(SUBSTRING_INDEX(b.transactNo, '-', -1) AS UNSIGNED)
[2025-08-12 09:19:40] Total records fetched: 98
[2025-08-12 09:21:26] WHERE clause: 
[2025-08-12 09:21:26] SQL Query: SELECT b.transactNo, DATE_FORMAT(f.flightDepartureDate, '%Y.%m.%d') AS departureDate, f.returnDepartureDate AS returnDate, 
        b.status AS bookingStatus, CONCAT(f.flightDepartureDate, ' | ', f.returnDepartureDate) AS FlightDate, 
        p.packageName AS PackageName, b.bookingDate, b.pax AS TotalPax,  
        b.totalPrice AS PackagePrice, br.branchName as branchName, COALESCE(SUM(pa.amount), 0) AS TotalAmountPaid,
        CONCAT(a.lName, ', ', a.fName, ' ', IFNULL(CONCAT(SUBSTRING(a.mName, 1, 1), '.'), '')) AS agentName,
        COALESCE(SUM(r.requestCost), 0) AS TotalRequestAmount
        FROM booking b
        JOIN branch br ON b.agentCode = br.branchAgentCode
        JOIN flight f ON f.flightId = b.flightId
        JOIN package p ON p.packageId = b.packageId
        LEFT JOIN agent a ON b.accountType = 'Agent' AND b.accountId = a.accountId
        LEFT JOIN company c ON a.companyId = c.companyId
        LEFT JOIN client cl ON b.accountType = 'Client' AND b.accountId = cl.accountId
        LEFT JOIN company cc ON cl.companyId = cc.companyId
        LEFT JOIN payment pa ON pa.transactNo = b.transactNo AND pa.paymentStatus = 'Approved'
        LEFT JOIN request r ON r.transactNo = b.transactNo AND r.requestStatus = 'Confirmed'
        
        GROUP BY b.transactNo, f.flightDepartureDate, f.returnDepartureDate, b.status, 
                 p.packageName, b.bookingDate, b.pax, b.totalPrice, a.lName, a.fName, a.mName, br.branchName
        ORDER BY CAST(SUBSTRING_INDEX(b.transactNo, '-', -1) AS UNSIGNED)
[2025-08-12 09:21:26] Total records fetched: 98
[2025-08-12 09:21:31] WHERE clause: 
[2025-08-12 09:21:31] SQL Query: SELECT b.transactNo, DATE_FORMAT(f.flightDepartureDate, '%Y.%m.%d') AS departureDate, f.returnDepartureDate AS returnDate, 
        b.status AS bookingStatus, CONCAT(f.flightDepartureDate, ' | ', f.returnDepartureDate) AS FlightDate, 
        p.packageName AS PackageName, b.bookingDate, b.pax AS TotalPax,  
        b.totalPrice AS PackagePrice, br.branchName as branchName, COALESCE(SUM(pa.amount), 0) AS TotalAmountPaid,
        CONCAT(a.lName, ', ', a.fName, ' ', IFNULL(CONCAT(SUBSTRING(a.mName, 1, 1), '.'), '')) AS agentName,
        COALESCE(SUM(r.requestCost), 0) AS TotalRequestAmount
        FROM booking b
        JOIN branch br ON b.agentCode = br.branchAgentCode
        JOIN flight f ON f.flightId = b.flightId
        JOIN package p ON p.packageId = b.packageId
        LEFT JOIN agent a ON b.accountType = 'Agent' AND b.accountId = a.accountId
        LEFT JOIN company c ON a.companyId = c.companyId
        LEFT JOIN client cl ON b.accountType = 'Client' AND b.accountId = cl.accountId
        LEFT JOIN company cc ON cl.companyId = cc.companyId
        LEFT JOIN payment pa ON pa.transactNo = b.transactNo AND pa.paymentStatus = 'Approved'
        LEFT JOIN request r ON r.transactNo = b.transactNo AND r.requestStatus = 'Confirmed'
        
        GROUP BY b.transactNo, f.flightDepartureDate, f.returnDepartureDate, b.status, 
                 p.packageName, b.bookingDate, b.pax, b.totalPrice, a.lName, a.fName, a.mName, br.branchName
        ORDER BY CAST(SUBSTRING_INDEX(b.transactNo, '-', -1) AS UNSIGNED)
[2025-08-12 09:21:31] Total records fetched: 98
[2025-08-12 09:22:49] WHERE clause: 
[2025-08-12 09:22:49] SQL Query: SELECT b.transactNo, DATE_FORMAT(f.flightDepartureDate, '%Y.%m.%d') AS departureDate, f.returnDepartureDate AS returnDate, 
        b.status AS bookingStatus, CONCAT(f.flightDepartureDate, ' | ', f.returnDepartureDate) AS FlightDate, 
        p.packageName AS PackageName, b.bookingDate, b.pax AS TotalPax,  
        b.totalPrice AS PackagePrice, br.branchName as branchName, COALESCE(SUM(pa.amount), 0) AS TotalAmountPaid,
        CONCAT(a.lName, ', ', a.fName, ' ', IFNULL(CONCAT(SUBSTRING(a.mName, 1, 1), '.'), '')) AS agentName,
        COALESCE(SUM(r.requestCost), 0) AS TotalRequestAmount
        FROM booking b
        JOIN branch br ON b.agentCode = br.branchAgentCode
        JOIN flight f ON f.flightId = b.flightId
        JOIN package p ON p.packageId = b.packageId
        LEFT JOIN agent a ON b.accountType = 'Agent' AND b.accountId = a.accountId
        LEFT JOIN company c ON a.companyId = c.companyId
        LEFT JOIN client cl ON b.accountType = 'Client' AND b.accountId = cl.accountId
        LEFT JOIN company cc ON cl.companyId = cc.companyId
        LEFT JOIN payment pa ON pa.transactNo = b.transactNo AND pa.paymentStatus = 'Approved'
        LEFT JOIN request r ON r.transactNo = b.transactNo AND r.requestStatus = 'Confirmed'
        
        GROUP BY b.transactNo, f.flightDepartureDate, f.returnDepartureDate, b.status, 
                 p.packageName, b.bookingDate, b.pax, b.totalPrice, a.lName, a.fName, a.mName, br.branchName
        ORDER BY CAST(SUBSTRING_INDEX(b.transactNo, '-', -1) AS UNSIGNED)
[2025-08-12 09:22:49] Total records fetched: 98
[2025-08-12 09:22:54] WHERE clause: 
[2025-08-12 09:22:54] SQL Query: SELECT b.transactNo, DATE_FORMAT(f.flightDepartureDate, '%Y.%m.%d') AS departureDate, f.returnDepartureDate AS returnDate, 
        b.status AS bookingStatus, CONCAT(f.flightDepartureDate, ' | ', f.returnDepartureDate) AS FlightDate, 
        p.packageName AS PackageName, b.bookingDate, b.pax AS TotalPax,  
        b.totalPrice AS PackagePrice, br.branchName as branchName, COALESCE(SUM(pa.amount), 0) AS TotalAmountPaid,
        CONCAT(a.lName, ', ', a.fName, ' ', IFNULL(CONCAT(SUBSTRING(a.mName, 1, 1), '.'), '')) AS agentName,
        COALESCE(SUM(r.requestCost), 0) AS TotalRequestAmount
        FROM booking b
        JOIN branch br ON b.agentCode = br.branchAgentCode
        JOIN flight f ON f.flightId = b.flightId
        JOIN package p ON p.packageId = b.packageId
        LEFT JOIN agent a ON b.accountType = 'Agent' AND b.accountId = a.accountId
        LEFT JOIN company c ON a.companyId = c.companyId
        LEFT JOIN client cl ON b.accountType = 'Client' AND b.accountId = cl.accountId
        LEFT JOIN company cc ON cl.companyId = cc.companyId
        LEFT JOIN payment pa ON pa.transactNo = b.transactNo AND pa.paymentStatus = 'Approved'
        LEFT JOIN request r ON r.transactNo = b.transactNo AND r.requestStatus = 'Confirmed'
        
        GROUP BY b.transactNo, f.flightDepartureDate, f.returnDepartureDate, b.status, 
                 p.packageName, b.bookingDate, b.pax, b.totalPrice, a.lName, a.fName, a.mName, br.branchName
        ORDER BY CAST(SUBSTRING_INDEX(b.transactNo, '-', -1) AS UNSIGNED)
[2025-08-12 09:22:54] Total records fetched: 98
[2025-08-12 09:23:26] WHERE clause: 
[2025-08-12 09:23:26] SQL Query: SELECT b.transactNo, DATE_FORMAT(f.flightDepartureDate, '%Y.%m.%d') AS departureDate, f.returnDepartureDate AS returnDate, 
        b.status AS bookingStatus, CONCAT(f.flightDepartureDate, ' | ', f.returnDepartureDate) AS FlightDate, 
        p.packageName AS PackageName, b.bookingDate, b.pax AS TotalPax,  
        b.totalPrice AS PackagePrice, br.branchName as branchName, COALESCE(SUM(pa.amount), 0) AS TotalAmountPaid,
        CONCAT(a.lName, ', ', a.fName, ' ', IFNULL(CONCAT(SUBSTRING(a.mName, 1, 1), '.'), '')) AS agentName,
        COALESCE(SUM(r.requestCost), 0) AS TotalRequestAmount
        FROM booking b
        JOIN branch br ON b.agentCode = br.branchAgentCode
        JOIN flight f ON f.flightId = b.flightId
        JOIN package p ON p.packageId = b.packageId
        LEFT JOIN agent a ON b.accountType = 'Agent' AND b.accountId = a.accountId
        LEFT JOIN company c ON a.companyId = c.companyId
        LEFT JOIN client cl ON b.accountType = 'Client' AND b.accountId = cl.accountId
        LEFT JOIN company cc ON cl.companyId = cc.companyId
        LEFT JOIN payment pa ON pa.transactNo = b.transactNo AND pa.paymentStatus = 'Approved'
        LEFT JOIN request r ON r.transactNo = b.transactNo AND r.requestStatus = 'Confirmed'
        
        GROUP BY b.transactNo, f.flightDepartureDate, f.returnDepartureDate, b.status, 
                 p.packageName, b.bookingDate, b.pax, b.totalPrice, a.lName, a.fName, a.mName, br.branchName
        ORDER BY CAST(SUBSTRING_INDEX(b.transactNo, '-', -1) AS UNSIGNED)
[2025-08-12 09:23:26] Total records fetched: 98
[2025-08-12 09:23:31] WHERE clause: 
[2025-08-12 09:23:31] SQL Query: SELECT b.transactNo, DATE_FORMAT(f.flightDepartureDate, '%Y.%m.%d') AS departureDate, f.returnDepartureDate AS returnDate, 
        b.status AS bookingStatus, CONCAT(f.flightDepartureDate, ' | ', f.returnDepartureDate) AS FlightDate, 
        p.packageName AS PackageName, b.bookingDate, b.pax AS TotalPax,  
        b.totalPrice AS PackagePrice, br.branchName as branchName, COALESCE(SUM(pa.amount), 0) AS TotalAmountPaid,
        CONCAT(a.lName, ', ', a.fName, ' ', IFNULL(CONCAT(SUBSTRING(a.mName, 1, 1), '.'), '')) AS agentName,
        COALESCE(SUM(r.requestCost), 0) AS TotalRequestAmount
        FROM booking b
        JOIN branch br ON b.agentCode = br.branchAgentCode
        JOIN flight f ON f.flightId = b.flightId
        JOIN package p ON p.packageId = b.packageId
        LEFT JOIN agent a ON b.accountType = 'Agent' AND b.accountId = a.accountId
        LEFT JOIN company c ON a.companyId = c.companyId
        LEFT JOIN client cl ON b.accountType = 'Client' AND b.accountId = cl.accountId
        LEFT JOIN company cc ON cl.companyId = cc.companyId
        LEFT JOIN payment pa ON pa.transactNo = b.transactNo AND pa.paymentStatus = 'Approved'
        LEFT JOIN request r ON r.transactNo = b.transactNo AND r.requestStatus = 'Confirmed'
        
        GROUP BY b.transactNo, f.flightDepartureDate, f.returnDepartureDate, b.status, 
                 p.packageName, b.bookingDate, b.pax, b.totalPrice, a.lName, a.fName, a.mName, br.branchName
        ORDER BY CAST(SUBSTRING_INDEX(b.transactNo, '-', -1) AS UNSIGNED)
[2025-08-12 09:23:32] Total records fetched: 98
[2025-08-12 09:23:32] WHERE clause: 
[2025-08-12 09:23:32] SQL Query: SELECT b.transactNo, DATE_FORMAT(f.flightDepartureDate, '%Y.%m.%d') AS departureDate, f.returnDepartureDate AS returnDate, 
        b.status AS bookingStatus, CONCAT(f.flightDepartureDate, ' | ', f.returnDepartureDate) AS FlightDate, 
        p.packageName AS PackageName, b.bookingDate, b.pax AS TotalPax,  
        b.totalPrice AS PackagePrice, br.branchName as branchName, COALESCE(SUM(pa.amount), 0) AS TotalAmountPaid,
        CONCAT(a.lName, ', ', a.fName, ' ', IFNULL(CONCAT(SUBSTRING(a.mName, 1, 1), '.'), '')) AS agentName,
        COALESCE(SUM(r.requestCost), 0) AS TotalRequestAmount
        FROM booking b
        JOIN branch br ON b.agentCode = br.branchAgentCode
        JOIN flight f ON f.flightId = b.flightId
        JOIN package p ON p.packageId = b.packageId
        LEFT JOIN agent a ON b.accountType = 'Agent' AND b.accountId = a.accountId
        LEFT JOIN company c ON a.companyId = c.companyId
        LEFT JOIN client cl ON b.accountType = 'Client' AND b.accountId = cl.accountId
        LEFT JOIN company cc ON cl.companyId = cc.companyId
        LEFT JOIN payment pa ON pa.transactNo = b.transactNo AND pa.paymentStatus = 'Approved'
        LEFT JOIN request r ON r.transactNo = b.transactNo AND r.requestStatus = 'Confirmed'
        
        GROUP BY b.transactNo, f.flightDepartureDate, f.returnDepartureDate, b.status, 
                 p.packageName, b.bookingDate, b.pax, b.totalPrice, a.lName, a.fName, a.mName, br.branchName
        ORDER BY CAST(SUBSTRING_INDEX(b.transactNo, '-', -1) AS UNSIGNED)
[2025-08-12 09:23:32] Total records fetched: 98
[2025-08-12 09:23:33] WHERE clause: 
[2025-08-12 09:23:33] SQL Query: SELECT b.transactNo, DATE_FORMAT(f.flightDepartureDate, '%Y.%m.%d') AS departureDate, f.returnDepartureDate AS returnDate, 
        b.status AS bookingStatus, CONCAT(f.flightDepartureDate, ' | ', f.returnDepartureDate) AS FlightDate, 
        p.packageName AS PackageName, b.bookingDate, b.pax AS TotalPax,  
        b.totalPrice AS PackagePrice, br.branchName as branchName, COALESCE(SUM(pa.amount), 0) AS TotalAmountPaid,
        CONCAT(a.lName, ', ', a.fName, ' ', IFNULL(CONCAT(SUBSTRING(a.mName, 1, 1), '.'), '')) AS agentName,
        COALESCE(SUM(r.requestCost), 0) AS TotalRequestAmount
        FROM booking b
        JOIN branch br ON b.agentCode = br.branchAgentCode
        JOIN flight f ON f.flightId = b.flightId
        JOIN package p ON p.packageId = b.packageId
        LEFT JOIN agent a ON b.accountType = 'Agent' AND b.accountId = a.accountId
        LEFT JOIN company c ON a.companyId = c.companyId
        LEFT JOIN client cl ON b.accountType = 'Client' AND b.accountId = cl.accountId
        LEFT JOIN company cc ON cl.companyId = cc.companyId
        LEFT JOIN payment pa ON pa.transactNo = b.transactNo AND pa.paymentStatus = 'Approved'
        LEFT JOIN request r ON r.transactNo = b.transactNo AND r.requestStatus = 'Confirmed'
        
        GROUP BY b.transactNo, f.flightDepartureDate, f.returnDepartureDate, b.status, 
                 p.packageName, b.bookingDate, b.pax, b.totalPrice, a.lName, a.fName, a.mName, br.branchName
        ORDER BY CAST(SUBSTRING_INDEX(b.transactNo, '-', -1) AS UNSIGNED)
[2025-08-12 09:23:33] Total records fetched: 98
[2025-08-12 09:23:35] WHERE clause: 
[2025-08-12 09:23:35] SQL Query: SELECT b.transactNo, DATE_FORMAT(f.flightDepartureDate, '%Y.%m.%d') AS departureDate, f.returnDepartureDate AS returnDate, 
        b.status AS bookingStatus, CONCAT(f.flightDepartureDate, ' | ', f.returnDepartureDate) AS FlightDate, 
        p.packageName AS PackageName, b.bookingDate, b.pax AS TotalPax,  
        b.totalPrice AS PackagePrice, br.branchName as branchName, COALESCE(SUM(pa.amount), 0) AS TotalAmountPaid,
        CONCAT(a.lName, ', ', a.fName, ' ', IFNULL(CONCAT(SUBSTRING(a.mName, 1, 1), '.'), '')) AS agentName,
        COALESCE(SUM(r.requestCost), 0) AS TotalRequestAmount
        FROM booking b
        JOIN branch br ON b.agentCode = br.branchAgentCode
        JOIN flight f ON f.flightId = b.flightId
        JOIN package p ON p.packageId = b.packageId
        LEFT JOIN agent a ON b.accountType = 'Agent' AND b.accountId = a.accountId
        LEFT JOIN company c ON a.companyId = c.companyId
        LEFT JOIN client cl ON b.accountType = 'Client' AND b.accountId = cl.accountId
        LEFT JOIN company cc ON cl.companyId = cc.companyId
        LEFT JOIN payment pa ON pa.transactNo = b.transactNo AND pa.paymentStatus = 'Approved'
        LEFT JOIN request r ON r.transactNo = b.transactNo AND r.requestStatus = 'Confirmed'
        
        GROUP BY b.transactNo, f.flightDepartureDate, f.returnDepartureDate, b.status, 
                 p.packageName, b.bookingDate, b.pax, b.totalPrice, a.lName, a.fName, a.mName, br.branchName
        ORDER BY CAST(SUBSTRING_INDEX(b.transactNo, '-', -1) AS UNSIGNED)
[2025-08-12 09:23:35] Total records fetched: 98
[2025-08-12 09:24:36] WHERE clause: 
[2025-08-12 09:24:36] SQL Query: SELECT b.transactNo, DATE_FORMAT(f.flightDepartureDate, '%Y.%m.%d') AS departureDate, f.returnDepartureDate AS returnDate, 
        b.status AS bookingStatus, CONCAT(f.flightDepartureDate, ' | ', f.returnDepartureDate) AS FlightDate, 
        p.packageName AS PackageName, b.bookingDate, b.pax AS TotalPax,  
        b.totalPrice AS PackagePrice, br.branchName as branchName, COALESCE(SUM(pa.amount), 0) AS TotalAmountPaid,
        CONCAT(a.lName, ', ', a.fName, ' ', IFNULL(CONCAT(SUBSTRING(a.mName, 1, 1), '.'), '')) AS agentName,
        COALESCE(SUM(r.requestCost), 0) AS TotalRequestAmount
        FROM booking b
        JOIN branch br ON b.agentCode = br.branchAgentCode
        JOIN flight f ON f.flightId = b.flightId
        JOIN package p ON p.packageId = b.packageId
        LEFT JOIN agent a ON b.accountType = 'Agent' AND b.accountId = a.accountId
        LEFT JOIN company c ON a.companyId = c.companyId
        LEFT JOIN client cl ON b.accountType = 'Client' AND b.accountId = cl.accountId
        LEFT JOIN company cc ON cl.companyId = cc.companyId
        LEFT JOIN payment pa ON pa.transactNo = b.transactNo AND pa.paymentStatus = 'Approved'
        LEFT JOIN request r ON r.transactNo = b.transactNo AND r.requestStatus = 'Confirmed'
        
        GROUP BY b.transactNo, f.flightDepartureDate, f.returnDepartureDate, b.status, 
                 p.packageName, b.bookingDate, b.pax, b.totalPrice, a.lName, a.fName, a.mName, br.branchName
        ORDER BY CAST(SUBSTRING_INDEX(b.transactNo, '-', -1) AS UNSIGNED)
[2025-08-12 09:24:36] Total records fetched: 98
[2025-08-12 09:25:18] WHERE clause: 
[2025-08-12 09:25:18] SQL Query: SELECT b.transactNo, DATE_FORMAT(f.flightDepartureDate, '%Y.%m.%d') AS departureDate, f.returnDepartureDate AS returnDate, 
        b.status AS bookingStatus, CONCAT(f.flightDepartureDate, ' | ', f.returnDepartureDate) AS FlightDate, 
        p.packageName AS PackageName, b.bookingDate, b.pax AS TotalPax,  
        b.totalPrice AS PackagePrice, br.branchName as branchName, COALESCE(SUM(pa.amount), 0) AS TotalAmountPaid,
        CONCAT(a.lName, ', ', a.fName, ' ', IFNULL(CONCAT(SUBSTRING(a.mName, 1, 1), '.'), '')) AS agentName,
        COALESCE(SUM(r.requestCost), 0) AS TotalRequestAmount
        FROM booking b
        JOIN branch br ON b.agentCode = br.branchAgentCode
        JOIN flight f ON f.flightId = b.flightId
        JOIN package p ON p.packageId = b.packageId
        LEFT JOIN agent a ON b.accountType = 'Agent' AND b.accountId = a.accountId
        LEFT JOIN company c ON a.companyId = c.companyId
        LEFT JOIN client cl ON b.accountType = 'Client' AND b.accountId = cl.accountId
        LEFT JOIN company cc ON cl.companyId = cc.companyId
        LEFT JOIN payment pa ON pa.transactNo = b.transactNo AND pa.paymentStatus = 'Approved'
        LEFT JOIN request r ON r.transactNo = b.transactNo AND r.requestStatus = 'Confirmed'
        
        GROUP BY b.transactNo, f.flightDepartureDate, f.returnDepartureDate, b.status, 
                 p.packageName, b.bookingDate, b.pax, b.totalPrice, a.lName, a.fName, a.mName, br.branchName
        ORDER BY CAST(SUBSTRING_INDEX(b.transactNo, '-', -1) AS UNSIGNED)
[2025-08-12 09:25:18] Total records fetched: 98
[2025-08-12 09:30:10] WHERE clause: 
[2025-08-12 09:30:10] SQL Query: SELECT b.transactNo, DATE_FORMAT(f.flightDepartureDate, '%Y.%m.%d') AS departureDate, f.returnDepartureDate AS returnDate, 
        b.status AS bookingStatus, CONCAT(f.flightDepartureDate, ' | ', f.returnDepartureDate) AS FlightDate, 
        p.packageName AS PackageName, b.bookingDate, b.pax AS TotalPax,  
        b.totalPrice AS PackagePrice, br.branchName as branchName, COALESCE(SUM(pa.amount), 0) AS TotalAmountPaid,
        CONCAT(a.lName, ', ', a.fName, ' ', IFNULL(CONCAT(SUBSTRING(a.mName, 1, 1), '.'), '')) AS agentName,
        COALESCE(SUM(r.requestCost), 0) AS TotalRequestAmount
        FROM booking b
        JOIN branch br ON b.agentCode = br.branchAgentCode
        JOIN flight f ON f.flightId = b.flightId
        JOIN package p ON p.packageId = b.packageId
        LEFT JOIN agent a ON b.accountType = 'Agent' AND b.accountId = a.accountId
        LEFT JOIN company c ON a.companyId = c.companyId
        LEFT JOIN client cl ON b.accountType = 'Client' AND b.accountId = cl.accountId
        LEFT JOIN company cc ON cl.companyId = cc.companyId
        LEFT JOIN payment pa ON pa.transactNo = b.transactNo AND pa.paymentStatus = 'Approved'
        LEFT JOIN request r ON r.transactNo = b.transactNo AND r.requestStatus = 'Confirmed'
        
        GROUP BY b.transactNo, f.flightDepartureDate, f.returnDepartureDate, b.status, 
                 p.packageName, b.bookingDate, b.pax, b.totalPrice, a.lName, a.fName, a.mName, br.branchName
        ORDER BY CAST(SUBSTRING_INDEX(b.transactNo, '-', -1) AS UNSIGNED)
[2025-08-12 09:30:10] Total records fetched: 98
[2025-08-12 09:30:57] WHERE clause: 
[2025-08-12 09:30:57] SQL Query: SELECT b.transactNo, DATE_FORMAT(f.flightDepartureDate, '%Y.%m.%d') AS departureDate, f.returnDepartureDate AS returnDate, 
        b.status AS bookingStatus, CONCAT(f.flightDepartureDate, ' | ', f.returnDepartureDate) AS FlightDate, 
        p.packageName AS PackageName, b.bookingDate, b.pax AS TotalPax,  
        b.totalPrice AS PackagePrice, br.branchName as branchName, COALESCE(SUM(pa.amount), 0) AS TotalAmountPaid,
        CONCAT(a.lName, ', ', a.fName, ' ', IFNULL(CONCAT(SUBSTRING(a.mName, 1, 1), '.'), '')) AS agentName,
        COALESCE(SUM(r.requestCost), 0) AS TotalRequestAmount
        FROM booking b
        JOIN branch br ON b.agentCode = br.branchAgentCode
        JOIN flight f ON f.flightId = b.flightId
        JOIN package p ON p.packageId = b.packageId
        LEFT JOIN agent a ON b.accountType = 'Agent' AND b.accountId = a.accountId
        LEFT JOIN company c ON a.companyId = c.companyId
        LEFT JOIN client cl ON b.accountType = 'Client' AND b.accountId = cl.accountId
        LEFT JOIN company cc ON cl.companyId = cc.companyId
        LEFT JOIN payment pa ON pa.transactNo = b.transactNo AND pa.paymentStatus = 'Approved'
        LEFT JOIN request r ON r.transactNo = b.transactNo AND r.requestStatus = 'Confirmed'
        
        GROUP BY b.transactNo, f.flightDepartureDate, f.returnDepartureDate, b.status, 
                 p.packageName, b.bookingDate, b.pax, b.totalPrice, a.lName, a.fName, a.mName, br.branchName
        ORDER BY CAST(SUBSTRING_INDEX(b.transactNo, '-', -1) AS UNSIGNED)
[2025-08-12 09:30:57] Total records fetched: 98
[2025-08-12 09:30:59] WHERE clause: 
[2025-08-12 09:30:59] SQL Query: SELECT b.transactNo, DATE_FORMAT(f.flightDepartureDate, '%Y.%m.%d') AS departureDate, f.returnDepartureDate AS returnDate, 
        b.status AS bookingStatus, CONCAT(f.flightDepartureDate, ' | ', f.returnDepartureDate) AS FlightDate, 
        p.packageName AS PackageName, b.bookingDate, b.pax AS TotalPax,  
        b.totalPrice AS PackagePrice, br.branchName as branchName, COALESCE(SUM(pa.amount), 0) AS TotalAmountPaid,
        CONCAT(a.lName, ', ', a.fName, ' ', IFNULL(CONCAT(SUBSTRING(a.mName, 1, 1), '.'), '')) AS agentName,
        COALESCE(SUM(r.requestCost), 0) AS TotalRequestAmount
        FROM booking b
        JOIN branch br ON b.agentCode = br.branchAgentCode
        JOIN flight f ON f.flightId = b.flightId
        JOIN package p ON p.packageId = b.packageId
        LEFT JOIN agent a ON b.accountType = 'Agent' AND b.accountId = a.accountId
        LEFT JOIN company c ON a.companyId = c.companyId
        LEFT JOIN client cl ON b.accountType = 'Client' AND b.accountId = cl.accountId
        LEFT JOIN company cc ON cl.companyId = cc.companyId
        LEFT JOIN payment pa ON pa.transactNo = b.transactNo AND pa.paymentStatus = 'Approved'
        LEFT JOIN request r ON r.transactNo = b.transactNo AND r.requestStatus = 'Confirmed'
        
        GROUP BY b.transactNo, f.flightDepartureDate, f.returnDepartureDate, b.status, 
                 p.packageName, b.bookingDate, b.pax, b.totalPrice, a.lName, a.fName, a.mName, br.branchName
        ORDER BY CAST(SUBSTRING_INDEX(b.transactNo, '-', -1) AS UNSIGNED)
[2025-08-12 09:30:59] Total records fetched: 98
[2025-08-12 09:30:59] WHERE clause: 
[2025-08-12 09:30:59] SQL Query: SELECT b.transactNo, DATE_FORMAT(f.flightDepartureDate, '%Y.%m.%d') AS departureDate, f.returnDepartureDate AS returnDate, 
        b.status AS bookingStatus, CONCAT(f.flightDepartureDate, ' | ', f.returnDepartureDate) AS FlightDate, 
        p.packageName AS PackageName, b.bookingDate, b.pax AS TotalPax,  
        b.totalPrice AS PackagePrice, br.branchName as branchName, COALESCE(SUM(pa.amount), 0) AS TotalAmountPaid,
        CONCAT(a.lName, ', ', a.fName, ' ', IFNULL(CONCAT(SUBSTRING(a.mName, 1, 1), '.'), '')) AS agentName,
        COALESCE(SUM(r.requestCost), 0) AS TotalRequestAmount
        FROM booking b
        JOIN branch br ON b.agentCode = br.branchAgentCode
        JOIN flight f ON f.flightId = b.flightId
        JOIN package p ON p.packageId = b.packageId
        LEFT JOIN agent a ON b.accountType = 'Agent' AND b.accountId = a.accountId
        LEFT JOIN company c ON a.companyId = c.companyId
        LEFT JOIN client cl ON b.accountType = 'Client' AND b.accountId = cl.accountId
        LEFT JOIN company cc ON cl.companyId = cc.companyId
        LEFT JOIN payment pa ON pa.transactNo = b.transactNo AND pa.paymentStatus = 'Approved'
        LEFT JOIN request r ON r.transactNo = b.transactNo AND r.requestStatus = 'Confirmed'
        
        GROUP BY b.transactNo, f.flightDepartureDate, f.returnDepartureDate, b.status, 
                 p.packageName, b.bookingDate, b.pax, b.totalPrice, a.lName, a.fName, a.mName, br.branchName
        ORDER BY CAST(SUBSTRING_INDEX(b.transactNo, '-', -1) AS UNSIGNED)
[2025-08-12 09:30:59] Total records fetched: 98
[2025-08-12 09:30:59] WHERE clause: 
[2025-08-12 09:30:59] SQL Query: SELECT b.transactNo, DATE_FORMAT(f.flightDepartureDate, '%Y.%m.%d') AS departureDate, f.returnDepartureDate AS returnDate, 
        b.status AS bookingStatus, CONCAT(f.flightDepartureDate, ' | ', f.returnDepartureDate) AS FlightDate, 
        p.packageName AS PackageName, b.bookingDate, b.pax AS TotalPax,  
        b.totalPrice AS PackagePrice, br.branchName as branchName, COALESCE(SUM(pa.amount), 0) AS TotalAmountPaid,
        CONCAT(a.lName, ', ', a.fName, ' ', IFNULL(CONCAT(SUBSTRING(a.mName, 1, 1), '.'), '')) AS agentName,
        COALESCE(SUM(r.requestCost), 0) AS TotalRequestAmount
        FROM booking b
        JOIN branch br ON b.agentCode = br.branchAgentCode
        JOIN flight f ON f.flightId = b.flightId
        JOIN package p ON p.packageId = b.packageId
        LEFT JOIN agent a ON b.accountType = 'Agent' AND b.accountId = a.accountId
        LEFT JOIN company c ON a.companyId = c.companyId
        LEFT JOIN client cl ON b.accountType = 'Client' AND b.accountId = cl.accountId
        LEFT JOIN company cc ON cl.companyId = cc.companyId
        LEFT JOIN payment pa ON pa.transactNo = b.transactNo AND pa.paymentStatus = 'Approved'
        LEFT JOIN request r ON r.transactNo = b.transactNo AND r.requestStatus = 'Confirmed'
        
        GROUP BY b.transactNo, f.flightDepartureDate, f.returnDepartureDate, b.status, 
                 p.packageName, b.bookingDate, b.pax, b.totalPrice, a.lName, a.fName, a.mName, br.branchName
        ORDER BY CAST(SUBSTRING_INDEX(b.transactNo, '-', -1) AS UNSIGNED)
[2025-08-12 09:30:59] Total records fetched: 98
[2025-08-12 09:31:00] WHERE clause: 
[2025-08-12 09:31:00] SQL Query: SELECT b.transactNo, DATE_FORMAT(f.flightDepartureDate, '%Y.%m.%d') AS departureDate, f.returnDepartureDate AS returnDate, 
        b.status AS bookingStatus, CONCAT(f.flightDepartureDate, ' | ', f.returnDepartureDate) AS FlightDate, 
        p.packageName AS PackageName, b.bookingDate, b.pax AS TotalPax,  
        b.totalPrice AS PackagePrice, br.branchName as branchName, COALESCE(SUM(pa.amount), 0) AS TotalAmountPaid,
        CONCAT(a.lName, ', ', a.fName, ' ', IFNULL(CONCAT(SUBSTRING(a.mName, 1, 1), '.'), '')) AS agentName,
        COALESCE(SUM(r.requestCost), 0) AS TotalRequestAmount
        FROM booking b
        JOIN branch br ON b.agentCode = br.branchAgentCode
        JOIN flight f ON f.flightId = b.flightId
        JOIN package p ON p.packageId = b.packageId
        LEFT JOIN agent a ON b.accountType = 'Agent' AND b.accountId = a.accountId
        LEFT JOIN company c ON a.companyId = c.companyId
        LEFT JOIN client cl ON b.accountType = 'Client' AND b.accountId = cl.accountId
        LEFT JOIN company cc ON cl.companyId = cc.companyId
        LEFT JOIN payment pa ON pa.transactNo = b.transactNo AND pa.paymentStatus = 'Approved'
        LEFT JOIN request r ON r.transactNo = b.transactNo AND r.requestStatus = 'Confirmed'
        
        GROUP BY b.transactNo, f.flightDepartureDate, f.returnDepartureDate, b.status, 
                 p.packageName, b.bookingDate, b.pax, b.totalPrice, a.lName, a.fName, a.mName, br.branchName
        ORDER BY CAST(SUBSTRING_INDEX(b.transactNo, '-', -1) AS UNSIGNED)
[2025-08-12 09:31:00] Total records fetched: 98
[2025-08-12 09:31:44] WHERE clause: 
[2025-08-12 09:31:44] SQL Query: SELECT b.transactNo, DATE_FORMAT(f.flightDepartureDate, '%Y.%m.%d') AS departureDate, f.returnDepartureDate AS returnDate, 
        b.status AS bookingStatus, CONCAT(f.flightDepartureDate, ' | ', f.returnDepartureDate) AS FlightDate, 
        p.packageName AS PackageName, b.bookingDate, b.pax AS TotalPax,  
        b.totalPrice AS PackagePrice, br.branchName as branchName, COALESCE(SUM(pa.amount), 0) AS TotalAmountPaid,
        CONCAT(a.lName, ', ', a.fName, ' ', IFNULL(CONCAT(SUBSTRING(a.mName, 1, 1), '.'), '')) AS agentName,
        COALESCE(SUM(r.requestCost), 0) AS TotalRequestAmount
        FROM booking b
        JOIN branch br ON b.agentCode = br.branchAgentCode
        JOIN flight f ON f.flightId = b.flightId
        JOIN package p ON p.packageId = b.packageId
        LEFT JOIN agent a ON b.accountType = 'Agent' AND b.accountId = a.accountId
        LEFT JOIN company c ON a.companyId = c.companyId
        LEFT JOIN client cl ON b.accountType = 'Client' AND b.accountId = cl.accountId
        LEFT JOIN company cc ON cl.companyId = cc.companyId
        LEFT JOIN payment pa ON pa.transactNo = b.transactNo AND pa.paymentStatus = 'Approved'
        LEFT JOIN request r ON r.transactNo = b.transactNo AND r.requestStatus = 'Confirmed'
        
        GROUP BY b.transactNo, f.flightDepartureDate, f.returnDepartureDate, b.status, 
                 p.packageName, b.bookingDate, b.pax, b.totalPrice, a.lName, a.fName, a.mName, br.branchName
        ORDER BY CAST(SUBSTRING_INDEX(b.transactNo, '-', -1) AS UNSIGNED)
[2025-08-12 09:31:44] Total records fetched: 98
[2025-08-12 09:31:49] WHERE clause: 
[2025-08-12 09:31:49] SQL Query: SELECT b.transactNo, DATE_FORMAT(f.flightDepartureDate, '%Y.%m.%d') AS departureDate, f.returnDepartureDate AS returnDate, 
        b.status AS bookingStatus, CONCAT(f.flightDepartureDate, ' | ', f.returnDepartureDate) AS FlightDate, 
        p.packageName AS PackageName, b.bookingDate, b.pax AS TotalPax,  
        b.totalPrice AS PackagePrice, br.branchName as branchName, COALESCE(SUM(pa.amount), 0) AS TotalAmountPaid,
        CONCAT(a.lName, ', ', a.fName, ' ', IFNULL(CONCAT(SUBSTRING(a.mName, 1, 1), '.'), '')) AS agentName,
        COALESCE(SUM(r.requestCost), 0) AS TotalRequestAmount
        FROM booking b
        JOIN branch br ON b.agentCode = br.branchAgentCode
        JOIN flight f ON f.flightId = b.flightId
        JOIN package p ON p.packageId = b.packageId
        LEFT JOIN agent a ON b.accountType = 'Agent' AND b.accountId = a.accountId
        LEFT JOIN company c ON a.companyId = c.companyId
        LEFT JOIN client cl ON b.accountType = 'Client' AND b.accountId = cl.accountId
        LEFT JOIN company cc ON cl.companyId = cc.companyId
        LEFT JOIN payment pa ON pa.transactNo = b.transactNo AND pa.paymentStatus = 'Approved'
        LEFT JOIN request r ON r.transactNo = b.transactNo AND r.requestStatus = 'Confirmed'
        
        GROUP BY b.transactNo, f.flightDepartureDate, f.returnDepartureDate, b.status, 
                 p.packageName, b.bookingDate, b.pax, b.totalPrice, a.lName, a.fName, a.mName, br.branchName
        ORDER BY CAST(SUBSTRING_INDEX(b.transactNo, '-', -1) AS UNSIGNED)
[2025-08-12 09:31:49] Total records fetched: 98
[2025-08-12 09:31:58] WHERE clause: 
[2025-08-12 09:31:58] SQL Query: SELECT b.transactNo, DATE_FORMAT(f.flightDepartureDate, '%Y.%m.%d') AS departureDate, f.returnDepartureDate AS returnDate, 
        b.status AS bookingStatus, CONCAT(f.flightDepartureDate, ' | ', f.returnDepartureDate) AS FlightDate, 
        p.packageName AS PackageName, b.bookingDate, b.pax AS TotalPax,  
        b.totalPrice AS PackagePrice, br.branchName as branchName, COALESCE(SUM(pa.amount), 0) AS TotalAmountPaid,
        CONCAT(a.lName, ', ', a.fName, ' ', IFNULL(CONCAT(SUBSTRING(a.mName, 1, 1), '.'), '')) AS agentName,
        COALESCE(SUM(r.requestCost), 0) AS TotalRequestAmount
        FROM booking b
        JOIN branch br ON b.agentCode = br.branchAgentCode
        JOIN flight f ON f.flightId = b.flightId
        JOIN package p ON p.packageId = b.packageId
        LEFT JOIN agent a ON b.accountType = 'Agent' AND b.accountId = a.accountId
        LEFT JOIN company c ON a.companyId = c.companyId
        LEFT JOIN client cl ON b.accountType = 'Client' AND b.accountId = cl.accountId
        LEFT JOIN company cc ON cl.companyId = cc.companyId
        LEFT JOIN payment pa ON pa.transactNo = b.transactNo AND pa.paymentStatus = 'Approved'
        LEFT JOIN request r ON r.transactNo = b.transactNo AND r.requestStatus = 'Confirmed'
        
        GROUP BY b.transactNo, f.flightDepartureDate, f.returnDepartureDate, b.status, 
                 p.packageName, b.bookingDate, b.pax, b.totalPrice, a.lName, a.fName, a.mName, br.branchName
        ORDER BY CAST(SUBSTRING_INDEX(b.transactNo, '-', -1) AS UNSIGNED)
[2025-08-12 09:31:58] Total records fetched: 98
[2025-08-12 09:31:59] WHERE clause: 
[2025-08-12 09:31:59] SQL Query: SELECT b.transactNo, DATE_FORMAT(f.flightDepartureDate, '%Y.%m.%d') AS departureDate, f.returnDepartureDate AS returnDate, 
        b.status AS bookingStatus, CONCAT(f.flightDepartureDate, ' | ', f.returnDepartureDate) AS FlightDate, 
        p.packageName AS PackageName, b.bookingDate, b.pax AS TotalPax,  
        b.totalPrice AS PackagePrice, br.branchName as branchName, COALESCE(SUM(pa.amount), 0) AS TotalAmountPaid,
        CONCAT(a.lName, ', ', a.fName, ' ', IFNULL(CONCAT(SUBSTRING(a.mName, 1, 1), '.'), '')) AS agentName,
        COALESCE(SUM(r.requestCost), 0) AS TotalRequestAmount
        FROM booking b
        JOIN branch br ON b.agentCode = br.branchAgentCode
        JOIN flight f ON f.flightId = b.flightId
        JOIN package p ON p.packageId = b.packageId
        LEFT JOIN agent a ON b.accountType = 'Agent' AND b.accountId = a.accountId
        LEFT JOIN company c ON a.companyId = c.companyId
        LEFT JOIN client cl ON b.accountType = 'Client' AND b.accountId = cl.accountId
        LEFT JOIN company cc ON cl.companyId = cc.companyId
        LEFT JOIN payment pa ON pa.transactNo = b.transactNo AND pa.paymentStatus = 'Approved'
        LEFT JOIN request r ON r.transactNo = b.transactNo AND r.requestStatus = 'Confirmed'
        
        GROUP BY b.transactNo, f.flightDepartureDate, f.returnDepartureDate, b.status, 
                 p.packageName, b.bookingDate, b.pax, b.totalPrice, a.lName, a.fName, a.mName, br.branchName
        ORDER BY CAST(SUBSTRING_INDEX(b.transactNo, '-', -1) AS UNSIGNED)
[2025-08-12 09:31:59] Total records fetched: 98
[2025-08-12 09:32:53] WHERE clause: 
[2025-08-12 09:32:53] SQL Query: SELECT b.transactNo, DATE_FORMAT(f.flightDepartureDate, '%Y.%m.%d') AS departureDate, f.returnDepartureDate AS returnDate, 
        b.status AS bookingStatus, CONCAT(f.flightDepartureDate, ' | ', f.returnDepartureDate) AS FlightDate, 
        p.packageName AS PackageName, b.bookingDate, b.pax AS TotalPax,  
        b.totalPrice AS PackagePrice, br.branchName as branchName, COALESCE(SUM(pa.amount), 0) AS TotalAmountPaid,
        CONCAT(a.lName, ', ', a.fName, ' ', IFNULL(CONCAT(SUBSTRING(a.mName, 1, 1), '.'), '')) AS agentName,
        COALESCE(SUM(r.requestCost), 0) AS TotalRequestAmount
        FROM booking b
        JOIN branch br ON b.agentCode = br.branchAgentCode
        JOIN flight f ON f.flightId = b.flightId
        JOIN package p ON p.packageId = b.packageId
        LEFT JOIN agent a ON b.accountType = 'Agent' AND b.accountId = a.accountId
        LEFT JOIN company c ON a.companyId = c.companyId
        LEFT JOIN client cl ON b.accountType = 'Client' AND b.accountId = cl.accountId
        LEFT JOIN company cc ON cl.companyId = cc.companyId
        LEFT JOIN payment pa ON pa.transactNo = b.transactNo AND pa.paymentStatus = 'Approved'
        LEFT JOIN request r ON r.transactNo = b.transactNo AND r.requestStatus = 'Confirmed'
        
        GROUP BY b.transactNo, f.flightDepartureDate, f.returnDepartureDate, b.status, 
                 p.packageName, b.bookingDate, b.pax, b.totalPrice, a.lName, a.fName, a.mName, br.branchName
        ORDER BY CAST(SUBSTRING_INDEX(b.transactNo, '-', -1) AS UNSIGNED)
[2025-08-12 09:32:53] Total records fetched: 98
[2025-08-12 09:32:53] WHERE clause: 
[2025-08-12 09:32:53] SQL Query: SELECT b.transactNo, DATE_FORMAT(f.flightDepartureDate, '%Y.%m.%d') AS departureDate, f.returnDepartureDate AS returnDate, 
        b.status AS bookingStatus, CONCAT(f.flightDepartureDate, ' | ', f.returnDepartureDate) AS FlightDate, 
        p.packageName AS PackageName, b.bookingDate, b.pax AS TotalPax,  
        b.totalPrice AS PackagePrice, br.branchName as branchName, COALESCE(SUM(pa.amount), 0) AS TotalAmountPaid,
        CONCAT(a.lName, ', ', a.fName, ' ', IFNULL(CONCAT(SUBSTRING(a.mName, 1, 1), '.'), '')) AS agentName,
        COALESCE(SUM(r.requestCost), 0) AS TotalRequestAmount
        FROM booking b
        JOIN branch br ON b.agentCode = br.branchAgentCode
        JOIN flight f ON f.flightId = b.flightId
        JOIN package p ON p.packageId = b.packageId
        LEFT JOIN agent a ON b.accountType = 'Agent' AND b.accountId = a.accountId
        LEFT JOIN company c ON a.companyId = c.companyId
        LEFT JOIN client cl ON b.accountType = 'Client' AND b.accountId = cl.accountId
        LEFT JOIN company cc ON cl.companyId = cc.companyId
        LEFT JOIN payment pa ON pa.transactNo = b.transactNo AND pa.paymentStatus = 'Approved'
        LEFT JOIN request r ON r.transactNo = b.transactNo AND r.requestStatus = 'Confirmed'
        
        GROUP BY b.transactNo, f.flightDepartureDate, f.returnDepartureDate, b.status, 
                 p.packageName, b.bookingDate, b.pax, b.totalPrice, a.lName, a.fName, a.mName, br.branchName
        ORDER BY CAST(SUBSTRING_INDEX(b.transactNo, '-', -1) AS UNSIGNED)
[2025-08-12 09:32:53] Total records fetched: 98
[2025-08-12 09:32:54] WHERE clause: 
[2025-08-12 09:32:54] SQL Query: SELECT b.transactNo, DATE_FORMAT(f.flightDepartureDate, '%Y.%m.%d') AS departureDate, f.returnDepartureDate AS returnDate, 
        b.status AS bookingStatus, CONCAT(f.flightDepartureDate, ' | ', f.returnDepartureDate) AS FlightDate, 
        p.packageName AS PackageName, b.bookingDate, b.pax AS TotalPax,  
        b.totalPrice AS PackagePrice, br.branchName as branchName, COALESCE(SUM(pa.amount), 0) AS TotalAmountPaid,
        CONCAT(a.lName, ', ', a.fName, ' ', IFNULL(CONCAT(SUBSTRING(a.mName, 1, 1), '.'), '')) AS agentName,
        COALESCE(SUM(r.requestCost), 0) AS TotalRequestAmount
        FROM booking b
        JOIN branch br ON b.agentCode = br.branchAgentCode
        JOIN flight f ON f.flightId = b.flightId
        JOIN package p ON p.packageId = b.packageId
        LEFT JOIN agent a ON b.accountType = 'Agent' AND b.accountId = a.accountId
        LEFT JOIN company c ON a.companyId = c.companyId
        LEFT JOIN client cl ON b.accountType = 'Client' AND b.accountId = cl.accountId
        LEFT JOIN company cc ON cl.companyId = cc.companyId
        LEFT JOIN payment pa ON pa.transactNo = b.transactNo AND pa.paymentStatus = 'Approved'
        LEFT JOIN request r ON r.transactNo = b.transactNo AND r.requestStatus = 'Confirmed'
        
        GROUP BY b.transactNo, f.flightDepartureDate, f.returnDepartureDate, b.status, 
                 p.packageName, b.bookingDate, b.pax, b.totalPrice, a.lName, a.fName, a.mName, br.branchName
        ORDER BY CAST(SUBSTRING_INDEX(b.transactNo, '-', -1) AS UNSIGNED)
[2025-08-12 09:32:54] Total records fetched: 98
[2025-08-12 09:32:54] WHERE clause: 
[2025-08-12 09:32:54] SQL Query: SELECT b.transactNo, DATE_FORMAT(f.flightDepartureDate, '%Y.%m.%d') AS departureDate, f.returnDepartureDate AS returnDate, 
        b.status AS bookingStatus, CONCAT(f.flightDepartureDate, ' | ', f.returnDepartureDate) AS FlightDate, 
        p.packageName AS PackageName, b.bookingDate, b.pax AS TotalPax,  
        b.totalPrice AS PackagePrice, br.branchName as branchName, COALESCE(SUM(pa.amount), 0) AS TotalAmountPaid,
        CONCAT(a.lName, ', ', a.fName, ' ', IFNULL(CONCAT(SUBSTRING(a.mName, 1, 1), '.'), '')) AS agentName,
        COALESCE(SUM(r.requestCost), 0) AS TotalRequestAmount
        FROM booking b
        JOIN branch br ON b.agentCode = br.branchAgentCode
        JOIN flight f ON f.flightId = b.flightId
        JOIN package p ON p.packageId = b.packageId
        LEFT JOIN agent a ON b.accountType = 'Agent' AND b.accountId = a.accountId
        LEFT JOIN company c ON a.companyId = c.companyId
        LEFT JOIN client cl ON b.accountType = 'Client' AND b.accountId = cl.accountId
        LEFT JOIN company cc ON cl.companyId = cc.companyId
        LEFT JOIN payment pa ON pa.transactNo = b.transactNo AND pa.paymentStatus = 'Approved'
        LEFT JOIN request r ON r.transactNo = b.transactNo AND r.requestStatus = 'Confirmed'
        
        GROUP BY b.transactNo, f.flightDepartureDate, f.returnDepartureDate, b.status, 
                 p.packageName, b.bookingDate, b.pax, b.totalPrice, a.lName, a.fName, a.mName, br.branchName
        ORDER BY CAST(SUBSTRING_INDEX(b.transactNo, '-', -1) AS UNSIGNED)
[2025-08-12 09:32:54] Total records fetched: 98
[2025-08-12 09:32:59] WHERE clause: 
[2025-08-12 09:32:59] SQL Query: SELECT b.transactNo, DATE_FORMAT(f.flightDepartureDate, '%Y.%m.%d') AS departureDate, f.returnDepartureDate AS returnDate, 
        b.status AS bookingStatus, CONCAT(f.flightDepartureDate, ' | ', f.returnDepartureDate) AS FlightDate, 
        p.packageName AS PackageName, b.bookingDate, b.pax AS TotalPax,  
        b.totalPrice AS PackagePrice, br.branchName as branchName, COALESCE(SUM(pa.amount), 0) AS TotalAmountPaid,
        CONCAT(a.lName, ', ', a.fName, ' ', IFNULL(CONCAT(SUBSTRING(a.mName, 1, 1), '.'), '')) AS agentName,
        COALESCE(SUM(r.requestCost), 0) AS TotalRequestAmount
        FROM booking b
        JOIN branch br ON b.agentCode = br.branchAgentCode
        JOIN flight f ON f.flightId = b.flightId
        JOIN package p ON p.packageId = b.packageId
        LEFT JOIN agent a ON b.accountType = 'Agent' AND b.accountId = a.accountId
        LEFT JOIN company c ON a.companyId = c.companyId
        LEFT JOIN client cl ON b.accountType = 'Client' AND b.accountId = cl.accountId
        LEFT JOIN company cc ON cl.companyId = cc.companyId
        LEFT JOIN payment pa ON pa.transactNo = b.transactNo AND pa.paymentStatus = 'Approved'
        LEFT JOIN request r ON r.transactNo = b.transactNo AND r.requestStatus = 'Confirmed'
        
        GROUP BY b.transactNo, f.flightDepartureDate, f.returnDepartureDate, b.status, 
                 p.packageName, b.bookingDate, b.pax, b.totalPrice, a.lName, a.fName, a.mName, br.branchName
        ORDER BY CAST(SUBSTRING_INDEX(b.transactNo, '-', -1) AS UNSIGNED)
[2025-08-12 09:32:59] Total records fetched: 98
[2025-08-12 09:43:57] WHERE clause: 
[2025-08-12 09:43:57] SQL Query: SELECT b.transactNo, DATE_FORMAT(f.flightDepartureDate, '%Y.%m.%d') AS departureDate, f.returnDepartureDate AS returnDate, 
        b.status AS bookingStatus, CONCAT(f.flightDepartureDate, ' | ', f.returnDepartureDate) AS FlightDate, 
        p.packageName AS PackageName, b.bookingDate, b.pax AS TotalPax,  
        b.totalPrice AS PackagePrice, br.branchName as branchName, COALESCE(SUM(pa.amount), 0) AS TotalAmountPaid,
        CONCAT(a.lName, ', ', a.fName, ' ', IFNULL(CONCAT(SUBSTRING(a.mName, 1, 1), '.'), '')) AS agentName,
        COALESCE(SUM(r.requestCost), 0) AS TotalRequestAmount
        FROM booking b
        JOIN branch br ON b.agentCode = br.branchAgentCode
        JOIN flight f ON f.flightId = b.flightId
        JOIN package p ON p.packageId = b.packageId
        LEFT JOIN agent a ON b.accountType = 'Agent' AND b.accountId = a.accountId
        LEFT JOIN company c ON a.companyId = c.companyId
        LEFT JOIN client cl ON b.accountType = 'Client' AND b.accountId = cl.accountId
        LEFT JOIN company cc ON cl.companyId = cc.companyId
        LEFT JOIN payment pa ON pa.transactNo = b.transactNo AND pa.paymentStatus = 'Approved'
        LEFT JOIN request r ON r.transactNo = b.transactNo AND r.requestStatus = 'Confirmed'
        
        GROUP BY b.transactNo, f.flightDepartureDate, f.returnDepartureDate, b.status, 
                 p.packageName, b.bookingDate, b.pax, b.totalPrice, a.lName, a.fName, a.mName, br.branchName
        ORDER BY CAST(SUBSTRING_INDEX(b.transactNo, '-', -1) AS UNSIGNED)
[2025-08-12 09:43:57] Total records fetched: 98
[2025-08-12 09:47:49] WHERE clause: 
[2025-08-12 09:47:49] SQL Query: SELECT b.transactNo, DATE_FORMAT(f.flightDepartureDate, '%Y.%m.%d') AS departureDate, f.returnDepartureDate AS returnDate, 
        b.status AS bookingStatus, CONCAT(f.flightDepartureDate, ' | ', f.returnDepartureDate) AS FlightDate, 
        p.packageName AS PackageName, b.bookingDate, b.pax AS TotalPax,  
        b.totalPrice AS PackagePrice, br.branchName as branchName, COALESCE(SUM(pa.amount), 0) AS TotalAmountPaid,
        CONCAT(a.lName, ', ', a.fName, ' ', IFNULL(CONCAT(SUBSTRING(a.mName, 1, 1), '.'), '')) AS agentName,
        COALESCE(SUM(r.requestCost), 0) AS TotalRequestAmount
        FROM booking b
        JOIN branch br ON b.agentCode = br.branchAgentCode
        JOIN flight f ON f.flightId = b.flightId
        JOIN package p ON p.packageId = b.packageId
        LEFT JOIN agent a ON b.accountType = 'Agent' AND b.accountId = a.accountId
        LEFT JOIN company c ON a.companyId = c.companyId
        LEFT JOIN client cl ON b.accountType = 'Client' AND b.accountId = cl.accountId
        LEFT JOIN company cc ON cl.companyId = cc.companyId
        LEFT JOIN payment pa ON pa.transactNo = b.transactNo AND pa.paymentStatus = 'Approved'
        LEFT JOIN request r ON r.transactNo = b.transactNo AND r.requestStatus = 'Confirmed'
        
        GROUP BY b.transactNo, f.flightDepartureDate, f.returnDepartureDate, b.status, 
                 p.packageName, b.bookingDate, b.pax, b.totalPrice, a.lName, a.fName, a.mName, br.branchName
        ORDER BY CAST(SUBSTRING_INDEX(b.transactNo, '-', -1) AS UNSIGNED)
[2025-08-12 09:47:49] Total records fetched: 98
[2025-08-12 09:47:51] WHERE clause: 
[2025-08-12 09:47:51] SQL Query: SELECT b.transactNo, DATE_FORMAT(f.flightDepartureDate, '%Y.%m.%d') AS departureDate, f.returnDepartureDate AS returnDate, 
        b.status AS bookingStatus, CONCAT(f.flightDepartureDate, ' | ', f.returnDepartureDate) AS FlightDate, 
        p.packageName AS PackageName, b.bookingDate, b.pax AS TotalPax,  
        b.totalPrice AS PackagePrice, br.branchName as branchName, COALESCE(SUM(pa.amount), 0) AS TotalAmountPaid,
        CONCAT(a.lName, ', ', a.fName, ' ', IFNULL(CONCAT(SUBSTRING(a.mName, 1, 1), '.'), '')) AS agentName,
        COALESCE(SUM(r.requestCost), 0) AS TotalRequestAmount
        FROM booking b
        JOIN branch br ON b.agentCode = br.branchAgentCode
        JOIN flight f ON f.flightId = b.flightId
        JOIN package p ON p.packageId = b.packageId
        LEFT JOIN agent a ON b.accountType = 'Agent' AND b.accountId = a.accountId
        LEFT JOIN company c ON a.companyId = c.companyId
        LEFT JOIN client cl ON b.accountType = 'Client' AND b.accountId = cl.accountId
        LEFT JOIN company cc ON cl.companyId = cc.companyId
        LEFT JOIN payment pa ON pa.transactNo = b.transactNo AND pa.paymentStatus = 'Approved'
        LEFT JOIN request r ON r.transactNo = b.transactNo AND r.requestStatus = 'Confirmed'
        
        GROUP BY b.transactNo, f.flightDepartureDate, f.returnDepartureDate, b.status, 
                 p.packageName, b.bookingDate, b.pax, b.totalPrice, a.lName, a.fName, a.mName, br.branchName
        ORDER BY CAST(SUBSTRING_INDEX(b.transactNo, '-', -1) AS UNSIGNED)
[2025-08-12 09:47:51] Total records fetched: 98
[2025-08-12 09:48:24] WHERE clause: 
[2025-08-12 09:48:24] SQL Query: SELECT b.transactNo, DATE_FORMAT(f.flightDepartureDate, '%Y.%m.%d') AS departureDate, f.returnDepartureDate AS returnDate, 
        b.status AS bookingStatus, CONCAT(f.flightDepartureDate, ' | ', f.returnDepartureDate) AS FlightDate, 
        p.packageName AS PackageName, b.bookingDate, b.pax AS TotalPax,  
        b.totalPrice AS PackagePrice, br.branchName as branchName, COALESCE(SUM(pa.amount), 0) AS TotalAmountPaid,
        CONCAT(a.lName, ', ', a.fName, ' ', IFNULL(CONCAT(SUBSTRING(a.mName, 1, 1), '.'), '')) AS agentName,
        COALESCE(SUM(r.requestCost), 0) AS TotalRequestAmount
        FROM booking b
        JOIN branch br ON b.agentCode = br.branchAgentCode
        JOIN flight f ON f.flightId = b.flightId
        JOIN package p ON p.packageId = b.packageId
        LEFT JOIN agent a ON b.accountType = 'Agent' AND b.accountId = a.accountId
        LEFT JOIN company c ON a.companyId = c.companyId
        LEFT JOIN client cl ON b.accountType = 'Client' AND b.accountId = cl.accountId
        LEFT JOIN company cc ON cl.companyId = cc.companyId
        LEFT JOIN payment pa ON pa.transactNo = b.transactNo AND pa.paymentStatus = 'Approved'
        LEFT JOIN request r ON r.transactNo = b.transactNo AND r.requestStatus = 'Confirmed'
        
        GROUP BY b.transactNo, f.flightDepartureDate, f.returnDepartureDate, b.status, 
                 p.packageName, b.bookingDate, b.pax, b.totalPrice, a.lName, a.fName, a.mName, br.branchName
        ORDER BY CAST(SUBSTRING_INDEX(b.transactNo, '-', -1) AS UNSIGNED)
[2025-08-12 09:48:24] Total records fetched: 98
[2025-08-12 09:48:24] WHERE clause: 
[2025-08-12 09:48:24] SQL Query: SELECT b.transactNo, DATE_FORMAT(f.flightDepartureDate, '%Y.%m.%d') AS departureDate, f.returnDepartureDate AS returnDate, 
        b.status AS bookingStatus, CONCAT(f.flightDepartureDate, ' | ', f.returnDepartureDate) AS FlightDate, 
        p.packageName AS PackageName, b.bookingDate, b.pax AS TotalPax,  
        b.totalPrice AS PackagePrice, br.branchName as branchName, COALESCE(SUM(pa.amount), 0) AS TotalAmountPaid,
        CONCAT(a.lName, ', ', a.fName, ' ', IFNULL(CONCAT(SUBSTRING(a.mName, 1, 1), '.'), '')) AS agentName,
        COALESCE(SUM(r.requestCost), 0) AS TotalRequestAmount
        FROM booking b
        JOIN branch br ON b.agentCode = br.branchAgentCode
        JOIN flight f ON f.flightId = b.flightId
        JOIN package p ON p.packageId = b.packageId
        LEFT JOIN agent a ON b.accountType = 'Agent' AND b.accountId = a.accountId
        LEFT JOIN company c ON a.companyId = c.companyId
        LEFT JOIN client cl ON b.accountType = 'Client' AND b.accountId = cl.accountId
        LEFT JOIN company cc ON cl.companyId = cc.companyId
        LEFT JOIN payment pa ON pa.transactNo = b.transactNo AND pa.paymentStatus = 'Approved'
        LEFT JOIN request r ON r.transactNo = b.transactNo AND r.requestStatus = 'Confirmed'
        
        GROUP BY b.transactNo, f.flightDepartureDate, f.returnDepartureDate, b.status, 
                 p.packageName, b.bookingDate, b.pax, b.totalPrice, a.lName, a.fName, a.mName, br.branchName
        ORDER BY CAST(SUBSTRING_INDEX(b.transactNo, '-', -1) AS UNSIGNED)
[2025-08-12 09:48:24] Total records fetched: 98
[2025-08-12 09:48:24] WHERE clause: 
[2025-08-12 09:48:24] SQL Query: SELECT b.transactNo, DATE_FORMAT(f.flightDepartureDate, '%Y.%m.%d') AS departureDate, f.returnDepartureDate AS returnDate, 
        b.status AS bookingStatus, CONCAT(f.flightDepartureDate, ' | ', f.returnDepartureDate) AS FlightDate, 
        p.packageName AS PackageName, b.bookingDate, b.pax AS TotalPax,  
        b.totalPrice AS PackagePrice, br.branchName as branchName, COALESCE(SUM(pa.amount), 0) AS TotalAmountPaid,
        CONCAT(a.lName, ', ', a.fName, ' ', IFNULL(CONCAT(SUBSTRING(a.mName, 1, 1), '.'), '')) AS agentName,
        COALESCE(SUM(r.requestCost), 0) AS TotalRequestAmount
        FROM booking b
        JOIN branch br ON b.agentCode = br.branchAgentCode
        JOIN flight f ON f.flightId = b.flightId
        JOIN package p ON p.packageId = b.packageId
        LEFT JOIN agent a ON b.accountType = 'Agent' AND b.accountId = a.accountId
        LEFT JOIN company c ON a.companyId = c.companyId
        LEFT JOIN client cl ON b.accountType = 'Client' AND b.accountId = cl.accountId
        LEFT JOIN company cc ON cl.companyId = cc.companyId
        LEFT JOIN payment pa ON pa.transactNo = b.transactNo AND pa.paymentStatus = 'Approved'
        LEFT JOIN request r ON r.transactNo = b.transactNo AND r.requestStatus = 'Confirmed'
        
        GROUP BY b.transactNo, f.flightDepartureDate, f.returnDepartureDate, b.status, 
                 p.packageName, b.bookingDate, b.pax, b.totalPrice, a.lName, a.fName, a.mName, br.branchName
        ORDER BY CAST(SUBSTRING_INDEX(b.transactNo, '-', -1) AS UNSIGNED)
[2025-08-12 09:48:24] Total records fetched: 98
[2025-08-12 09:48:25] WHERE clause: 
[2025-08-12 09:48:25] SQL Query: SELECT b.transactNo, DATE_FORMAT(f.flightDepartureDate, '%Y.%m.%d') AS departureDate, f.returnDepartureDate AS returnDate, 
        b.status AS bookingStatus, CONCAT(f.flightDepartureDate, ' | ', f.returnDepartureDate) AS FlightDate, 
        p.packageName AS PackageName, b.bookingDate, b.pax AS TotalPax,  
        b.totalPrice AS PackagePrice, br.branchName as branchName, COALESCE(SUM(pa.amount), 0) AS TotalAmountPaid,
        CONCAT(a.lName, ', ', a.fName, ' ', IFNULL(CONCAT(SUBSTRING(a.mName, 1, 1), '.'), '')) AS agentName,
        COALESCE(SUM(r.requestCost), 0) AS TotalRequestAmount
        FROM booking b
        JOIN branch br ON b.agentCode = br.branchAgentCode
        JOIN flight f ON f.flightId = b.flightId
        JOIN package p ON p.packageId = b.packageId
        LEFT JOIN agent a ON b.accountType = 'Agent' AND b.accountId = a.accountId
        LEFT JOIN company c ON a.companyId = c.companyId
        LEFT JOIN client cl ON b.accountType = 'Client' AND b.accountId = cl.accountId
        LEFT JOIN company cc ON cl.companyId = cc.companyId
        LEFT JOIN payment pa ON pa.transactNo = b.transactNo AND pa.paymentStatus = 'Approved'
        LEFT JOIN request r ON r.transactNo = b.transactNo AND r.requestStatus = 'Confirmed'
        
        GROUP BY b.transactNo, f.flightDepartureDate, f.returnDepartureDate, b.status, 
                 p.packageName, b.bookingDate, b.pax, b.totalPrice, a.lName, a.fName, a.mName, br.branchName
        ORDER BY CAST(SUBSTRING_INDEX(b.transactNo, '-', -1) AS UNSIGNED)
[2025-08-12 09:48:25] Total records fetched: 98
[2025-08-12 09:48:25] WHERE clause: 
[2025-08-12 09:48:25] SQL Query: SELECT b.transactNo, DATE_FORMAT(f.flightDepartureDate, '%Y.%m.%d') AS departureDate, f.returnDepartureDate AS returnDate, 
        b.status AS bookingStatus, CONCAT(f.flightDepartureDate, ' | ', f.returnDepartureDate) AS FlightDate, 
        p.packageName AS PackageName, b.bookingDate, b.pax AS TotalPax,  
        b.totalPrice AS PackagePrice, br.branchName as branchName, COALESCE(SUM(pa.amount), 0) AS TotalAmountPaid,
        CONCAT(a.lName, ', ', a.fName, ' ', IFNULL(CONCAT(SUBSTRING(a.mName, 1, 1), '.'), '')) AS agentName,
        COALESCE(SUM(r.requestCost), 0) AS TotalRequestAmount
        FROM booking b
        JOIN branch br ON b.agentCode = br.branchAgentCode
        JOIN flight f ON f.flightId = b.flightId
        JOIN package p ON p.packageId = b.packageId
        LEFT JOIN agent a ON b.accountType = 'Agent' AND b.accountId = a.accountId
        LEFT JOIN company c ON a.companyId = c.companyId
        LEFT JOIN client cl ON b.accountType = 'Client' AND b.accountId = cl.accountId
        LEFT JOIN company cc ON cl.companyId = cc.companyId
        LEFT JOIN payment pa ON pa.transactNo = b.transactNo AND pa.paymentStatus = 'Approved'
        LEFT JOIN request r ON r.transactNo = b.transactNo AND r.requestStatus = 'Confirmed'
        
        GROUP BY b.transactNo, f.flightDepartureDate, f.returnDepartureDate, b.status, 
                 p.packageName, b.bookingDate, b.pax, b.totalPrice, a.lName, a.fName, a.mName, br.branchName
        ORDER BY CAST(SUBSTRING_INDEX(b.transactNo, '-', -1) AS UNSIGNED)
[2025-08-12 09:48:25] Total records fetched: 98
[2025-08-12 09:48:25] WHERE clause: 
[2025-08-12 09:48:25] SQL Query: SELECT b.transactNo, DATE_FORMAT(f.flightDepartureDate, '%Y.%m.%d') AS departureDate, f.returnDepartureDate AS returnDate, 
        b.status AS bookingStatus, CONCAT(f.flightDepartureDate, ' | ', f.returnDepartureDate) AS FlightDate, 
        p.packageName AS PackageName, b.bookingDate, b.pax AS TotalPax,  
        b.totalPrice AS PackagePrice, br.branchName as branchName, COALESCE(SUM(pa.amount), 0) AS TotalAmountPaid,
        CONCAT(a.lName, ', ', a.fName, ' ', IFNULL(CONCAT(SUBSTRING(a.mName, 1, 1), '.'), '')) AS agentName,
        COALESCE(SUM(r.requestCost), 0) AS TotalRequestAmount
        FROM booking b
        JOIN branch br ON b.agentCode = br.branchAgentCode
        JOIN flight f ON f.flightId = b.flightId
        JOIN package p ON p.packageId = b.packageId
        LEFT JOIN agent a ON b.accountType = 'Agent' AND b.accountId = a.accountId
        LEFT JOIN company c ON a.companyId = c.companyId
        LEFT JOIN client cl ON b.accountType = 'Client' AND b.accountId = cl.accountId
        LEFT JOIN company cc ON cl.companyId = cc.companyId
        LEFT JOIN payment pa ON pa.transactNo = b.transactNo AND pa.paymentStatus = 'Approved'
        LEFT JOIN request r ON r.transactNo = b.transactNo AND r.requestStatus = 'Confirmed'
        
        GROUP BY b.transactNo, f.flightDepartureDate, f.returnDepartureDate, b.status, 
                 p.packageName, b.bookingDate, b.pax, b.totalPrice, a.lName, a.fName, a.mName, br.branchName
        ORDER BY CAST(SUBSTRING_INDEX(b.transactNo, '-', -1) AS UNSIGNED)
[2025-08-12 09:48:25] Total records fetched: 98
[2025-08-12 09:48:39] WHERE clause: 
[2025-08-12 09:48:39] SQL Query: SELECT b.transactNo, DATE_FORMAT(f.flightDepartureDate, '%Y.%m.%d') AS departureDate, f.returnDepartureDate AS returnDate, 
        b.status AS bookingStatus, CONCAT(f.flightDepartureDate, ' | ', f.returnDepartureDate) AS FlightDate, 
        p.packageName AS PackageName, b.bookingDate, b.pax AS TotalPax,  
        b.totalPrice AS PackagePrice, br.branchName as branchName, COALESCE(SUM(pa.amount), 0) AS TotalAmountPaid,
        CONCAT(a.lName, ', ', a.fName, ' ', IFNULL(CONCAT(SUBSTRING(a.mName, 1, 1), '.'), '')) AS agentName,
        COALESCE(SUM(r.requestCost), 0) AS TotalRequestAmount
        FROM booking b
        JOIN branch br ON b.agentCode = br.branchAgentCode
        JOIN flight f ON f.flightId = b.flightId
        JOIN package p ON p.packageId = b.packageId
        LEFT JOIN agent a ON b.accountType = 'Agent' AND b.accountId = a.accountId
        LEFT JOIN company c ON a.companyId = c.companyId
        LEFT JOIN client cl ON b.accountType = 'Client' AND b.accountId = cl.accountId
        LEFT JOIN company cc ON cl.companyId = cc.companyId
        LEFT JOIN payment pa ON pa.transactNo = b.transactNo AND pa.paymentStatus = 'Approved'
        LEFT JOIN request r ON r.transactNo = b.transactNo AND r.requestStatus = 'Confirmed'
        
        GROUP BY b.transactNo, f.flightDepartureDate, f.returnDepartureDate, b.status, 
                 p.packageName, b.bookingDate, b.pax, b.totalPrice, a.lName, a.fName, a.mName, br.branchName
        ORDER BY CAST(SUBSTRING_INDEX(b.transactNo, '-', -1) AS UNSIGNED)
[2025-08-12 09:48:39] Total records fetched: 98
[2025-08-12 09:48:39] WHERE clause: 
[2025-08-12 09:48:39] SQL Query: SELECT b.transactNo, DATE_FORMAT(f.flightDepartureDate, '%Y.%m.%d') AS departureDate, f.returnDepartureDate AS returnDate, 
        b.status AS bookingStatus, CONCAT(f.flightDepartureDate, ' | ', f.returnDepartureDate) AS FlightDate, 
        p.packageName AS PackageName, b.bookingDate, b.pax AS TotalPax,  
        b.totalPrice AS PackagePrice, br.branchName as branchName, COALESCE(SUM(pa.amount), 0) AS TotalAmountPaid,
        CONCAT(a.lName, ', ', a.fName, ' ', IFNULL(CONCAT(SUBSTRING(a.mName, 1, 1), '.'), '')) AS agentName,
        COALESCE(SUM(r.requestCost), 0) AS TotalRequestAmount
        FROM booking b
        JOIN branch br ON b.agentCode = br.branchAgentCode
        JOIN flight f ON f.flightId = b.flightId
        JOIN package p ON p.packageId = b.packageId
        LEFT JOIN agent a ON b.accountType = 'Agent' AND b.accountId = a.accountId
        LEFT JOIN company c ON a.companyId = c.companyId
        LEFT JOIN client cl ON b.accountType = 'Client' AND b.accountId = cl.accountId
        LEFT JOIN company cc ON cl.companyId = cc.companyId
        LEFT JOIN payment pa ON pa.transactNo = b.transactNo AND pa.paymentStatus = 'Approved'
        LEFT JOIN request r ON r.transactNo = b.transactNo AND r.requestStatus = 'Confirmed'
        
        GROUP BY b.transactNo, f.flightDepartureDate, f.returnDepartureDate, b.status, 
                 p.packageName, b.bookingDate, b.pax, b.totalPrice, a.lName, a.fName, a.mName, br.branchName
        ORDER BY CAST(SUBSTRING_INDEX(b.transactNo, '-', -1) AS UNSIGNED)
[2025-08-12 09:48:39] Total records fetched: 98
[2025-08-12 09:48:40] WHERE clause: 
[2025-08-12 09:48:40] SQL Query: SELECT b.transactNo, DATE_FORMAT(f.flightDepartureDate, '%Y.%m.%d') AS departureDate, f.returnDepartureDate AS returnDate, 
        b.status AS bookingStatus, CONCAT(f.flightDepartureDate, ' | ', f.returnDepartureDate) AS FlightDate, 
        p.packageName AS PackageName, b.bookingDate, b.pax AS TotalPax,  
        b.totalPrice AS PackagePrice, br.branchName as branchName, COALESCE(SUM(pa.amount), 0) AS TotalAmountPaid,
        CONCAT(a.lName, ', ', a.fName, ' ', IFNULL(CONCAT(SUBSTRING(a.mName, 1, 1), '.'), '')) AS agentName,
        COALESCE(SUM(r.requestCost), 0) AS TotalRequestAmount
        FROM booking b
        JOIN branch br ON b.agentCode = br.branchAgentCode
        JOIN flight f ON f.flightId = b.flightId
        JOIN package p ON p.packageId = b.packageId
        LEFT JOIN agent a ON b.accountType = 'Agent' AND b.accountId = a.accountId
        LEFT JOIN company c ON a.companyId = c.companyId
        LEFT JOIN client cl ON b.accountType = 'Client' AND b.accountId = cl.accountId
        LEFT JOIN company cc ON cl.companyId = cc.companyId
        LEFT JOIN payment pa ON pa.transactNo = b.transactNo AND pa.paymentStatus = 'Approved'
        LEFT JOIN request r ON r.transactNo = b.transactNo AND r.requestStatus = 'Confirmed'
        
        GROUP BY b.transactNo, f.flightDepartureDate, f.returnDepartureDate, b.status, 
                 p.packageName, b.bookingDate, b.pax, b.totalPrice, a.lName, a.fName, a.mName, br.branchName
        ORDER BY CAST(SUBSTRING_INDEX(b.transactNo, '-', -1) AS UNSIGNED)
[2025-08-12 09:48:40] Total records fetched: 98
[2025-08-12 09:48:40] WHERE clause: 
[2025-08-12 09:48:40] SQL Query: SELECT b.transactNo, DATE_FORMAT(f.flightDepartureDate, '%Y.%m.%d') AS departureDate, f.returnDepartureDate AS returnDate, 
        b.status AS bookingStatus, CONCAT(f.flightDepartureDate, ' | ', f.returnDepartureDate) AS FlightDate, 
        p.packageName AS PackageName, b.bookingDate, b.pax AS TotalPax,  
        b.totalPrice AS PackagePrice, br.branchName as branchName, COALESCE(SUM(pa.amount), 0) AS TotalAmountPaid,
        CONCAT(a.lName, ', ', a.fName, ' ', IFNULL(CONCAT(SUBSTRING(a.mName, 1, 1), '.'), '')) AS agentName,
        COALESCE(SUM(r.requestCost), 0) AS TotalRequestAmount
        FROM booking b
        JOIN branch br ON b.agentCode = br.branchAgentCode
        JOIN flight f ON f.flightId = b.flightId
        JOIN package p ON p.packageId = b.packageId
        LEFT JOIN agent a ON b.accountType = 'Agent' AND b.accountId = a.accountId
        LEFT JOIN company c ON a.companyId = c.companyId
        LEFT JOIN client cl ON b.accountType = 'Client' AND b.accountId = cl.accountId
        LEFT JOIN company cc ON cl.companyId = cc.companyId
        LEFT JOIN payment pa ON pa.transactNo = b.transactNo AND pa.paymentStatus = 'Approved'
        LEFT JOIN request r ON r.transactNo = b.transactNo AND r.requestStatus = 'Confirmed'
        
        GROUP BY b.transactNo, f.flightDepartureDate, f.returnDepartureDate, b.status, 
                 p.packageName, b.bookingDate, b.pax, b.totalPrice, a.lName, a.fName, a.mName, br.branchName
        ORDER BY CAST(SUBSTRING_INDEX(b.transactNo, '-', -1) AS UNSIGNED)
[2025-08-12 09:48:40] Total records fetched: 98
[2025-08-12 09:48:40] WHERE clause: 
[2025-08-12 09:48:40] SQL Query: SELECT b.transactNo, DATE_FORMAT(f.flightDepartureDate, '%Y.%m.%d') AS departureDate, f.returnDepartureDate AS returnDate, 
        b.status AS bookingStatus, CONCAT(f.flightDepartureDate, ' | ', f.returnDepartureDate) AS FlightDate, 
        p.packageName AS PackageName, b.bookingDate, b.pax AS TotalPax,  
        b.totalPrice AS PackagePrice, br.branchName as branchName, COALESCE(SUM(pa.amount), 0) AS TotalAmountPaid,
        CONCAT(a.lName, ', ', a.fName, ' ', IFNULL(CONCAT(SUBSTRING(a.mName, 1, 1), '.'), '')) AS agentName,
        COALESCE(SUM(r.requestCost), 0) AS TotalRequestAmount
        FROM booking b
        JOIN branch br ON b.agentCode = br.branchAgentCode
        JOIN flight f ON f.flightId = b.flightId
        JOIN package p ON p.packageId = b.packageId
        LEFT JOIN agent a ON b.accountType = 'Agent' AND b.accountId = a.accountId
        LEFT JOIN company c ON a.companyId = c.companyId
        LEFT JOIN client cl ON b.accountType = 'Client' AND b.accountId = cl.accountId
        LEFT JOIN company cc ON cl.companyId = cc.companyId
        LEFT JOIN payment pa ON pa.transactNo = b.transactNo AND pa.paymentStatus = 'Approved'
        LEFT JOIN request r ON r.transactNo = b.transactNo AND r.requestStatus = 'Confirmed'
        
        GROUP BY b.transactNo, f.flightDepartureDate, f.returnDepartureDate, b.status, 
                 p.packageName, b.bookingDate, b.pax, b.totalPrice, a.lName, a.fName, a.mName, br.branchName
        ORDER BY CAST(SUBSTRING_INDEX(b.transactNo, '-', -1) AS UNSIGNED)
[2025-08-12 09:48:40] Total records fetched: 98
[2025-08-12 09:51:11] WHERE clause: 
[2025-08-12 09:51:11] SQL Query: SELECT b.transactNo, DATE_FORMAT(f.flightDepartureDate, '%Y.%m.%d') AS departureDate, f.returnDepartureDate AS returnDate, 
        b.status AS bookingStatus, CONCAT(f.flightDepartureDate, ' | ', f.returnDepartureDate) AS FlightDate, 
        p.packageName AS PackageName, b.bookingDate, b.pax AS TotalPax,  
        b.totalPrice AS PackagePrice, br.branchName as branchName, COALESCE(SUM(pa.amount), 0) AS TotalAmountPaid,
        CONCAT(a.lName, ', ', a.fName, ' ', IFNULL(CONCAT(SUBSTRING(a.mName, 1, 1), '.'), '')) AS agentName,
        COALESCE(SUM(r.requestCost), 0) AS TotalRequestAmount
        FROM booking b
        JOIN branch br ON b.agentCode = br.branchAgentCode
        JOIN flight f ON f.flightId = b.flightId
        JOIN package p ON p.packageId = b.packageId
        LEFT JOIN agent a ON b.accountType = 'Agent' AND b.accountId = a.accountId
        LEFT JOIN company c ON a.companyId = c.companyId
        LEFT JOIN client cl ON b.accountType = 'Client' AND b.accountId = cl.accountId
        LEFT JOIN company cc ON cl.companyId = cc.companyId
        LEFT JOIN payment pa ON pa.transactNo = b.transactNo AND pa.paymentStatus = 'Approved'
        LEFT JOIN request r ON r.transactNo = b.transactNo AND r.requestStatus = 'Confirmed'
        
        GROUP BY b.transactNo, f.flightDepartureDate, f.returnDepartureDate, b.status, 
                 p.packageName, b.bookingDate, b.pax, b.totalPrice, a.lName, a.fName, a.mName, br.branchName
        ORDER BY CAST(SUBSTRING_INDEX(b.transactNo, '-', -1) AS UNSIGNED)
[2025-08-12 09:51:11] Total records fetched: 98
[2025-08-12 09:51:11] WHERE clause: 
[2025-08-12 09:51:11] SQL Query: SELECT b.transactNo, DATE_FORMAT(f.flightDepartureDate, '%Y.%m.%d') AS departureDate, f.returnDepartureDate AS returnDate, 
        b.status AS bookingStatus, CONCAT(f.flightDepartureDate, ' | ', f.returnDepartureDate) AS FlightDate, 
        p.packageName AS PackageName, b.bookingDate, b.pax AS TotalPax,  
        b.totalPrice AS PackagePrice, br.branchName as branchName, COALESCE(SUM(pa.amount), 0) AS TotalAmountPaid,
        CONCAT(a.lName, ', ', a.fName, ' ', IFNULL(CONCAT(SUBSTRING(a.mName, 1, 1), '.'), '')) AS agentName,
        COALESCE(SUM(r.requestCost), 0) AS TotalRequestAmount
        FROM booking b
        JOIN branch br ON b.agentCode = br.branchAgentCode
        JOIN flight f ON f.flightId = b.flightId
        JOIN package p ON p.packageId = b.packageId
        LEFT JOIN agent a ON b.accountType = 'Agent' AND b.accountId = a.accountId
        LEFT JOIN company c ON a.companyId = c.companyId
        LEFT JOIN client cl ON b.accountType = 'Client' AND b.accountId = cl.accountId
        LEFT JOIN company cc ON cl.companyId = cc.companyId
        LEFT JOIN payment pa ON pa.transactNo = b.transactNo AND pa.paymentStatus = 'Approved'
        LEFT JOIN request r ON r.transactNo = b.transactNo AND r.requestStatus = 'Confirmed'
        
        GROUP BY b.transactNo, f.flightDepartureDate, f.returnDepartureDate, b.status, 
                 p.packageName, b.bookingDate, b.pax, b.totalPrice, a.lName, a.fName, a.mName, br.branchName
        ORDER BY CAST(SUBSTRING_INDEX(b.transactNo, '-', -1) AS UNSIGNED)
[2025-08-12 09:51:11] Total records fetched: 98
[2025-08-12 09:51:12] WHERE clause: 
[2025-08-12 09:51:12] SQL Query: SELECT b.transactNo, DATE_FORMAT(f.flightDepartureDate, '%Y.%m.%d') AS departureDate, f.returnDepartureDate AS returnDate, 
        b.status AS bookingStatus, CONCAT(f.flightDepartureDate, ' | ', f.returnDepartureDate) AS FlightDate, 
        p.packageName AS PackageName, b.bookingDate, b.pax AS TotalPax,  
        b.totalPrice AS PackagePrice, br.branchName as branchName, COALESCE(SUM(pa.amount), 0) AS TotalAmountPaid,
        CONCAT(a.lName, ', ', a.fName, ' ', IFNULL(CONCAT(SUBSTRING(a.mName, 1, 1), '.'), '')) AS agentName,
        COALESCE(SUM(r.requestCost), 0) AS TotalRequestAmount
        FROM booking b
        JOIN branch br ON b.agentCode = br.branchAgentCode
        JOIN flight f ON f.flightId = b.flightId
        JOIN package p ON p.packageId = b.packageId
        LEFT JOIN agent a ON b.accountType = 'Agent' AND b.accountId = a.accountId
        LEFT JOIN company c ON a.companyId = c.companyId
        LEFT JOIN client cl ON b.accountType = 'Client' AND b.accountId = cl.accountId
        LEFT JOIN company cc ON cl.companyId = cc.companyId
        LEFT JOIN payment pa ON pa.transactNo = b.transactNo AND pa.paymentStatus = 'Approved'
        LEFT JOIN request r ON r.transactNo = b.transactNo AND r.requestStatus = 'Confirmed'
        
        GROUP BY b.transactNo, f.flightDepartureDate, f.returnDepartureDate, b.status, 
                 p.packageName, b.bookingDate, b.pax, b.totalPrice, a.lName, a.fName, a.mName, br.branchName
        ORDER BY CAST(SUBSTRING_INDEX(b.transactNo, '-', -1) AS UNSIGNED)
[2025-08-12 09:51:12] Total records fetched: 98
[2025-08-12 09:51:12] WHERE clause: 
[2025-08-12 09:51:12] SQL Query: SELECT b.transactNo, DATE_FORMAT(f.flightDepartureDate, '%Y.%m.%d') AS departureDate, f.returnDepartureDate AS returnDate, 
        b.status AS bookingStatus, CONCAT(f.flightDepartureDate, ' | ', f.returnDepartureDate) AS FlightDate, 
        p.packageName AS PackageName, b.bookingDate, b.pax AS TotalPax,  
        b.totalPrice AS PackagePrice, br.branchName as branchName, COALESCE(SUM(pa.amount), 0) AS TotalAmountPaid,
        CONCAT(a.lName, ', ', a.fName, ' ', IFNULL(CONCAT(SUBSTRING(a.mName, 1, 1), '.'), '')) AS agentName,
        COALESCE(SUM(r.requestCost), 0) AS TotalRequestAmount
        FROM booking b
        JOIN branch br ON b.agentCode = br.branchAgentCode
        JOIN flight f ON f.flightId = b.flightId
        JOIN package p ON p.packageId = b.packageId
        LEFT JOIN agent a ON b.accountType = 'Agent' AND b.accountId = a.accountId
        LEFT JOIN company c ON a.companyId = c.companyId
        LEFT JOIN client cl ON b.accountType = 'Client' AND b.accountId = cl.accountId
        LEFT JOIN company cc ON cl.companyId = cc.companyId
        LEFT JOIN payment pa ON pa.transactNo = b.transactNo AND pa.paymentStatus = 'Approved'
        LEFT JOIN request r ON r.transactNo = b.transactNo AND r.requestStatus = 'Confirmed'
        
        GROUP BY b.transactNo, f.flightDepartureDate, f.returnDepartureDate, b.status, 
                 p.packageName, b.bookingDate, b.pax, b.totalPrice, a.lName, a.fName, a.mName, br.branchName
        ORDER BY CAST(SUBSTRING_INDEX(b.transactNo, '-', -1) AS UNSIGNED)
[2025-08-12 09:51:12] Total records fetched: 98
[2025-08-12 09:51:13] WHERE clause: 
[2025-08-12 09:51:13] SQL Query: SELECT b.transactNo, DATE_FORMAT(f.flightDepartureDate, '%Y.%m.%d') AS departureDate, f.returnDepartureDate AS returnDate, 
        b.status AS bookingStatus, CONCAT(f.flightDepartureDate, ' | ', f.returnDepartureDate) AS FlightDate, 
        p.packageName AS PackageName, b.bookingDate, b.pax AS TotalPax,  
        b.totalPrice AS PackagePrice, br.branchName as branchName, COALESCE(SUM(pa.amount), 0) AS TotalAmountPaid,
        CONCAT(a.lName, ', ', a.fName, ' ', IFNULL(CONCAT(SUBSTRING(a.mName, 1, 1), '.'), '')) AS agentName,
        COALESCE(SUM(r.requestCost), 0) AS TotalRequestAmount
        FROM booking b
        JOIN branch br ON b.agentCode = br.branchAgentCode
        JOIN flight f ON f.flightId = b.flightId
        JOIN package p ON p.packageId = b.packageId
        LEFT JOIN agent a ON b.accountType = 'Agent' AND b.accountId = a.accountId
        LEFT JOIN company c ON a.companyId = c.companyId
        LEFT JOIN client cl ON b.accountType = 'Client' AND b.accountId = cl.accountId
        LEFT JOIN company cc ON cl.companyId = cc.companyId
        LEFT JOIN payment pa ON pa.transactNo = b.transactNo AND pa.paymentStatus = 'Approved'
        LEFT JOIN request r ON r.transactNo = b.transactNo AND r.requestStatus = 'Confirmed'
        
        GROUP BY b.transactNo, f.flightDepartureDate, f.returnDepartureDate, b.status, 
                 p.packageName, b.bookingDate, b.pax, b.totalPrice, a.lName, a.fName, a.mName, br.branchName
        ORDER BY CAST(SUBSTRING_INDEX(b.transactNo, '-', -1) AS UNSIGNED)
[2025-08-12 09:51:13] Total records fetched: 98
[2025-08-12 09:51:13] WHERE clause: 
[2025-08-12 09:51:13] SQL Query: SELECT b.transactNo, DATE_FORMAT(f.flightDepartureDate, '%Y.%m.%d') AS departureDate, f.returnDepartureDate AS returnDate, 
        b.status AS bookingStatus, CONCAT(f.flightDepartureDate, ' | ', f.returnDepartureDate) AS FlightDate, 
        p.packageName AS PackageName, b.bookingDate, b.pax AS TotalPax,  
        b.totalPrice AS PackagePrice, br.branchName as branchName, COALESCE(SUM(pa.amount), 0) AS TotalAmountPaid,
        CONCAT(a.lName, ', ', a.fName, ' ', IFNULL(CONCAT(SUBSTRING(a.mName, 1, 1), '.'), '')) AS agentName,
        COALESCE(SUM(r.requestCost), 0) AS TotalRequestAmount
        FROM booking b
        JOIN branch br ON b.agentCode = br.branchAgentCode
        JOIN flight f ON f.flightId = b.flightId
        JOIN package p ON p.packageId = b.packageId
        LEFT JOIN agent a ON b.accountType = 'Agent' AND b.accountId = a.accountId
        LEFT JOIN company c ON a.companyId = c.companyId
        LEFT JOIN client cl ON b.accountType = 'Client' AND b.accountId = cl.accountId
        LEFT JOIN company cc ON cl.companyId = cc.companyId
        LEFT JOIN payment pa ON pa.transactNo = b.transactNo AND pa.paymentStatus = 'Approved'
        LEFT JOIN request r ON r.transactNo = b.transactNo AND r.requestStatus = 'Confirmed'
        
        GROUP BY b.transactNo, f.flightDepartureDate, f.returnDepartureDate, b.status, 
                 p.packageName, b.bookingDate, b.pax, b.totalPrice, a.lName, a.fName, a.mName, br.branchName
        ORDER BY CAST(SUBSTRING_INDEX(b.transactNo, '-', -1) AS UNSIGNED)
[2025-08-12 09:51:13] Total records fetched: 98
[2025-08-12 09:51:14] WHERE clause: 
[2025-08-12 09:51:14] SQL Query: SELECT b.transactNo, DATE_FORMAT(f.flightDepartureDate, '%Y.%m.%d') AS departureDate, f.returnDepartureDate AS returnDate, 
        b.status AS bookingStatus, CONCAT(f.flightDepartureDate, ' | ', f.returnDepartureDate) AS FlightDate, 
        p.packageName AS PackageName, b.bookingDate, b.pax AS TotalPax,  
        b.totalPrice AS PackagePrice, br.branchName as branchName, COALESCE(SUM(pa.amount), 0) AS TotalAmountPaid,
        CONCAT(a.lName, ', ', a.fName, ' ', IFNULL(CONCAT(SUBSTRING(a.mName, 1, 1), '.'), '')) AS agentName,
        COALESCE(SUM(r.requestCost), 0) AS TotalRequestAmount
        FROM booking b
        JOIN branch br ON b.agentCode = br.branchAgentCode
        JOIN flight f ON f.flightId = b.flightId
        JOIN package p ON p.packageId = b.packageId
        LEFT JOIN agent a ON b.accountType = 'Agent' AND b.accountId = a.accountId
        LEFT JOIN company c ON a.companyId = c.companyId
        LEFT JOIN client cl ON b.accountType = 'Client' AND b.accountId = cl.accountId
        LEFT JOIN company cc ON cl.companyId = cc.companyId
        LEFT JOIN payment pa ON pa.transactNo = b.transactNo AND pa.paymentStatus = 'Approved'
        LEFT JOIN request r ON r.transactNo = b.transactNo AND r.requestStatus = 'Confirmed'
        
        GROUP BY b.transactNo, f.flightDepartureDate, f.returnDepartureDate, b.status, 
                 p.packageName, b.bookingDate, b.pax, b.totalPrice, a.lName, a.fName, a.mName, br.branchName
        ORDER BY CAST(SUBSTRING_INDEX(b.transactNo, '-', -1) AS UNSIGNED)
[2025-08-12 09:51:14] Total records fetched: 98
[2025-08-12 09:51:19] WHERE clause: 
[2025-08-12 09:51:19] SQL Query: SELECT b.transactNo, DATE_FORMAT(f.flightDepartureDate, '%Y.%m.%d') AS departureDate, f.returnDepartureDate AS returnDate, 
        b.status AS bookingStatus, CONCAT(f.flightDepartureDate, ' | ', f.returnDepartureDate) AS FlightDate, 
        p.packageName AS PackageName, b.bookingDate, b.pax AS TotalPax,  
        b.totalPrice AS PackagePrice, br.branchName as branchName, COALESCE(SUM(pa.amount), 0) AS TotalAmountPaid,
        CONCAT(a.lName, ', ', a.fName, ' ', IFNULL(CONCAT(SUBSTRING(a.mName, 1, 1), '.'), '')) AS agentName,
        COALESCE(SUM(r.requestCost), 0) AS TotalRequestAmount
        FROM booking b
        JOIN branch br ON b.agentCode = br.branchAgentCode
        JOIN flight f ON f.flightId = b.flightId
        JOIN package p ON p.packageId = b.packageId
        LEFT JOIN agent a ON b.accountType = 'Agent' AND b.accountId = a.accountId
        LEFT JOIN company c ON a.companyId = c.companyId
        LEFT JOIN client cl ON b.accountType = 'Client' AND b.accountId = cl.accountId
        LEFT JOIN company cc ON cl.companyId = cc.companyId
        LEFT JOIN payment pa ON pa.transactNo = b.transactNo AND pa.paymentStatus = 'Approved'
        LEFT JOIN request r ON r.transactNo = b.transactNo AND r.requestStatus = 'Confirmed'
        
        GROUP BY b.transactNo, f.flightDepartureDate, f.returnDepartureDate, b.status, 
                 p.packageName, b.bookingDate, b.pax, b.totalPrice, a.lName, a.fName, a.mName, br.branchName
        ORDER BY CAST(SUBSTRING_INDEX(b.transactNo, '-', -1) AS UNSIGNED)
[2025-08-12 09:51:19] Total records fetched: 98
[2025-08-12 09:51:20] WHERE clause: 
[2025-08-12 09:51:20] SQL Query: SELECT b.transactNo, DATE_FORMAT(f.flightDepartureDate, '%Y.%m.%d') AS departureDate, f.returnDepartureDate AS returnDate, 
        b.status AS bookingStatus, CONCAT(f.flightDepartureDate, ' | ', f.returnDepartureDate) AS FlightDate, 
        p.packageName AS PackageName, b.bookingDate, b.pax AS TotalPax,  
        b.totalPrice AS PackagePrice, br.branchName as branchName, COALESCE(SUM(pa.amount), 0) AS TotalAmountPaid,
        CONCAT(a.lName, ', ', a.fName, ' ', IFNULL(CONCAT(SUBSTRING(a.mName, 1, 1), '.'), '')) AS agentName,
        COALESCE(SUM(r.requestCost), 0) AS TotalRequestAmount
        FROM booking b
        JOIN branch br ON b.agentCode = br.branchAgentCode
        JOIN flight f ON f.flightId = b.flightId
        JOIN package p ON p.packageId = b.packageId
        LEFT JOIN agent a ON b.accountType = 'Agent' AND b.accountId = a.accountId
        LEFT JOIN company c ON a.companyId = c.companyId
        LEFT JOIN client cl ON b.accountType = 'Client' AND b.accountId = cl.accountId
        LEFT JOIN company cc ON cl.companyId = cc.companyId
        LEFT JOIN payment pa ON pa.transactNo = b.transactNo AND pa.paymentStatus = 'Approved'
        LEFT JOIN request r ON r.transactNo = b.transactNo AND r.requestStatus = 'Confirmed'
        
        GROUP BY b.transactNo, f.flightDepartureDate, f.returnDepartureDate, b.status, 
                 p.packageName, b.bookingDate, b.pax, b.totalPrice, a.lName, a.fName, a.mName, br.branchName
        ORDER BY CAST(SUBSTRING_INDEX(b.transactNo, '-', -1) AS UNSIGNED)
[2025-08-12 09:51:20] Total records fetched: 98
[2025-08-12 09:52:01] WHERE clause: 
[2025-08-12 09:52:01] SQL Query: SELECT b.transactNo, DATE_FORMAT(f.flightDepartureDate, '%Y.%m.%d') AS departureDate, f.returnDepartureDate AS returnDate, 
        b.status AS bookingStatus, CONCAT(f.flightDepartureDate, ' | ', f.returnDepartureDate) AS FlightDate, 
        p.packageName AS PackageName, b.bookingDate, b.pax AS TotalPax,  
        b.totalPrice AS PackagePrice, br.branchName as branchName, COALESCE(SUM(pa.amount), 0) AS TotalAmountPaid,
        CONCAT(a.lName, ', ', a.fName, ' ', IFNULL(CONCAT(SUBSTRING(a.mName, 1, 1), '.'), '')) AS agentName,
        COALESCE(SUM(r.requestCost), 0) AS TotalRequestAmount
        FROM booking b
        JOIN branch br ON b.agentCode = br.branchAgentCode
        JOIN flight f ON f.flightId = b.flightId
        JOIN package p ON p.packageId = b.packageId
        LEFT JOIN agent a ON b.accountType = 'Agent' AND b.accountId = a.accountId
        LEFT JOIN company c ON a.companyId = c.companyId
        LEFT JOIN client cl ON b.accountType = 'Client' AND b.accountId = cl.accountId
        LEFT JOIN company cc ON cl.companyId = cc.companyId
        LEFT JOIN payment pa ON pa.transactNo = b.transactNo AND pa.paymentStatus = 'Approved'
        LEFT JOIN request r ON r.transactNo = b.transactNo AND r.requestStatus = 'Confirmed'
        
        GROUP BY b.transactNo, f.flightDepartureDate, f.returnDepartureDate, b.status, 
                 p.packageName, b.bookingDate, b.pax, b.totalPrice, a.lName, a.fName, a.mName, br.branchName
        ORDER BY CAST(SUBSTRING_INDEX(b.transactNo, '-', -1) AS UNSIGNED)
[2025-08-12 09:52:01] Total records fetched: 98
[2025-08-12 09:52:24] WHERE clause: 
[2025-08-12 09:52:24] SQL Query: SELECT b.transactNo, DATE_FORMAT(f.flightDepartureDate, '%Y.%m.%d') AS departureDate, f.returnDepartureDate AS returnDate, 
        b.status AS bookingStatus, CONCAT(f.flightDepartureDate, ' | ', f.returnDepartureDate) AS FlightDate, 
        p.packageName AS PackageName, b.bookingDate, b.pax AS TotalPax,  
        b.totalPrice AS PackagePrice, br.branchName as branchName, COALESCE(SUM(pa.amount), 0) AS TotalAmountPaid,
        CONCAT(a.lName, ', ', a.fName, ' ', IFNULL(CONCAT(SUBSTRING(a.mName, 1, 1), '.'), '')) AS agentName,
        COALESCE(SUM(r.requestCost), 0) AS TotalRequestAmount
        FROM booking b
        JOIN branch br ON b.agentCode = br.branchAgentCode
        JOIN flight f ON f.flightId = b.flightId
        JOIN package p ON p.packageId = b.packageId
        LEFT JOIN agent a ON b.accountType = 'Agent' AND b.accountId = a.accountId
        LEFT JOIN company c ON a.companyId = c.companyId
        LEFT JOIN client cl ON b.accountType = 'Client' AND b.accountId = cl.accountId
        LEFT JOIN company cc ON cl.companyId = cc.companyId
        LEFT JOIN payment pa ON pa.transactNo = b.transactNo AND pa.paymentStatus = 'Approved'
        LEFT JOIN request r ON r.transactNo = b.transactNo AND r.requestStatus = 'Confirmed'
        
        GROUP BY b.transactNo, f.flightDepartureDate, f.returnDepartureDate, b.status, 
                 p.packageName, b.bookingDate, b.pax, b.totalPrice, a.lName, a.fName, a.mName, br.branchName
        ORDER BY CAST(SUBSTRING_INDEX(b.transactNo, '-', -1) AS UNSIGNED)
[2025-08-12 09:52:24] Total records fetched: 98
[2025-08-12 09:52:24] WHERE clause: 
[2025-08-12 09:52:24] SQL Query: SELECT b.transactNo, DATE_FORMAT(f.flightDepartureDate, '%Y.%m.%d') AS departureDate, f.returnDepartureDate AS returnDate, 
        b.status AS bookingStatus, CONCAT(f.flightDepartureDate, ' | ', f.returnDepartureDate) AS FlightDate, 
        p.packageName AS PackageName, b.bookingDate, b.pax AS TotalPax,  
        b.totalPrice AS PackagePrice, br.branchName as branchName, COALESCE(SUM(pa.amount), 0) AS TotalAmountPaid,
        CONCAT(a.lName, ', ', a.fName, ' ', IFNULL(CONCAT(SUBSTRING(a.mName, 1, 1), '.'), '')) AS agentName,
        COALESCE(SUM(r.requestCost), 0) AS TotalRequestAmount
        FROM booking b
        JOIN branch br ON b.agentCode = br.branchAgentCode
        JOIN flight f ON f.flightId = b.flightId
        JOIN package p ON p.packageId = b.packageId
        LEFT JOIN agent a ON b.accountType = 'Agent' AND b.accountId = a.accountId
        LEFT JOIN company c ON a.companyId = c.companyId
        LEFT JOIN client cl ON b.accountType = 'Client' AND b.accountId = cl.accountId
        LEFT JOIN company cc ON cl.companyId = cc.companyId
        LEFT JOIN payment pa ON pa.transactNo = b.transactNo AND pa.paymentStatus = 'Approved'
        LEFT JOIN request r ON r.transactNo = b.transactNo AND r.requestStatus = 'Confirmed'
        
        GROUP BY b.transactNo, f.flightDepartureDate, f.returnDepartureDate, b.status, 
                 p.packageName, b.bookingDate, b.pax, b.totalPrice, a.lName, a.fName, a.mName, br.branchName
        ORDER BY CAST(SUBSTRING_INDEX(b.transactNo, '-', -1) AS UNSIGNED)
[2025-08-12 09:52:24] Total records fetched: 98
[2025-08-12 09:52:39] WHERE clause: 
[2025-08-12 09:52:39] SQL Query: SELECT b.transactNo, DATE_FORMAT(f.flightDepartureDate, '%Y.%m.%d') AS departureDate, f.returnDepartureDate AS returnDate, 
        b.status AS bookingStatus, CONCAT(f.flightDepartureDate, ' | ', f.returnDepartureDate) AS FlightDate, 
        p.packageName AS PackageName, b.bookingDate, b.pax AS TotalPax,  
        b.totalPrice AS PackagePrice, br.branchName as branchName, COALESCE(SUM(pa.amount), 0) AS TotalAmountPaid,
        CONCAT(a.lName, ', ', a.fName, ' ', IFNULL(CONCAT(SUBSTRING(a.mName, 1, 1), '.'), '')) AS agentName,
        COALESCE(SUM(r.requestCost), 0) AS TotalRequestAmount
        FROM booking b
        JOIN branch br ON b.agentCode = br.branchAgentCode
        JOIN flight f ON f.flightId = b.flightId
        JOIN package p ON p.packageId = b.packageId
        LEFT JOIN agent a ON b.accountType = 'Agent' AND b.accountId = a.accountId
        LEFT JOIN company c ON a.companyId = c.companyId
        LEFT JOIN client cl ON b.accountType = 'Client' AND b.accountId = cl.accountId
        LEFT JOIN company cc ON cl.companyId = cc.companyId
        LEFT JOIN payment pa ON pa.transactNo = b.transactNo AND pa.paymentStatus = 'Approved'
        LEFT JOIN request r ON r.transactNo = b.transactNo AND r.requestStatus = 'Confirmed'
        
        GROUP BY b.transactNo, f.flightDepartureDate, f.returnDepartureDate, b.status, 
                 p.packageName, b.bookingDate, b.pax, b.totalPrice, a.lName, a.fName, a.mName, br.branchName
        ORDER BY CAST(SUBSTRING_INDEX(b.transactNo, '-', -1) AS UNSIGNED)
[2025-08-12 09:52:39] Total records fetched: 98
[2025-08-12 09:52:40] WHERE clause: 
[2025-08-12 09:52:40] SQL Query: SELECT b.transactNo, DATE_FORMAT(f.flightDepartureDate, '%Y.%m.%d') AS departureDate, f.returnDepartureDate AS returnDate, 
        b.status AS bookingStatus, CONCAT(f.flightDepartureDate, ' | ', f.returnDepartureDate) AS FlightDate, 
        p.packageName AS PackageName, b.bookingDate, b.pax AS TotalPax,  
        b.totalPrice AS PackagePrice, br.branchName as branchName, COALESCE(SUM(pa.amount), 0) AS TotalAmountPaid,
        CONCAT(a.lName, ', ', a.fName, ' ', IFNULL(CONCAT(SUBSTRING(a.mName, 1, 1), '.'), '')) AS agentName,
        COALESCE(SUM(r.requestCost), 0) AS TotalRequestAmount
        FROM booking b
        JOIN branch br ON b.agentCode = br.branchAgentCode
        JOIN flight f ON f.flightId = b.flightId
        JOIN package p ON p.packageId = b.packageId
        LEFT JOIN agent a ON b.accountType = 'Agent' AND b.accountId = a.accountId
        LEFT JOIN company c ON a.companyId = c.companyId
        LEFT JOIN client cl ON b.accountType = 'Client' AND b.accountId = cl.accountId
        LEFT JOIN company cc ON cl.companyId = cc.companyId
        LEFT JOIN payment pa ON pa.transactNo = b.transactNo AND pa.paymentStatus = 'Approved'
        LEFT JOIN request r ON r.transactNo = b.transactNo AND r.requestStatus = 'Confirmed'
        
        GROUP BY b.transactNo, f.flightDepartureDate, f.returnDepartureDate, b.status, 
                 p.packageName, b.bookingDate, b.pax, b.totalPrice, a.lName, a.fName, a.mName, br.branchName
        ORDER BY CAST(SUBSTRING_INDEX(b.transactNo, '-', -1) AS UNSIGNED)
[2025-08-12 09:52:40] Total records fetched: 98
[2025-08-12 09:52:40] WHERE clause: 
[2025-08-12 09:52:40] SQL Query: SELECT b.transactNo, DATE_FORMAT(f.flightDepartureDate, '%Y.%m.%d') AS departureDate, f.returnDepartureDate AS returnDate, 
        b.status AS bookingStatus, CONCAT(f.flightDepartureDate, ' | ', f.returnDepartureDate) AS FlightDate, 
        p.packageName AS PackageName, b.bookingDate, b.pax AS TotalPax,  
        b.totalPrice AS PackagePrice, br.branchName as branchName, COALESCE(SUM(pa.amount), 0) AS TotalAmountPaid,
        CONCAT(a.lName, ', ', a.fName, ' ', IFNULL(CONCAT(SUBSTRING(a.mName, 1, 1), '.'), '')) AS agentName,
        COALESCE(SUM(r.requestCost), 0) AS TotalRequestAmount
        FROM booking b
        JOIN branch br ON b.agentCode = br.branchAgentCode
        JOIN flight f ON f.flightId = b.flightId
        JOIN package p ON p.packageId = b.packageId
        LEFT JOIN agent a ON b.accountType = 'Agent' AND b.accountId = a.accountId
        LEFT JOIN company c ON a.companyId = c.companyId
        LEFT JOIN client cl ON b.accountType = 'Client' AND b.accountId = cl.accountId
        LEFT JOIN company cc ON cl.companyId = cc.companyId
        LEFT JOIN payment pa ON pa.transactNo = b.transactNo AND pa.paymentStatus = 'Approved'
        LEFT JOIN request r ON r.transactNo = b.transactNo AND r.requestStatus = 'Confirmed'
        
        GROUP BY b.transactNo, f.flightDepartureDate, f.returnDepartureDate, b.status, 
                 p.packageName, b.bookingDate, b.pax, b.totalPrice, a.lName, a.fName, a.mName, br.branchName
        ORDER BY CAST(SUBSTRING_INDEX(b.transactNo, '-', -1) AS UNSIGNED)
[2025-08-12 09:52:40] Total records fetched: 98
[2025-08-12 09:55:44] WHERE clause: 
[2025-08-12 09:55:44] SQL Query: SELECT b.transactNo, DATE_FORMAT(f.flightDepartureDate, '%Y.%m.%d') AS departureDate, f.returnDepartureDate AS returnDate, 
        b.status AS bookingStatus, CONCAT(f.flightDepartureDate, ' | ', f.returnDepartureDate) AS FlightDate, 
        p.packageName AS PackageName, b.bookingDate, b.pax AS TotalPax,  
        b.totalPrice AS PackagePrice, br.branchName as branchName, COALESCE(SUM(pa.amount), 0) AS TotalAmountPaid,
        CONCAT(a.lName, ', ', a.fName, ' ', IFNULL(CONCAT(SUBSTRING(a.mName, 1, 1), '.'), '')) AS agentName,
        COALESCE(SUM(r.requestCost), 0) AS TotalRequestAmount
        FROM booking b
        JOIN branch br ON b.agentCode = br.branchAgentCode
        JOIN flight f ON f.flightId = b.flightId
        JOIN package p ON p.packageId = b.packageId
        LEFT JOIN agent a ON b.accountType = 'Agent' AND b.accountId = a.accountId
        LEFT JOIN company c ON a.companyId = c.companyId
        LEFT JOIN client cl ON b.accountType = 'Client' AND b.accountId = cl.accountId
        LEFT JOIN company cc ON cl.companyId = cc.companyId
        LEFT JOIN payment pa ON pa.transactNo = b.transactNo AND pa.paymentStatus = 'Approved'
        LEFT JOIN request r ON r.transactNo = b.transactNo AND r.requestStatus = 'Confirmed'
        
        GROUP BY b.transactNo, f.flightDepartureDate, f.returnDepartureDate, b.status, 
                 p.packageName, b.bookingDate, b.pax, b.totalPrice, a.lName, a.fName, a.mName, br.branchName
        ORDER BY CAST(SUBSTRING_INDEX(b.transactNo, '-', -1) AS UNSIGNED)
[2025-08-12 09:55:44] Total records fetched: 98
[2025-08-12 09:55:45] WHERE clause: 
[2025-08-12 09:55:45] SQL Query: SELECT b.transactNo, DATE_FORMAT(f.flightDepartureDate, '%Y.%m.%d') AS departureDate, f.returnDepartureDate AS returnDate, 
        b.status AS bookingStatus, CONCAT(f.flightDepartureDate, ' | ', f.returnDepartureDate) AS FlightDate, 
        p.packageName AS PackageName, b.bookingDate, b.pax AS TotalPax,  
        b.totalPrice AS PackagePrice, br.branchName as branchName, COALESCE(SUM(pa.amount), 0) AS TotalAmountPaid,
        CONCAT(a.lName, ', ', a.fName, ' ', IFNULL(CONCAT(SUBSTRING(a.mName, 1, 1), '.'), '')) AS agentName,
        COALESCE(SUM(r.requestCost), 0) AS TotalRequestAmount
        FROM booking b
        JOIN branch br ON b.agentCode = br.branchAgentCode
        JOIN flight f ON f.flightId = b.flightId
        JOIN package p ON p.packageId = b.packageId
        LEFT JOIN agent a ON b.accountType = 'Agent' AND b.accountId = a.accountId
        LEFT JOIN company c ON a.companyId = c.companyId
        LEFT JOIN client cl ON b.accountType = 'Client' AND b.accountId = cl.accountId
        LEFT JOIN company cc ON cl.companyId = cc.companyId
        LEFT JOIN payment pa ON pa.transactNo = b.transactNo AND pa.paymentStatus = 'Approved'
        LEFT JOIN request r ON r.transactNo = b.transactNo AND r.requestStatus = 'Confirmed'
        
        GROUP BY b.transactNo, f.flightDepartureDate, f.returnDepartureDate, b.status, 
                 p.packageName, b.bookingDate, b.pax, b.totalPrice, a.lName, a.fName, a.mName, br.branchName
        ORDER BY CAST(SUBSTRING_INDEX(b.transactNo, '-', -1) AS UNSIGNED)
[2025-08-12 09:55:45] Total records fetched: 98
[2025-08-12 09:55:45] WHERE clause: 
[2025-08-12 09:55:45] SQL Query: SELECT b.transactNo, DATE_FORMAT(f.flightDepartureDate, '%Y.%m.%d') AS departureDate, f.returnDepartureDate AS returnDate, 
        b.status AS bookingStatus, CONCAT(f.flightDepartureDate, ' | ', f.returnDepartureDate) AS FlightDate, 
        p.packageName AS PackageName, b.bookingDate, b.pax AS TotalPax,  
        b.totalPrice AS PackagePrice, br.branchName as branchName, COALESCE(SUM(pa.amount), 0) AS TotalAmountPaid,
        CONCAT(a.lName, ', ', a.fName, ' ', IFNULL(CONCAT(SUBSTRING(a.mName, 1, 1), '.'), '')) AS agentName,
        COALESCE(SUM(r.requestCost), 0) AS TotalRequestAmount
        FROM booking b
        JOIN branch br ON b.agentCode = br.branchAgentCode
        JOIN flight f ON f.flightId = b.flightId
        JOIN package p ON p.packageId = b.packageId
        LEFT JOIN agent a ON b.accountType = 'Agent' AND b.accountId = a.accountId
        LEFT JOIN company c ON a.companyId = c.companyId
        LEFT JOIN client cl ON b.accountType = 'Client' AND b.accountId = cl.accountId
        LEFT JOIN company cc ON cl.companyId = cc.companyId
        LEFT JOIN payment pa ON pa.transactNo = b.transactNo AND pa.paymentStatus = 'Approved'
        LEFT JOIN request r ON r.transactNo = b.transactNo AND r.requestStatus = 'Confirmed'
        
        GROUP BY b.transactNo, f.flightDepartureDate, f.returnDepartureDate, b.status, 
                 p.packageName, b.bookingDate, b.pax, b.totalPrice, a.lName, a.fName, a.mName, br.branchName
        ORDER BY CAST(SUBSTRING_INDEX(b.transactNo, '-', -1) AS UNSIGNED)
[2025-08-12 09:55:45] Total records fetched: 98
[2025-08-12 09:55:46] WHERE clause: 
[2025-08-12 09:55:46] SQL Query: SELECT b.transactNo, DATE_FORMAT(f.flightDepartureDate, '%Y.%m.%d') AS departureDate, f.returnDepartureDate AS returnDate, 
        b.status AS bookingStatus, CONCAT(f.flightDepartureDate, ' | ', f.returnDepartureDate) AS FlightDate, 
        p.packageName AS PackageName, b.bookingDate, b.pax AS TotalPax,  
        b.totalPrice AS PackagePrice, br.branchName as branchName, COALESCE(SUM(pa.amount), 0) AS TotalAmountPaid,
        CONCAT(a.lName, ', ', a.fName, ' ', IFNULL(CONCAT(SUBSTRING(a.mName, 1, 1), '.'), '')) AS agentName,
        COALESCE(SUM(r.requestCost), 0) AS TotalRequestAmount
        FROM booking b
        JOIN branch br ON b.agentCode = br.branchAgentCode
        JOIN flight f ON f.flightId = b.flightId
        JOIN package p ON p.packageId = b.packageId
        LEFT JOIN agent a ON b.accountType = 'Agent' AND b.accountId = a.accountId
        LEFT JOIN company c ON a.companyId = c.companyId
        LEFT JOIN client cl ON b.accountType = 'Client' AND b.accountId = cl.accountId
        LEFT JOIN company cc ON cl.companyId = cc.companyId
        LEFT JOIN payment pa ON pa.transactNo = b.transactNo AND pa.paymentStatus = 'Approved'
        LEFT JOIN request r ON r.transactNo = b.transactNo AND r.requestStatus = 'Confirmed'
        
        GROUP BY b.transactNo, f.flightDepartureDate, f.returnDepartureDate, b.status, 
                 p.packageName, b.bookingDate, b.pax, b.totalPrice, a.lName, a.fName, a.mName, br.branchName
        ORDER BY CAST(SUBSTRING_INDEX(b.transactNo, '-', -1) AS UNSIGNED)
[2025-08-12 09:55:46] Total records fetched: 98
[2025-08-12 09:55:47] WHERE clause: 
[2025-08-12 09:55:47] SQL Query: SELECT b.transactNo, DATE_FORMAT(f.flightDepartureDate, '%Y.%m.%d') AS departureDate, f.returnDepartureDate AS returnDate, 
        b.status AS bookingStatus, CONCAT(f.flightDepartureDate, ' | ', f.returnDepartureDate) AS FlightDate, 
        p.packageName AS PackageName, b.bookingDate, b.pax AS TotalPax,  
        b.totalPrice AS PackagePrice, br.branchName as branchName, COALESCE(SUM(pa.amount), 0) AS TotalAmountPaid,
        CONCAT(a.lName, ', ', a.fName, ' ', IFNULL(CONCAT(SUBSTRING(a.mName, 1, 1), '.'), '')) AS agentName,
        COALESCE(SUM(r.requestCost), 0) AS TotalRequestAmount
        FROM booking b
        JOIN branch br ON b.agentCode = br.branchAgentCode
        JOIN flight f ON f.flightId = b.flightId
        JOIN package p ON p.packageId = b.packageId
        LEFT JOIN agent a ON b.accountType = 'Agent' AND b.accountId = a.accountId
        LEFT JOIN company c ON a.companyId = c.companyId
        LEFT JOIN client cl ON b.accountType = 'Client' AND b.accountId = cl.accountId
        LEFT JOIN company cc ON cl.companyId = cc.companyId
        LEFT JOIN payment pa ON pa.transactNo = b.transactNo AND pa.paymentStatus = 'Approved'
        LEFT JOIN request r ON r.transactNo = b.transactNo AND r.requestStatus = 'Confirmed'
        
        GROUP BY b.transactNo, f.flightDepartureDate, f.returnDepartureDate, b.status, 
                 p.packageName, b.bookingDate, b.pax, b.totalPrice, a.lName, a.fName, a.mName, br.branchName
        ORDER BY CAST(SUBSTRING_INDEX(b.transactNo, '-', -1) AS UNSIGNED)
[2025-08-12 09:55:47] Total records fetched: 98
[2025-08-12 09:55:48] WHERE clause: 
[2025-08-12 09:55:48] SQL Query: SELECT b.transactNo, DATE_FORMAT(f.flightDepartureDate, '%Y.%m.%d') AS departureDate, f.returnDepartureDate AS returnDate, 
        b.status AS bookingStatus, CONCAT(f.flightDepartureDate, ' | ', f.returnDepartureDate) AS FlightDate, 
        p.packageName AS PackageName, b.bookingDate, b.pax AS TotalPax,  
        b.totalPrice AS PackagePrice, br.branchName as branchName, COALESCE(SUM(pa.amount), 0) AS TotalAmountPaid,
        CONCAT(a.lName, ', ', a.fName, ' ', IFNULL(CONCAT(SUBSTRING(a.mName, 1, 1), '.'), '')) AS agentName,
        COALESCE(SUM(r.requestCost), 0) AS TotalRequestAmount
        FROM booking b
        JOIN branch br ON b.agentCode = br.branchAgentCode
        JOIN flight f ON f.flightId = b.flightId
        JOIN package p ON p.packageId = b.packageId
        LEFT JOIN agent a ON b.accountType = 'Agent' AND b.accountId = a.accountId
        LEFT JOIN company c ON a.companyId = c.companyId
        LEFT JOIN client cl ON b.accountType = 'Client' AND b.accountId = cl.accountId
        LEFT JOIN company cc ON cl.companyId = cc.companyId
        LEFT JOIN payment pa ON pa.transactNo = b.transactNo AND pa.paymentStatus = 'Approved'
        LEFT JOIN request r ON r.transactNo = b.transactNo AND r.requestStatus = 'Confirmed'
        
        GROUP BY b.transactNo, f.flightDepartureDate, f.returnDepartureDate, b.status, 
                 p.packageName, b.bookingDate, b.pax, b.totalPrice, a.lName, a.fName, a.mName, br.branchName
        ORDER BY CAST(SUBSTRING_INDEX(b.transactNo, '-', -1) AS UNSIGNED)
[2025-08-12 09:55:48] Total records fetched: 98
[2025-08-12 09:55:48] WHERE clause: 
[2025-08-12 09:55:48] SQL Query: SELECT b.transactNo, DATE_FORMAT(f.flightDepartureDate, '%Y.%m.%d') AS departureDate, f.returnDepartureDate AS returnDate, 
        b.status AS bookingStatus, CONCAT(f.flightDepartureDate, ' | ', f.returnDepartureDate) AS FlightDate, 
        p.packageName AS PackageName, b.bookingDate, b.pax AS TotalPax,  
        b.totalPrice AS PackagePrice, br.branchName as branchName, COALESCE(SUM(pa.amount), 0) AS TotalAmountPaid,
        CONCAT(a.lName, ', ', a.fName, ' ', IFNULL(CONCAT(SUBSTRING(a.mName, 1, 1), '.'), '')) AS agentName,
        COALESCE(SUM(r.requestCost), 0) AS TotalRequestAmount
        FROM booking b
        JOIN branch br ON b.agentCode = br.branchAgentCode
        JOIN flight f ON f.flightId = b.flightId
        JOIN package p ON p.packageId = b.packageId
        LEFT JOIN agent a ON b.accountType = 'Agent' AND b.accountId = a.accountId
        LEFT JOIN company c ON a.companyId = c.companyId
        LEFT JOIN client cl ON b.accountType = 'Client' AND b.accountId = cl.accountId
        LEFT JOIN company cc ON cl.companyId = cc.companyId
        LEFT JOIN payment pa ON pa.transactNo = b.transactNo AND pa.paymentStatus = 'Approved'
        LEFT JOIN request r ON r.transactNo = b.transactNo AND r.requestStatus = 'Confirmed'
        
        GROUP BY b.transactNo, f.flightDepartureDate, f.returnDepartureDate, b.status, 
                 p.packageName, b.bookingDate, b.pax, b.totalPrice, a.lName, a.fName, a.mName, br.branchName
        ORDER BY CAST(SUBSTRING_INDEX(b.transactNo, '-', -1) AS UNSIGNED)
[2025-08-12 09:55:48] Total records fetched: 98
[2025-08-12 09:55:49] WHERE clause: 
[2025-08-12 09:55:49] SQL Query: SELECT b.transactNo, DATE_FORMAT(f.flightDepartureDate, '%Y.%m.%d') AS departureDate, f.returnDepartureDate AS returnDate, 
        b.status AS bookingStatus, CONCAT(f.flightDepartureDate, ' | ', f.returnDepartureDate) AS FlightDate, 
        p.packageName AS PackageName, b.bookingDate, b.pax AS TotalPax,  
        b.totalPrice AS PackagePrice, br.branchName as branchName, COALESCE(SUM(pa.amount), 0) AS TotalAmountPaid,
        CONCAT(a.lName, ', ', a.fName, ' ', IFNULL(CONCAT(SUBSTRING(a.mName, 1, 1), '.'), '')) AS agentName,
        COALESCE(SUM(r.requestCost), 0) AS TotalRequestAmount
        FROM booking b
        JOIN branch br ON b.agentCode = br.branchAgentCode
        JOIN flight f ON f.flightId = b.flightId
        JOIN package p ON p.packageId = b.packageId
        LEFT JOIN agent a ON b.accountType = 'Agent' AND b.accountId = a.accountId
        LEFT JOIN company c ON a.companyId = c.companyId
        LEFT JOIN client cl ON b.accountType = 'Client' AND b.accountId = cl.accountId
        LEFT JOIN company cc ON cl.companyId = cc.companyId
        LEFT JOIN payment pa ON pa.transactNo = b.transactNo AND pa.paymentStatus = 'Approved'
        LEFT JOIN request r ON r.transactNo = b.transactNo AND r.requestStatus = 'Confirmed'
        
        GROUP BY b.transactNo, f.flightDepartureDate, f.returnDepartureDate, b.status, 
                 p.packageName, b.bookingDate, b.pax, b.totalPrice, a.lName, a.fName, a.mName, br.branchName
        ORDER BY CAST(SUBSTRING_INDEX(b.transactNo, '-', -1) AS UNSIGNED)
[2025-08-12 09:55:49] Total records fetched: 98
[2025-08-12 09:55:49] WHERE clause: 
[2025-08-12 09:55:49] SQL Query: SELECT b.transactNo, DATE_FORMAT(f.flightDepartureDate, '%Y.%m.%d') AS departureDate, f.returnDepartureDate AS returnDate, 
        b.status AS bookingStatus, CONCAT(f.flightDepartureDate, ' | ', f.returnDepartureDate) AS FlightDate, 
        p.packageName AS PackageName, b.bookingDate, b.pax AS TotalPax,  
        b.totalPrice AS PackagePrice, br.branchName as branchName, COALESCE(SUM(pa.amount), 0) AS TotalAmountPaid,
        CONCAT(a.lName, ', ', a.fName, ' ', IFNULL(CONCAT(SUBSTRING(a.mName, 1, 1), '.'), '')) AS agentName,
        COALESCE(SUM(r.requestCost), 0) AS TotalRequestAmount
        FROM booking b
        JOIN branch br ON b.agentCode = br.branchAgentCode
        JOIN flight f ON f.flightId = b.flightId
        JOIN package p ON p.packageId = b.packageId
        LEFT JOIN agent a ON b.accountType = 'Agent' AND b.accountId = a.accountId
        LEFT JOIN company c ON a.companyId = c.companyId
        LEFT JOIN client cl ON b.accountType = 'Client' AND b.accountId = cl.accountId
        LEFT JOIN company cc ON cl.companyId = cc.companyId
        LEFT JOIN payment pa ON pa.transactNo = b.transactNo AND pa.paymentStatus = 'Approved'
        LEFT JOIN request r ON r.transactNo = b.transactNo AND r.requestStatus = 'Confirmed'
        
        GROUP BY b.transactNo, f.flightDepartureDate, f.returnDepartureDate, b.status, 
                 p.packageName, b.bookingDate, b.pax, b.totalPrice, a.lName, a.fName, a.mName, br.branchName
        ORDER BY CAST(SUBSTRING_INDEX(b.transactNo, '-', -1) AS UNSIGNED)
[2025-08-12 09:55:49] Total records fetched: 98
[2025-08-12 09:55:50] WHERE clause: 
[2025-08-12 09:55:50] SQL Query: SELECT b.transactNo, DATE_FORMAT(f.flightDepartureDate, '%Y.%m.%d') AS departureDate, f.returnDepartureDate AS returnDate, 
        b.status AS bookingStatus, CONCAT(f.flightDepartureDate, ' | ', f.returnDepartureDate) AS FlightDate, 
        p.packageName AS PackageName, b.bookingDate, b.pax AS TotalPax,  
        b.totalPrice AS PackagePrice, br.branchName as branchName, COALESCE(SUM(pa.amount), 0) AS TotalAmountPaid,
        CONCAT(a.lName, ', ', a.fName, ' ', IFNULL(CONCAT(SUBSTRING(a.mName, 1, 1), '.'), '')) AS agentName,
        COALESCE(SUM(r.requestCost), 0) AS TotalRequestAmount
        FROM booking b
        JOIN branch br ON b.agentCode = br.branchAgentCode
        JOIN flight f ON f.flightId = b.flightId
        JOIN package p ON p.packageId = b.packageId
        LEFT JOIN agent a ON b.accountType = 'Agent' AND b.accountId = a.accountId
        LEFT JOIN company c ON a.companyId = c.companyId
        LEFT JOIN client cl ON b.accountType = 'Client' AND b.accountId = cl.accountId
        LEFT JOIN company cc ON cl.companyId = cc.companyId
        LEFT JOIN payment pa ON pa.transactNo = b.transactNo AND pa.paymentStatus = 'Approved'
        LEFT JOIN request r ON r.transactNo = b.transactNo AND r.requestStatus = 'Confirmed'
        
        GROUP BY b.transactNo, f.flightDepartureDate, f.returnDepartureDate, b.status, 
                 p.packageName, b.bookingDate, b.pax, b.totalPrice, a.lName, a.fName, a.mName, br.branchName
        ORDER BY CAST(SUBSTRING_INDEX(b.transactNo, '-', -1) AS UNSIGNED)
[2025-08-12 09:55:50] Total records fetched: 98
[2025-08-12 09:55:51] WHERE clause: 
[2025-08-12 09:55:51] SQL Query: SELECT b.transactNo, DATE_FORMAT(f.flightDepartureDate, '%Y.%m.%d') AS departureDate, f.returnDepartureDate AS returnDate, 
        b.status AS bookingStatus, CONCAT(f.flightDepartureDate, ' | ', f.returnDepartureDate) AS FlightDate, 
        p.packageName AS PackageName, b.bookingDate, b.pax AS TotalPax,  
        b.totalPrice AS PackagePrice, br.branchName as branchName, COALESCE(SUM(pa.amount), 0) AS TotalAmountPaid,
        CONCAT(a.lName, ', ', a.fName, ' ', IFNULL(CONCAT(SUBSTRING(a.mName, 1, 1), '.'), '')) AS agentName,
        COALESCE(SUM(r.requestCost), 0) AS TotalRequestAmount
        FROM booking b
        JOIN branch br ON b.agentCode = br.branchAgentCode
        JOIN flight f ON f.flightId = b.flightId
        JOIN package p ON p.packageId = b.packageId
        LEFT JOIN agent a ON b.accountType = 'Agent' AND b.accountId = a.accountId
        LEFT JOIN company c ON a.companyId = c.companyId
        LEFT JOIN client cl ON b.accountType = 'Client' AND b.accountId = cl.accountId
        LEFT JOIN company cc ON cl.companyId = cc.companyId
        LEFT JOIN payment pa ON pa.transactNo = b.transactNo AND pa.paymentStatus = 'Approved'
        LEFT JOIN request r ON r.transactNo = b.transactNo AND r.requestStatus = 'Confirmed'
        
        GROUP BY b.transactNo, f.flightDepartureDate, f.returnDepartureDate, b.status, 
                 p.packageName, b.bookingDate, b.pax, b.totalPrice, a.lName, a.fName, a.mName, br.branchName
        ORDER BY CAST(SUBSTRING_INDEX(b.transactNo, '-', -1) AS UNSIGNED)
[2025-08-12 09:55:51] Total records fetched: 98
[2025-08-12 09:55:51] WHERE clause: 
[2025-08-12 09:55:51] SQL Query: SELECT b.transactNo, DATE_FORMAT(f.flightDepartureDate, '%Y.%m.%d') AS departureDate, f.returnDepartureDate AS returnDate, 
        b.status AS bookingStatus, CONCAT(f.flightDepartureDate, ' | ', f.returnDepartureDate) AS FlightDate, 
        p.packageName AS PackageName, b.bookingDate, b.pax AS TotalPax,  
        b.totalPrice AS PackagePrice, br.branchName as branchName, COALESCE(SUM(pa.amount), 0) AS TotalAmountPaid,
        CONCAT(a.lName, ', ', a.fName, ' ', IFNULL(CONCAT(SUBSTRING(a.mName, 1, 1), '.'), '')) AS agentName,
        COALESCE(SUM(r.requestCost), 0) AS TotalRequestAmount
        FROM booking b
        JOIN branch br ON b.agentCode = br.branchAgentCode
        JOIN flight f ON f.flightId = b.flightId
        JOIN package p ON p.packageId = b.packageId
        LEFT JOIN agent a ON b.accountType = 'Agent' AND b.accountId = a.accountId
        LEFT JOIN company c ON a.companyId = c.companyId
        LEFT JOIN client cl ON b.accountType = 'Client' AND b.accountId = cl.accountId
        LEFT JOIN company cc ON cl.companyId = cc.companyId
        LEFT JOIN payment pa ON pa.transactNo = b.transactNo AND pa.paymentStatus = 'Approved'
        LEFT JOIN request r ON r.transactNo = b.transactNo AND r.requestStatus = 'Confirmed'
        
        GROUP BY b.transactNo, f.flightDepartureDate, f.returnDepartureDate, b.status, 
                 p.packageName, b.bookingDate, b.pax, b.totalPrice, a.lName, a.fName, a.mName, br.branchName
        ORDER BY CAST(SUBSTRING_INDEX(b.transactNo, '-', -1) AS UNSIGNED)
[2025-08-12 09:55:51] Total records fetched: 98
[2025-08-12 09:55:51] WHERE clause: 
[2025-08-12 09:55:51] SQL Query: SELECT b.transactNo, DATE_FORMAT(f.flightDepartureDate, '%Y.%m.%d') AS departureDate, f.returnDepartureDate AS returnDate, 
        b.status AS bookingStatus, CONCAT(f.flightDepartureDate, ' | ', f.returnDepartureDate) AS FlightDate, 
        p.packageName AS PackageName, b.bookingDate, b.pax AS TotalPax,  
        b.totalPrice AS PackagePrice, br.branchName as branchName, COALESCE(SUM(pa.amount), 0) AS TotalAmountPaid,
        CONCAT(a.lName, ', ', a.fName, ' ', IFNULL(CONCAT(SUBSTRING(a.mName, 1, 1), '.'), '')) AS agentName,
        COALESCE(SUM(r.requestCost), 0) AS TotalRequestAmount
        FROM booking b
        JOIN branch br ON b.agentCode = br.branchAgentCode
        JOIN flight f ON f.flightId = b.flightId
        JOIN package p ON p.packageId = b.packageId
        LEFT JOIN agent a ON b.accountType = 'Agent' AND b.accountId = a.accountId
        LEFT JOIN company c ON a.companyId = c.companyId
        LEFT JOIN client cl ON b.accountType = 'Client' AND b.accountId = cl.accountId
        LEFT JOIN company cc ON cl.companyId = cc.companyId
        LEFT JOIN payment pa ON pa.transactNo = b.transactNo AND pa.paymentStatus = 'Approved'
        LEFT JOIN request r ON r.transactNo = b.transactNo AND r.requestStatus = 'Confirmed'
        
        GROUP BY b.transactNo, f.flightDepartureDate, f.returnDepartureDate, b.status, 
                 p.packageName, b.bookingDate, b.pax, b.totalPrice, a.lName, a.fName, a.mName, br.branchName
        ORDER BY CAST(SUBSTRING_INDEX(b.transactNo, '-', -1) AS UNSIGNED)
[2025-08-12 09:55:51] Total records fetched: 98
[2025-08-12 09:57:29] WHERE clause: 
[2025-08-12 09:57:29] SQL Query: SELECT b.transactNo, DATE_FORMAT(f.flightDepartureDate, '%Y.%m.%d') AS departureDate, f.returnDepartureDate AS returnDate, 
        b.status AS bookingStatus, CONCAT(f.flightDepartureDate, ' | ', f.returnDepartureDate) AS FlightDate, 
        p.packageName AS PackageName, b.bookingDate, b.pax AS TotalPax,  
        b.totalPrice AS PackagePrice, br.branchName as branchName, COALESCE(SUM(pa.amount), 0) AS TotalAmountPaid,
        CONCAT(a.lName, ', ', a.fName, ' ', IFNULL(CONCAT(SUBSTRING(a.mName, 1, 1), '.'), '')) AS agentName,
        COALESCE(SUM(r.requestCost), 0) AS TotalRequestAmount
        FROM booking b
        JOIN branch br ON b.agentCode = br.branchAgentCode
        JOIN flight f ON f.flightId = b.flightId
        JOIN package p ON p.packageId = b.packageId
        LEFT JOIN agent a ON b.accountType = 'Agent' AND b.accountId = a.accountId
        LEFT JOIN company c ON a.companyId = c.companyId
        LEFT JOIN client cl ON b.accountType = 'Client' AND b.accountId = cl.accountId
        LEFT JOIN company cc ON cl.companyId = cc.companyId
        LEFT JOIN payment pa ON pa.transactNo = b.transactNo AND pa.paymentStatus = 'Approved'
        LEFT JOIN request r ON r.transactNo = b.transactNo AND r.requestStatus = 'Confirmed'
        
        GROUP BY b.transactNo, f.flightDepartureDate, f.returnDepartureDate, b.status, 
                 p.packageName, b.bookingDate, b.pax, b.totalPrice, a.lName, a.fName, a.mName, br.branchName
        ORDER BY CAST(SUBSTRING_INDEX(b.transactNo, '-', -1) AS UNSIGNED)
[2025-08-12 09:57:29] Total records fetched: 98
[2025-08-12 09:59:05] WHERE clause: 
[2025-08-12 09:59:05] SQL Query: SELECT b.transactNo, DATE_FORMAT(f.flightDepartureDate, '%Y.%m.%d') AS departureDate, f.returnDepartureDate AS returnDate, 
        b.status AS bookingStatus, CONCAT(f.flightDepartureDate, ' | ', f.returnDepartureDate) AS FlightDate, 
        p.packageName AS PackageName, b.bookingDate, b.pax AS TotalPax,  
        b.totalPrice AS PackagePrice, br.branchName as branchName, COALESCE(SUM(pa.amount), 0) AS TotalAmountPaid,
        CONCAT(a.lName, ', ', a.fName, ' ', IFNULL(CONCAT(SUBSTRING(a.mName, 1, 1), '.'), '')) AS agentName,
        COALESCE(SUM(r.requestCost), 0) AS TotalRequestAmount
        FROM booking b
        JOIN branch br ON b.agentCode = br.branchAgentCode
        JOIN flight f ON f.flightId = b.flightId
        JOIN package p ON p.packageId = b.packageId
        LEFT JOIN agent a ON b.accountType = 'Agent' AND b.accountId = a.accountId
        LEFT JOIN company c ON a.companyId = c.companyId
        LEFT JOIN client cl ON b.accountType = 'Client' AND b.accountId = cl.accountId
        LEFT JOIN company cc ON cl.companyId = cc.companyId
        LEFT JOIN payment pa ON pa.transactNo = b.transactNo AND pa.paymentStatus = 'Approved'
        LEFT JOIN request r ON r.transactNo = b.transactNo AND r.requestStatus = 'Confirmed'
        
        GROUP BY b.transactNo, f.flightDepartureDate, f.returnDepartureDate, b.status, 
                 p.packageName, b.bookingDate, b.pax, b.totalPrice, a.lName, a.fName, a.mName, br.branchName
        ORDER BY CAST(SUBSTRING_INDEX(b.transactNo, '-', -1) AS UNSIGNED)
[2025-08-12 09:59:05] Total records fetched: 98
[2025-08-12 09:59:53] WHERE clause: 
[2025-08-12 09:59:53] SQL Query: SELECT b.transactNo, DATE_FORMAT(f.flightDepartureDate, '%Y.%m.%d') AS departureDate, f.returnDepartureDate AS returnDate, 
        b.status AS bookingStatus, CONCAT(f.flightDepartureDate, ' | ', f.returnDepartureDate) AS FlightDate, 
        p.packageName AS PackageName, b.bookingDate, b.pax AS TotalPax,  
        b.totalPrice AS PackagePrice, br.branchName as branchName, COALESCE(SUM(pa.amount), 0) AS TotalAmountPaid,
        CONCAT(a.lName, ', ', a.fName, ' ', IFNULL(CONCAT(SUBSTRING(a.mName, 1, 1), '.'), '')) AS agentName,
        COALESCE(SUM(r.requestCost), 0) AS TotalRequestAmount
        FROM booking b
        JOIN branch br ON b.agentCode = br.branchAgentCode
        JOIN flight f ON f.flightId = b.flightId
        JOIN package p ON p.packageId = b.packageId
        LEFT JOIN agent a ON b.accountType = 'Agent' AND b.accountId = a.accountId
        LEFT JOIN company c ON a.companyId = c.companyId
        LEFT JOIN client cl ON b.accountType = 'Client' AND b.accountId = cl.accountId
        LEFT JOIN company cc ON cl.companyId = cc.companyId
        LEFT JOIN payment pa ON pa.transactNo = b.transactNo AND pa.paymentStatus = 'Approved'
        LEFT JOIN request r ON r.transactNo = b.transactNo AND r.requestStatus = 'Confirmed'
        
        GROUP BY b.transactNo, f.flightDepartureDate, f.returnDepartureDate, b.status, 
                 p.packageName, b.bookingDate, b.pax, b.totalPrice, a.lName, a.fName, a.mName, br.branchName
        ORDER BY CAST(SUBSTRING_INDEX(b.transactNo, '-', -1) AS UNSIGNED)
[2025-08-12 09:59:53] Total records fetched: 98
[2025-08-12 09:59:55] WHERE clause: 
[2025-08-12 09:59:55] SQL Query: SELECT b.transactNo, DATE_FORMAT(f.flightDepartureDate, '%Y.%m.%d') AS departureDate, f.returnDepartureDate AS returnDate, 
        b.status AS bookingStatus, CONCAT(f.flightDepartureDate, ' | ', f.returnDepartureDate) AS FlightDate, 
        p.packageName AS PackageName, b.bookingDate, b.pax AS TotalPax,  
        b.totalPrice AS PackagePrice, br.branchName as branchName, COALESCE(SUM(pa.amount), 0) AS TotalAmountPaid,
        CONCAT(a.lName, ', ', a.fName, ' ', IFNULL(CONCAT(SUBSTRING(a.mName, 1, 1), '.'), '')) AS agentName,
        COALESCE(SUM(r.requestCost), 0) AS TotalRequestAmount
        FROM booking b
        JOIN branch br ON b.agentCode = br.branchAgentCode
        JOIN flight f ON f.flightId = b.flightId
        JOIN package p ON p.packageId = b.packageId
        LEFT JOIN agent a ON b.accountType = 'Agent' AND b.accountId = a.accountId
        LEFT JOIN company c ON a.companyId = c.companyId
        LEFT JOIN client cl ON b.accountType = 'Client' AND b.accountId = cl.accountId
        LEFT JOIN company cc ON cl.companyId = cc.companyId
        LEFT JOIN payment pa ON pa.transactNo = b.transactNo AND pa.paymentStatus = 'Approved'
        LEFT JOIN request r ON r.transactNo = b.transactNo AND r.requestStatus = 'Confirmed'
        
        GROUP BY b.transactNo, f.flightDepartureDate, f.returnDepartureDate, b.status, 
                 p.packageName, b.bookingDate, b.pax, b.totalPrice, a.lName, a.fName, a.mName, br.branchName
        ORDER BY CAST(SUBSTRING_INDEX(b.transactNo, '-', -1) AS UNSIGNED)
[2025-08-12 09:59:55] Total records fetched: 98
[2025-08-12 09:59:55] WHERE clause: 
[2025-08-12 09:59:55] SQL Query: SELECT b.transactNo, DATE_FORMAT(f.flightDepartureDate, '%Y.%m.%d') AS departureDate, f.returnDepartureDate AS returnDate, 
        b.status AS bookingStatus, CONCAT(f.flightDepartureDate, ' | ', f.returnDepartureDate) AS FlightDate, 
        p.packageName AS PackageName, b.bookingDate, b.pax AS TotalPax,  
        b.totalPrice AS PackagePrice, br.branchName as branchName, COALESCE(SUM(pa.amount), 0) AS TotalAmountPaid,
        CONCAT(a.lName, ', ', a.fName, ' ', IFNULL(CONCAT(SUBSTRING(a.mName, 1, 1), '.'), '')) AS agentName,
        COALESCE(SUM(r.requestCost), 0) AS TotalRequestAmount
        FROM booking b
        JOIN branch br ON b.agentCode = br.branchAgentCode
        JOIN flight f ON f.flightId = b.flightId
        JOIN package p ON p.packageId = b.packageId
        LEFT JOIN agent a ON b.accountType = 'Agent' AND b.accountId = a.accountId
        LEFT JOIN company c ON a.companyId = c.companyId
        LEFT JOIN client cl ON b.accountType = 'Client' AND b.accountId = cl.accountId
        LEFT JOIN company cc ON cl.companyId = cc.companyId
        LEFT JOIN payment pa ON pa.transactNo = b.transactNo AND pa.paymentStatus = 'Approved'
        LEFT JOIN request r ON r.transactNo = b.transactNo AND r.requestStatus = 'Confirmed'
        
        GROUP BY b.transactNo, f.flightDepartureDate, f.returnDepartureDate, b.status, 
                 p.packageName, b.bookingDate, b.pax, b.totalPrice, a.lName, a.fName, a.mName, br.branchName
        ORDER BY CAST(SUBSTRING_INDEX(b.transactNo, '-', -1) AS UNSIGNED)
[2025-08-12 09:59:55] Total records fetched: 98
[2025-08-12 09:59:56] WHERE clause: 
[2025-08-12 09:59:56] SQL Query: SELECT b.transactNo, DATE_FORMAT(f.flightDepartureDate, '%Y.%m.%d') AS departureDate, f.returnDepartureDate AS returnDate, 
        b.status AS bookingStatus, CONCAT(f.flightDepartureDate, ' | ', f.returnDepartureDate) AS FlightDate, 
        p.packageName AS PackageName, b.bookingDate, b.pax AS TotalPax,  
        b.totalPrice AS PackagePrice, br.branchName as branchName, COALESCE(SUM(pa.amount), 0) AS TotalAmountPaid,
        CONCAT(a.lName, ', ', a.fName, ' ', IFNULL(CONCAT(SUBSTRING(a.mName, 1, 1), '.'), '')) AS agentName,
        COALESCE(SUM(r.requestCost), 0) AS TotalRequestAmount
        FROM booking b
        JOIN branch br ON b.agentCode = br.branchAgentCode
        JOIN flight f ON f.flightId = b.flightId
        JOIN package p ON p.packageId = b.packageId
        LEFT JOIN agent a ON b.accountType = 'Agent' AND b.accountId = a.accountId
        LEFT JOIN company c ON a.companyId = c.companyId
        LEFT JOIN client cl ON b.accountType = 'Client' AND b.accountId = cl.accountId
        LEFT JOIN company cc ON cl.companyId = cc.companyId
        LEFT JOIN payment pa ON pa.transactNo = b.transactNo AND pa.paymentStatus = 'Approved'
        LEFT JOIN request r ON r.transactNo = b.transactNo AND r.requestStatus = 'Confirmed'
        
        GROUP BY b.transactNo, f.flightDepartureDate, f.returnDepartureDate, b.status, 
                 p.packageName, b.bookingDate, b.pax, b.totalPrice, a.lName, a.fName, a.mName, br.branchName
        ORDER BY CAST(SUBSTRING_INDEX(b.transactNo, '-', -1) AS UNSIGNED)
[2025-08-12 09:59:56] Total records fetched: 98
[2025-08-12 09:59:56] WHERE clause: 
[2025-08-12 09:59:56] SQL Query: SELECT b.transactNo, DATE_FORMAT(f.flightDepartureDate, '%Y.%m.%d') AS departureDate, f.returnDepartureDate AS returnDate, 
        b.status AS bookingStatus, CONCAT(f.flightDepartureDate, ' | ', f.returnDepartureDate) AS FlightDate, 
        p.packageName AS PackageName, b.bookingDate, b.pax AS TotalPax,  
        b.totalPrice AS PackagePrice, br.branchName as branchName, COALESCE(SUM(pa.amount), 0) AS TotalAmountPaid,
        CONCAT(a.lName, ', ', a.fName, ' ', IFNULL(CONCAT(SUBSTRING(a.mName, 1, 1), '.'), '')) AS agentName,
        COALESCE(SUM(r.requestCost), 0) AS TotalRequestAmount
        FROM booking b
        JOIN branch br ON b.agentCode = br.branchAgentCode
        JOIN flight f ON f.flightId = b.flightId
        JOIN package p ON p.packageId = b.packageId
        LEFT JOIN agent a ON b.accountType = 'Agent' AND b.accountId = a.accountId
        LEFT JOIN company c ON a.companyId = c.companyId
        LEFT JOIN client cl ON b.accountType = 'Client' AND b.accountId = cl.accountId
        LEFT JOIN company cc ON cl.companyId = cc.companyId
        LEFT JOIN payment pa ON pa.transactNo = b.transactNo AND pa.paymentStatus = 'Approved'
        LEFT JOIN request r ON r.transactNo = b.transactNo AND r.requestStatus = 'Confirmed'
        
        GROUP BY b.transactNo, f.flightDepartureDate, f.returnDepartureDate, b.status, 
                 p.packageName, b.bookingDate, b.pax, b.totalPrice, a.lName, a.fName, a.mName, br.branchName
        ORDER BY CAST(SUBSTRING_INDEX(b.transactNo, '-', -1) AS UNSIGNED)
[2025-08-12 09:59:56] Total records fetched: 98
[2025-08-12 10:00:34] WHERE clause: 
[2025-08-12 10:00:34] SQL Query: SELECT b.transactNo, DATE_FORMAT(f.flightDepartureDate, '%Y.%m.%d') AS departureDate, f.returnDepartureDate AS returnDate, 
        b.status AS bookingStatus, CONCAT(f.flightDepartureDate, ' | ', f.returnDepartureDate) AS FlightDate, 
        p.packageName AS PackageName, b.bookingDate, b.pax AS TotalPax,  
        b.totalPrice AS PackagePrice, br.branchName as branchName, COALESCE(SUM(pa.amount), 0) AS TotalAmountPaid,
        CONCAT(a.lName, ', ', a.fName, ' ', IFNULL(CONCAT(SUBSTRING(a.mName, 1, 1), '.'), '')) AS agentName,
        COALESCE(SUM(r.requestCost), 0) AS TotalRequestAmount
        FROM booking b
        JOIN branch br ON b.agentCode = br.branchAgentCode
        JOIN flight f ON f.flightId = b.flightId
        JOIN package p ON p.packageId = b.packageId
        LEFT JOIN agent a ON b.accountType = 'Agent' AND b.accountId = a.accountId
        LEFT JOIN company c ON a.companyId = c.companyId
        LEFT JOIN client cl ON b.accountType = 'Client' AND b.accountId = cl.accountId
        LEFT JOIN company cc ON cl.companyId = cc.companyId
        LEFT JOIN payment pa ON pa.transactNo = b.transactNo AND pa.paymentStatus = 'Approved'
        LEFT JOIN request r ON r.transactNo = b.transactNo AND r.requestStatus = 'Confirmed'
        
        GROUP BY b.transactNo, f.flightDepartureDate, f.returnDepartureDate, b.status, 
                 p.packageName, b.bookingDate, b.pax, b.totalPrice, a.lName, a.fName, a.mName, br.branchName
        ORDER BY CAST(SUBSTRING_INDEX(b.transactNo, '-', -1) AS UNSIGNED)
[2025-08-12 10:00:34] Total records fetched: 98
[2025-08-12 10:00:44] WHERE clause: 
[2025-08-12 10:00:44] SQL Query: SELECT b.transactNo, DATE_FORMAT(f.flightDepartureDate, '%Y.%m.%d') AS departureDate, f.returnDepartureDate AS returnDate, 
        b.status AS bookingStatus, CONCAT(f.flightDepartureDate, ' | ', f.returnDepartureDate) AS FlightDate, 
        p.packageName AS PackageName, b.bookingDate, b.pax AS TotalPax,  
        b.totalPrice AS PackagePrice, br.branchName as branchName, COALESCE(SUM(pa.amount), 0) AS TotalAmountPaid,
        CONCAT(a.lName, ', ', a.fName, ' ', IFNULL(CONCAT(SUBSTRING(a.mName, 1, 1), '.'), '')) AS agentName,
        COALESCE(SUM(r.requestCost), 0) AS TotalRequestAmount
        FROM booking b
        JOIN branch br ON b.agentCode = br.branchAgentCode
        JOIN flight f ON f.flightId = b.flightId
        JOIN package p ON p.packageId = b.packageId
        LEFT JOIN agent a ON b.accountType = 'Agent' AND b.accountId = a.accountId
        LEFT JOIN company c ON a.companyId = c.companyId
        LEFT JOIN client cl ON b.accountType = 'Client' AND b.accountId = cl.accountId
        LEFT JOIN company cc ON cl.companyId = cc.companyId
        LEFT JOIN payment pa ON pa.transactNo = b.transactNo AND pa.paymentStatus = 'Approved'
        LEFT JOIN request r ON r.transactNo = b.transactNo AND r.requestStatus = 'Confirmed'
        
        GROUP BY b.transactNo, f.flightDepartureDate, f.returnDepartureDate, b.status, 
                 p.packageName, b.bookingDate, b.pax, b.totalPrice, a.lName, a.fName, a.mName, br.branchName
        ORDER BY CAST(SUBSTRING_INDEX(b.transactNo, '-', -1) AS UNSIGNED)
[2025-08-12 10:00:44] Total records fetched: 98
[2025-08-12 10:02:10] WHERE clause: 
[2025-08-12 10:02:10] SQL Query: SELECT b.transactNo, DATE_FORMAT(f.flightDepartureDate, '%Y.%m.%d') AS departureDate, f.returnDepartureDate AS returnDate, 
        b.status AS bookingStatus, CONCAT(f.flightDepartureDate, ' | ', f.returnDepartureDate) AS FlightDate, 
        p.packageName AS PackageName, b.bookingDate, b.pax AS TotalPax,  
        b.totalPrice AS PackagePrice, br.branchName as branchName, COALESCE(SUM(pa.amount), 0) AS TotalAmountPaid,
        CONCAT(a.lName, ', ', a.fName, ' ', IFNULL(CONCAT(SUBSTRING(a.mName, 1, 1), '.'), '')) AS agentName,
        COALESCE(SUM(r.requestCost), 0) AS TotalRequestAmount
        FROM booking b
        JOIN branch br ON b.agentCode = br.branchAgentCode
        JOIN flight f ON f.flightId = b.flightId
        JOIN package p ON p.packageId = b.packageId
        LEFT JOIN agent a ON b.accountType = 'Agent' AND b.accountId = a.accountId
        LEFT JOIN company c ON a.companyId = c.companyId
        LEFT JOIN client cl ON b.accountType = 'Client' AND b.accountId = cl.accountId
        LEFT JOIN company cc ON cl.companyId = cc.companyId
        LEFT JOIN payment pa ON pa.transactNo = b.transactNo AND pa.paymentStatus = 'Approved'
        LEFT JOIN request r ON r.transactNo = b.transactNo AND r.requestStatus = 'Confirmed'
        
        GROUP BY b.transactNo, f.flightDepartureDate, f.returnDepartureDate, b.status, 
                 p.packageName, b.bookingDate, b.pax, b.totalPrice, a.lName, a.fName, a.mName, br.branchName
        ORDER BY CAST(SUBSTRING_INDEX(b.transactNo, '-', -1) AS UNSIGNED)
[2025-08-12 10:02:10] Total records fetched: 98
[2025-08-12 10:02:15] WHERE clause: 
[2025-08-12 10:02:15] SQL Query: SELECT b.transactNo, DATE_FORMAT(f.flightDepartureDate, '%Y.%m.%d') AS departureDate, f.returnDepartureDate AS returnDate, 
        b.status AS bookingStatus, CONCAT(f.flightDepartureDate, ' | ', f.returnDepartureDate) AS FlightDate, 
        p.packageName AS PackageName, b.bookingDate, b.pax AS TotalPax,  
        b.totalPrice AS PackagePrice, br.branchName as branchName, COALESCE(SUM(pa.amount), 0) AS TotalAmountPaid,
        CONCAT(a.lName, ', ', a.fName, ' ', IFNULL(CONCAT(SUBSTRING(a.mName, 1, 1), '.'), '')) AS agentName,
        COALESCE(SUM(r.requestCost), 0) AS TotalRequestAmount
        FROM booking b
        JOIN branch br ON b.agentCode = br.branchAgentCode
        JOIN flight f ON f.flightId = b.flightId
        JOIN package p ON p.packageId = b.packageId
        LEFT JOIN agent a ON b.accountType = 'Agent' AND b.accountId = a.accountId
        LEFT JOIN company c ON a.companyId = c.companyId
        LEFT JOIN client cl ON b.accountType = 'Client' AND b.accountId = cl.accountId
        LEFT JOIN company cc ON cl.companyId = cc.companyId
        LEFT JOIN payment pa ON pa.transactNo = b.transactNo AND pa.paymentStatus = 'Approved'
        LEFT JOIN request r ON r.transactNo = b.transactNo AND r.requestStatus = 'Confirmed'
        
        GROUP BY b.transactNo, f.flightDepartureDate, f.returnDepartureDate, b.status, 
                 p.packageName, b.bookingDate, b.pax, b.totalPrice, a.lName, a.fName, a.mName, br.branchName
        ORDER BY CAST(SUBSTRING_INDEX(b.transactNo, '-', -1) AS UNSIGNED)
[2025-08-12 10:02:15] Total records fetched: 98
[2025-08-12 10:02:16] WHERE clause: 
[2025-08-12 10:02:16] SQL Query: SELECT b.transactNo, DATE_FORMAT(f.flightDepartureDate, '%Y.%m.%d') AS departureDate, f.returnDepartureDate AS returnDate, 
        b.status AS bookingStatus, CONCAT(f.flightDepartureDate, ' | ', f.returnDepartureDate) AS FlightDate, 
        p.packageName AS PackageName, b.bookingDate, b.pax AS TotalPax,  
        b.totalPrice AS PackagePrice, br.branchName as branchName, COALESCE(SUM(pa.amount), 0) AS TotalAmountPaid,
        CONCAT(a.lName, ', ', a.fName, ' ', IFNULL(CONCAT(SUBSTRING(a.mName, 1, 1), '.'), '')) AS agentName,
        COALESCE(SUM(r.requestCost), 0) AS TotalRequestAmount
        FROM booking b
        JOIN branch br ON b.agentCode = br.branchAgentCode
        JOIN flight f ON f.flightId = b.flightId
        JOIN package p ON p.packageId = b.packageId
        LEFT JOIN agent a ON b.accountType = 'Agent' AND b.accountId = a.accountId
        LEFT JOIN company c ON a.companyId = c.companyId
        LEFT JOIN client cl ON b.accountType = 'Client' AND b.accountId = cl.accountId
        LEFT JOIN company cc ON cl.companyId = cc.companyId
        LEFT JOIN payment pa ON pa.transactNo = b.transactNo AND pa.paymentStatus = 'Approved'
        LEFT JOIN request r ON r.transactNo = b.transactNo AND r.requestStatus = 'Confirmed'
        
        GROUP BY b.transactNo, f.flightDepartureDate, f.returnDepartureDate, b.status, 
                 p.packageName, b.bookingDate, b.pax, b.totalPrice, a.lName, a.fName, a.mName, br.branchName
        ORDER BY CAST(SUBSTRING_INDEX(b.transactNo, '-', -1) AS UNSIGNED)
[2025-08-12 10:02:16] Total records fetched: 98
[2025-08-12 10:02:17] WHERE clause: 
[2025-08-12 10:02:17] SQL Query: SELECT b.transactNo, DATE_FORMAT(f.flightDepartureDate, '%Y.%m.%d') AS departureDate, f.returnDepartureDate AS returnDate, 
        b.status AS bookingStatus, CONCAT(f.flightDepartureDate, ' | ', f.returnDepartureDate) AS FlightDate, 
        p.packageName AS PackageName, b.bookingDate, b.pax AS TotalPax,  
        b.totalPrice AS PackagePrice, br.branchName as branchName, COALESCE(SUM(pa.amount), 0) AS TotalAmountPaid,
        CONCAT(a.lName, ', ', a.fName, ' ', IFNULL(CONCAT(SUBSTRING(a.mName, 1, 1), '.'), '')) AS agentName,
        COALESCE(SUM(r.requestCost), 0) AS TotalRequestAmount
        FROM booking b
        JOIN branch br ON b.agentCode = br.branchAgentCode
        JOIN flight f ON f.flightId = b.flightId
        JOIN package p ON p.packageId = b.packageId
        LEFT JOIN agent a ON b.accountType = 'Agent' AND b.accountId = a.accountId
        LEFT JOIN company c ON a.companyId = c.companyId
        LEFT JOIN client cl ON b.accountType = 'Client' AND b.accountId = cl.accountId
        LEFT JOIN company cc ON cl.companyId = cc.companyId
        LEFT JOIN payment pa ON pa.transactNo = b.transactNo AND pa.paymentStatus = 'Approved'
        LEFT JOIN request r ON r.transactNo = b.transactNo AND r.requestStatus = 'Confirmed'
        
        GROUP BY b.transactNo, f.flightDepartureDate, f.returnDepartureDate, b.status, 
                 p.packageName, b.bookingDate, b.pax, b.totalPrice, a.lName, a.fName, a.mName, br.branchName
        ORDER BY CAST(SUBSTRING_INDEX(b.transactNo, '-', -1) AS UNSIGNED)
[2025-08-12 10:02:17] Total records fetched: 98
[2025-08-12 10:02:17] WHERE clause: 
[2025-08-12 10:02:17] SQL Query: SELECT b.transactNo, DATE_FORMAT(f.flightDepartureDate, '%Y.%m.%d') AS departureDate, f.returnDepartureDate AS returnDate, 
        b.status AS bookingStatus, CONCAT(f.flightDepartureDate, ' | ', f.returnDepartureDate) AS FlightDate, 
        p.packageName AS PackageName, b.bookingDate, b.pax AS TotalPax,  
        b.totalPrice AS PackagePrice, br.branchName as branchName, COALESCE(SUM(pa.amount), 0) AS TotalAmountPaid,
        CONCAT(a.lName, ', ', a.fName, ' ', IFNULL(CONCAT(SUBSTRING(a.mName, 1, 1), '.'), '')) AS agentName,
        COALESCE(SUM(r.requestCost), 0) AS TotalRequestAmount
        FROM booking b
        JOIN branch br ON b.agentCode = br.branchAgentCode
        JOIN flight f ON f.flightId = b.flightId
        JOIN package p ON p.packageId = b.packageId
        LEFT JOIN agent a ON b.accountType = 'Agent' AND b.accountId = a.accountId
        LEFT JOIN company c ON a.companyId = c.companyId
        LEFT JOIN client cl ON b.accountType = 'Client' AND b.accountId = cl.accountId
        LEFT JOIN company cc ON cl.companyId = cc.companyId
        LEFT JOIN payment pa ON pa.transactNo = b.transactNo AND pa.paymentStatus = 'Approved'
        LEFT JOIN request r ON r.transactNo = b.transactNo AND r.requestStatus = 'Confirmed'
        
        GROUP BY b.transactNo, f.flightDepartureDate, f.returnDepartureDate, b.status, 
                 p.packageName, b.bookingDate, b.pax, b.totalPrice, a.lName, a.fName, a.mName, br.branchName
        ORDER BY CAST(SUBSTRING_INDEX(b.transactNo, '-', -1) AS UNSIGNED)
[2025-08-12 10:02:17] Total records fetched: 98
[2025-08-12 10:03:19] WHERE clause: 
[2025-08-12 10:03:19] SQL Query: SELECT b.transactNo, DATE_FORMAT(f.flightDepartureDate, '%Y.%m.%d') AS departureDate, f.returnDepartureDate AS returnDate, 
        b.status AS bookingStatus, CONCAT(f.flightDepartureDate, ' | ', f.returnDepartureDate) AS FlightDate, 
        p.packageName AS PackageName, b.bookingDate, b.pax AS TotalPax,  
        b.totalPrice AS PackagePrice, br.branchName as branchName, COALESCE(SUM(pa.amount), 0) AS TotalAmountPaid,
        CONCAT(a.lName, ', ', a.fName, ' ', IFNULL(CONCAT(SUBSTRING(a.mName, 1, 1), '.'), '')) AS agentName,
        COALESCE(SUM(r.requestCost), 0) AS TotalRequestAmount
        FROM booking b
        JOIN branch br ON b.agentCode = br.branchAgentCode
        JOIN flight f ON f.flightId = b.flightId
        JOIN package p ON p.packageId = b.packageId
        LEFT JOIN agent a ON b.accountType = 'Agent' AND b.accountId = a.accountId
        LEFT JOIN company c ON a.companyId = c.companyId
        LEFT JOIN client cl ON b.accountType = 'Client' AND b.accountId = cl.accountId
        LEFT JOIN company cc ON cl.companyId = cc.companyId
        LEFT JOIN payment pa ON pa.transactNo = b.transactNo AND pa.paymentStatus = 'Approved'
        LEFT JOIN request r ON r.transactNo = b.transactNo AND r.requestStatus = 'Confirmed'
        
        GROUP BY b.transactNo, f.flightDepartureDate, f.returnDepartureDate, b.status, 
                 p.packageName, b.bookingDate, b.pax, b.totalPrice, a.lName, a.fName, a.mName, br.branchName
        ORDER BY CAST(SUBSTRING_INDEX(b.transactNo, '-', -1) AS UNSIGNED)
[2025-08-12 10:03:19] Total records fetched: 98
[2025-08-12 10:03:20] WHERE clause: 
[2025-08-12 10:03:20] SQL Query: SELECT b.transactNo, DATE_FORMAT(f.flightDepartureDate, '%Y.%m.%d') AS departureDate, f.returnDepartureDate AS returnDate, 
        b.status AS bookingStatus, CONCAT(f.flightDepartureDate, ' | ', f.returnDepartureDate) AS FlightDate, 
        p.packageName AS PackageName, b.bookingDate, b.pax AS TotalPax,  
        b.totalPrice AS PackagePrice, br.branchName as branchName, COALESCE(SUM(pa.amount), 0) AS TotalAmountPaid,
        CONCAT(a.lName, ', ', a.fName, ' ', IFNULL(CONCAT(SUBSTRING(a.mName, 1, 1), '.'), '')) AS agentName,
        COALESCE(SUM(r.requestCost), 0) AS TotalRequestAmount
        FROM booking b
        JOIN branch br ON b.agentCode = br.branchAgentCode
        JOIN flight f ON f.flightId = b.flightId
        JOIN package p ON p.packageId = b.packageId
        LEFT JOIN agent a ON b.accountType = 'Agent' AND b.accountId = a.accountId
        LEFT JOIN company c ON a.companyId = c.companyId
        LEFT JOIN client cl ON b.accountType = 'Client' AND b.accountId = cl.accountId
        LEFT JOIN company cc ON cl.companyId = cc.companyId
        LEFT JOIN payment pa ON pa.transactNo = b.transactNo AND pa.paymentStatus = 'Approved'
        LEFT JOIN request r ON r.transactNo = b.transactNo AND r.requestStatus = 'Confirmed'
        
        GROUP BY b.transactNo, f.flightDepartureDate, f.returnDepartureDate, b.status, 
                 p.packageName, b.bookingDate, b.pax, b.totalPrice, a.lName, a.fName, a.mName, br.branchName
        ORDER BY CAST(SUBSTRING_INDEX(b.transactNo, '-', -1) AS UNSIGNED)
[2025-08-12 10:03:20] Total records fetched: 98
[2025-08-12 10:03:29] WHERE clause: 
[2025-08-12 10:03:29] SQL Query: SELECT b.transactNo, DATE_FORMAT(f.flightDepartureDate, '%Y.%m.%d') AS departureDate, f.returnDepartureDate AS returnDate, 
        b.status AS bookingStatus, CONCAT(f.flightDepartureDate, ' | ', f.returnDepartureDate) AS FlightDate, 
        p.packageName AS PackageName, b.bookingDate, b.pax AS TotalPax,  
        b.totalPrice AS PackagePrice, br.branchName as branchName, COALESCE(SUM(pa.amount), 0) AS TotalAmountPaid,
        CONCAT(a.lName, ', ', a.fName, ' ', IFNULL(CONCAT(SUBSTRING(a.mName, 1, 1), '.'), '')) AS agentName,
        COALESCE(SUM(r.requestCost), 0) AS TotalRequestAmount
        FROM booking b
        JOIN branch br ON b.agentCode = br.branchAgentCode
        JOIN flight f ON f.flightId = b.flightId
        JOIN package p ON p.packageId = b.packageId
        LEFT JOIN agent a ON b.accountType = 'Agent' AND b.accountId = a.accountId
        LEFT JOIN company c ON a.companyId = c.companyId
        LEFT JOIN client cl ON b.accountType = 'Client' AND b.accountId = cl.accountId
        LEFT JOIN company cc ON cl.companyId = cc.companyId
        LEFT JOIN payment pa ON pa.transactNo = b.transactNo AND pa.paymentStatus = 'Approved'
        LEFT JOIN request r ON r.transactNo = b.transactNo AND r.requestStatus = 'Confirmed'
        
        GROUP BY b.transactNo, f.flightDepartureDate, f.returnDepartureDate, b.status, 
                 p.packageName, b.bookingDate, b.pax, b.totalPrice, a.lName, a.fName, a.mName, br.branchName
        ORDER BY CAST(SUBSTRING_INDEX(b.transactNo, '-', -1) AS UNSIGNED)
[2025-08-12 10:03:29] Total records fetched: 98
[2025-08-12 10:03:31] WHERE clause: 
[2025-08-12 10:03:31] SQL Query: SELECT b.transactNo, DATE_FORMAT(f.flightDepartureDate, '%Y.%m.%d') AS departureDate, f.returnDepartureDate AS returnDate, 
        b.status AS bookingStatus, CONCAT(f.flightDepartureDate, ' | ', f.returnDepartureDate) AS FlightDate, 
        p.packageName AS PackageName, b.bookingDate, b.pax AS TotalPax,  
        b.totalPrice AS PackagePrice, br.branchName as branchName, COALESCE(SUM(pa.amount), 0) AS TotalAmountPaid,
        CONCAT(a.lName, ', ', a.fName, ' ', IFNULL(CONCAT(SUBSTRING(a.mName, 1, 1), '.'), '')) AS agentName,
        COALESCE(SUM(r.requestCost), 0) AS TotalRequestAmount
        FROM booking b
        JOIN branch br ON b.agentCode = br.branchAgentCode
        JOIN flight f ON f.flightId = b.flightId
        JOIN package p ON p.packageId = b.packageId
        LEFT JOIN agent a ON b.accountType = 'Agent' AND b.accountId = a.accountId
        LEFT JOIN company c ON a.companyId = c.companyId
        LEFT JOIN client cl ON b.accountType = 'Client' AND b.accountId = cl.accountId
        LEFT JOIN company cc ON cl.companyId = cc.companyId
        LEFT JOIN payment pa ON pa.transactNo = b.transactNo AND pa.paymentStatus = 'Approved'
        LEFT JOIN request r ON r.transactNo = b.transactNo AND r.requestStatus = 'Confirmed'
        
        GROUP BY b.transactNo, f.flightDepartureDate, f.returnDepartureDate, b.status, 
                 p.packageName, b.bookingDate, b.pax, b.totalPrice, a.lName, a.fName, a.mName, br.branchName
        ORDER BY CAST(SUBSTRING_INDEX(b.transactNo, '-', -1) AS UNSIGNED)
[2025-08-12 10:03:31] Total records fetched: 98
[2025-08-12 10:04:01] WHERE clause: 
[2025-08-12 10:04:01] SQL Query: SELECT b.transactNo, DATE_FORMAT(f.flightDepartureDate, '%Y.%m.%d') AS departureDate, f.returnDepartureDate AS returnDate, 
        b.status AS bookingStatus, CONCAT(f.flightDepartureDate, ' | ', f.returnDepartureDate) AS FlightDate, 
        p.packageName AS PackageName, b.bookingDate, b.pax AS TotalPax,  
        b.totalPrice AS PackagePrice, br.branchName as branchName, COALESCE(SUM(pa.amount), 0) AS TotalAmountPaid,
        CONCAT(a.lName, ', ', a.fName, ' ', IFNULL(CONCAT(SUBSTRING(a.mName, 1, 1), '.'), '')) AS agentName,
        COALESCE(SUM(r.requestCost), 0) AS TotalRequestAmount
        FROM booking b
        JOIN branch br ON b.agentCode = br.branchAgentCode
        JOIN flight f ON f.flightId = b.flightId
        JOIN package p ON p.packageId = b.packageId
        LEFT JOIN agent a ON b.accountType = 'Agent' AND b.accountId = a.accountId
        LEFT JOIN company c ON a.companyId = c.companyId
        LEFT JOIN client cl ON b.accountType = 'Client' AND b.accountId = cl.accountId
        LEFT JOIN company cc ON cl.companyId = cc.companyId
        LEFT JOIN payment pa ON pa.transactNo = b.transactNo AND pa.paymentStatus = 'Approved'
        LEFT JOIN request r ON r.transactNo = b.transactNo AND r.requestStatus = 'Confirmed'
        
        GROUP BY b.transactNo, f.flightDepartureDate, f.returnDepartureDate, b.status, 
                 p.packageName, b.bookingDate, b.pax, b.totalPrice, a.lName, a.fName, a.mName, br.branchName
        ORDER BY CAST(SUBSTRING_INDEX(b.transactNo, '-', -1) AS UNSIGNED)
[2025-08-12 10:04:01] Total records fetched: 98
[2025-08-12 10:11:30] WHERE clause: 
[2025-08-12 10:11:30] SQL Query: SELECT b.transactNo, DATE_FORMAT(f.flightDepartureDate, '%Y.%m.%d') AS departureDate, f.returnDepartureDate AS returnDate, 
        b.status AS bookingStatus, CONCAT(f.flightDepartureDate, ' | ', f.returnDepartureDate) AS FlightDate, 
        p.packageName AS PackageName, b.bookingDate, b.pax AS TotalPax,  
        b.totalPrice AS PackagePrice, br.branchName as branchName, COALESCE(SUM(pa.amount), 0) AS TotalAmountPaid,
        CONCAT(a.lName, ', ', a.fName, ' ', IFNULL(CONCAT(SUBSTRING(a.mName, 1, 1), '.'), '')) AS agentName,
        COALESCE(SUM(r.requestCost), 0) AS TotalRequestAmount
        FROM booking b
        JOIN branch br ON b.agentCode = br.branchAgentCode
        JOIN flight f ON f.flightId = b.flightId
        JOIN package p ON p.packageId = b.packageId
        LEFT JOIN agent a ON b.accountType = 'Agent' AND b.accountId = a.accountId
        LEFT JOIN company c ON a.companyId = c.companyId
        LEFT JOIN client cl ON b.accountType = 'Client' AND b.accountId = cl.accountId
        LEFT JOIN company cc ON cl.companyId = cc.companyId
        LEFT JOIN payment pa ON pa.transactNo = b.transactNo AND pa.paymentStatus = 'Approved'
        LEFT JOIN request r ON r.transactNo = b.transactNo AND r.requestStatus = 'Confirmed'
        
        GROUP BY b.transactNo, f.flightDepartureDate, f.returnDepartureDate, b.status, 
                 p.packageName, b.bookingDate, b.pax, b.totalPrice, a.lName, a.fName, a.mName, br.branchName
        ORDER BY CAST(SUBSTRING_INDEX(b.transactNo, '-', -1) AS UNSIGNED)
[2025-08-12 10:11:30] Total records fetched: 98
[2025-08-12 10:11:56] WHERE clause: 
[2025-08-12 10:11:56] SQL Query: SELECT b.transactNo, DATE_FORMAT(f.flightDepartureDate, '%Y.%m.%d') AS departureDate, f.returnDepartureDate AS returnDate, 
        b.status AS bookingStatus, CONCAT(f.flightDepartureDate, ' | ', f.returnDepartureDate) AS FlightDate, 
        p.packageName AS PackageName, b.bookingDate, b.pax AS TotalPax,  
        b.totalPrice AS PackagePrice, br.branchName as branchName, COALESCE(SUM(pa.amount), 0) AS TotalAmountPaid,
        CONCAT(a.lName, ', ', a.fName, ' ', IFNULL(CONCAT(SUBSTRING(a.mName, 1, 1), '.'), '')) AS agentName,
        COALESCE(SUM(r.requestCost), 0) AS TotalRequestAmount
        FROM booking b
        JOIN branch br ON b.agentCode = br.branchAgentCode
        JOIN flight f ON f.flightId = b.flightId
        JOIN package p ON p.packageId = b.packageId
        LEFT JOIN agent a ON b.accountType = 'Agent' AND b.accountId = a.accountId
        LEFT JOIN company c ON a.companyId = c.companyId
        LEFT JOIN client cl ON b.accountType = 'Client' AND b.accountId = cl.accountId
        LEFT JOIN company cc ON cl.companyId = cc.companyId
        LEFT JOIN payment pa ON pa.transactNo = b.transactNo AND pa.paymentStatus = 'Approved'
        LEFT JOIN request r ON r.transactNo = b.transactNo AND r.requestStatus = 'Confirmed'
        
        GROUP BY b.transactNo, f.flightDepartureDate, f.returnDepartureDate, b.status, 
                 p.packageName, b.bookingDate, b.pax, b.totalPrice, a.lName, a.fName, a.mName, br.branchName
        ORDER BY CAST(SUBSTRING_INDEX(b.transactNo, '-', -1) AS UNSIGNED)
[2025-08-12 10:11:56] Total records fetched: 98
[2025-08-12 10:18:24] WHERE clause: 
[2025-08-12 10:18:24] SQL Query: SELECT b.transactNo, DATE_FORMAT(f.flightDepartureDate, '%Y.%m.%d') AS departureDate, f.returnDepartureDate AS returnDate, 
        b.status AS bookingStatus, CONCAT(f.flightDepartureDate, ' | ', f.returnDepartureDate) AS FlightDate, 
        p.packageName AS PackageName, b.bookingDate, b.pax AS TotalPax,  
        b.totalPrice AS PackagePrice, br.branchName as branchName, COALESCE(SUM(pa.amount), 0) AS TotalAmountPaid,
        CONCAT(a.lName, ', ', a.fName, ' ', IFNULL(CONCAT(SUBSTRING(a.mName, 1, 1), '.'), '')) AS agentName,
        COALESCE(SUM(r.requestCost), 0) AS TotalRequestAmount
        FROM booking b
        JOIN branch br ON b.agentCode = br.branchAgentCode
        JOIN flight f ON f.flightId = b.flightId
        JOIN package p ON p.packageId = b.packageId
        LEFT JOIN agent a ON b.accountType = 'Agent' AND b.accountId = a.accountId
        LEFT JOIN company c ON a.companyId = c.companyId
        LEFT JOIN client cl ON b.accountType = 'Client' AND b.accountId = cl.accountId
        LEFT JOIN company cc ON cl.companyId = cc.companyId
        LEFT JOIN payment pa ON pa.transactNo = b.transactNo AND pa.paymentStatus = 'Approved'
        LEFT JOIN request r ON r.transactNo = b.transactNo AND r.requestStatus = 'Confirmed'
        
        GROUP BY b.transactNo, f.flightDepartureDate, f.returnDepartureDate, b.status, 
                 p.packageName, b.bookingDate, b.pax, b.totalPrice, a.lName, a.fName, a.mName, br.branchName
        ORDER BY CAST(SUBSTRING_INDEX(b.transactNo, '-', -1) AS UNSIGNED)
[2025-08-12 10:18:24] Total records fetched: 98
[2025-08-12 10:20:50] WHERE clause: 
[2025-08-12 10:20:50] SQL Query: SELECT b.transactNo, DATE_FORMAT(f.flightDepartureDate, '%Y.%m.%d') AS departureDate, f.returnDepartureDate AS returnDate, 
        b.status AS bookingStatus, CONCAT(f.flightDepartureDate, ' | ', f.returnDepartureDate) AS FlightDate, 
        p.packageName AS PackageName, b.bookingDate, b.pax AS TotalPax,  
        b.totalPrice AS PackagePrice, br.branchName as branchName, COALESCE(SUM(pa.amount), 0) AS TotalAmountPaid,
        CONCAT(a.lName, ', ', a.fName, ' ', IFNULL(CONCAT(SUBSTRING(a.mName, 1, 1), '.'), '')) AS agentName,
        COALESCE(SUM(r.requestCost), 0) AS TotalRequestAmount
        FROM booking b
        JOIN branch br ON b.agentCode = br.branchAgentCode
        JOIN flight f ON f.flightId = b.flightId
        JOIN package p ON p.packageId = b.packageId
        LEFT JOIN agent a ON b.accountType = 'Agent' AND b.accountId = a.accountId
        LEFT JOIN company c ON a.companyId = c.companyId
        LEFT JOIN client cl ON b.accountType = 'Client' AND b.accountId = cl.accountId
        LEFT JOIN company cc ON cl.companyId = cc.companyId
        LEFT JOIN payment pa ON pa.transactNo = b.transactNo AND pa.paymentStatus = 'Approved'
        LEFT JOIN request r ON r.transactNo = b.transactNo AND r.requestStatus = 'Confirmed'
        
        GROUP BY b.transactNo, f.flightDepartureDate, f.returnDepartureDate, b.status, 
                 p.packageName, b.bookingDate, b.pax, b.totalPrice, a.lName, a.fName, a.mName, br.branchName
        ORDER BY CAST(SUBSTRING_INDEX(b.transactNo, '-', -1) AS UNSIGNED)
[2025-08-12 10:20:50] Total records fetched: 98
[2025-08-12 10:22:09] WHERE clause: 
[2025-08-12 10:22:09] SQL Query: SELECT b.transactNo, DATE_FORMAT(f.flightDepartureDate, '%Y.%m.%d') AS departureDate, f.returnDepartureDate AS returnDate, 
        b.status AS bookingStatus, CONCAT(f.flightDepartureDate, ' | ', f.returnDepartureDate) AS FlightDate, 
        p.packageName AS PackageName, b.bookingDate, b.pax AS TotalPax,  
        b.totalPrice AS PackagePrice, br.branchName as branchName, COALESCE(SUM(pa.amount), 0) AS TotalAmountPaid,
        CONCAT(a.lName, ', ', a.fName, ' ', IFNULL(CONCAT(SUBSTRING(a.mName, 1, 1), '.'), '')) AS agentName,
        COALESCE(SUM(r.requestCost), 0) AS TotalRequestAmount
        FROM booking b
        JOIN branch br ON b.agentCode = br.branchAgentCode
        JOIN flight f ON f.flightId = b.flightId
        JOIN package p ON p.packageId = b.packageId
        LEFT JOIN agent a ON b.accountType = 'Agent' AND b.accountId = a.accountId
        LEFT JOIN company c ON a.companyId = c.companyId
        LEFT JOIN client cl ON b.accountType = 'Client' AND b.accountId = cl.accountId
        LEFT JOIN company cc ON cl.companyId = cc.companyId
        LEFT JOIN payment pa ON pa.transactNo = b.transactNo AND pa.paymentStatus = 'Approved'
        LEFT JOIN request r ON r.transactNo = b.transactNo AND r.requestStatus = 'Confirmed'
        
        GROUP BY b.transactNo, f.flightDepartureDate, f.returnDepartureDate, b.status, 
                 p.packageName, b.bookingDate, b.pax, b.totalPrice, a.lName, a.fName, a.mName, br.branchName
        ORDER BY CAST(SUBSTRING_INDEX(b.transactNo, '-', -1) AS UNSIGNED)
[2025-08-12 10:22:09] Total records fetched: 98
[2025-08-12 10:22:34] WHERE clause: 
[2025-08-12 10:22:34] SQL Query: SELECT b.transactNo, DATE_FORMAT(f.flightDepartureDate, '%Y.%m.%d') AS departureDate, f.returnDepartureDate AS returnDate, 
        b.status AS bookingStatus, CONCAT(f.flightDepartureDate, ' | ', f.returnDepartureDate) AS FlightDate, 
        p.packageName AS PackageName, b.bookingDate, b.pax AS TotalPax,  
        b.totalPrice AS PackagePrice, br.branchName as branchName, COALESCE(SUM(pa.amount), 0) AS TotalAmountPaid,
        CONCAT(a.lName, ', ', a.fName, ' ', IFNULL(CONCAT(SUBSTRING(a.mName, 1, 1), '.'), '')) AS agentName,
        COALESCE(SUM(r.requestCost), 0) AS TotalRequestAmount
        FROM booking b
        JOIN branch br ON b.agentCode = br.branchAgentCode
        JOIN flight f ON f.flightId = b.flightId
        JOIN package p ON p.packageId = b.packageId
        LEFT JOIN agent a ON b.accountType = 'Agent' AND b.accountId = a.accountId
        LEFT JOIN company c ON a.companyId = c.companyId
        LEFT JOIN client cl ON b.accountType = 'Client' AND b.accountId = cl.accountId
        LEFT JOIN company cc ON cl.companyId = cc.companyId
        LEFT JOIN payment pa ON pa.transactNo = b.transactNo AND pa.paymentStatus = 'Approved'
        LEFT JOIN request r ON r.transactNo = b.transactNo AND r.requestStatus = 'Confirmed'
        
        GROUP BY b.transactNo, f.flightDepartureDate, f.returnDepartureDate, b.status, 
                 p.packageName, b.bookingDate, b.pax, b.totalPrice, a.lName, a.fName, a.mName, br.branchName
        ORDER BY CAST(SUBSTRING_INDEX(b.transactNo, '-', -1) AS UNSIGNED)
[2025-08-12 10:22:34] Total records fetched: 98
[2025-08-12 10:22:37] WHERE clause: 
[2025-08-12 10:22:37] SQL Query: SELECT b.transactNo, DATE_FORMAT(f.flightDepartureDate, '%Y.%m.%d') AS departureDate, f.returnDepartureDate AS returnDate, 
        b.status AS bookingStatus, CONCAT(f.flightDepartureDate, ' | ', f.returnDepartureDate) AS FlightDate, 
        p.packageName AS PackageName, b.bookingDate, b.pax AS TotalPax,  
        b.totalPrice AS PackagePrice, br.branchName as branchName, COALESCE(SUM(pa.amount), 0) AS TotalAmountPaid,
        CONCAT(a.lName, ', ', a.fName, ' ', IFNULL(CONCAT(SUBSTRING(a.mName, 1, 1), '.'), '')) AS agentName,
        COALESCE(SUM(r.requestCost), 0) AS TotalRequestAmount
        FROM booking b
        JOIN branch br ON b.agentCode = br.branchAgentCode
        JOIN flight f ON f.flightId = b.flightId
        JOIN package p ON p.packageId = b.packageId
        LEFT JOIN agent a ON b.accountType = 'Agent' AND b.accountId = a.accountId
        LEFT JOIN company c ON a.companyId = c.companyId
        LEFT JOIN client cl ON b.accountType = 'Client' AND b.accountId = cl.accountId
        LEFT JOIN company cc ON cl.companyId = cc.companyId
        LEFT JOIN payment pa ON pa.transactNo = b.transactNo AND pa.paymentStatus = 'Approved'
        LEFT JOIN request r ON r.transactNo = b.transactNo AND r.requestStatus = 'Confirmed'
        
        GROUP BY b.transactNo, f.flightDepartureDate, f.returnDepartureDate, b.status, 
                 p.packageName, b.bookingDate, b.pax, b.totalPrice, a.lName, a.fName, a.mName, br.branchName
        ORDER BY CAST(SUBSTRING_INDEX(b.transactNo, '-', -1) AS UNSIGNED)
[2025-08-12 10:22:37] Total records fetched: 98
[2025-08-12 10:26:45] WHERE clause: 
[2025-08-12 10:26:45] SQL Query: SELECT b.transactNo, DATE_FORMAT(f.flightDepartureDate, '%Y.%m.%d') AS departureDate, f.returnDepartureDate AS returnDate, 
        b.status AS bookingStatus, CONCAT(f.flightDepartureDate, ' | ', f.returnDepartureDate) AS FlightDate, 
        p.packageName AS PackageName, b.bookingDate, b.pax AS TotalPax,  
        b.totalPrice AS PackagePrice, br.branchName as branchName, COALESCE(SUM(pa.amount), 0) AS TotalAmountPaid,
        CONCAT(a.lName, ', ', a.fName, ' ', IFNULL(CONCAT(SUBSTRING(a.mName, 1, 1), '.'), '')) AS agentName,
        COALESCE(SUM(r.requestCost), 0) AS TotalRequestAmount
        FROM booking b
        JOIN branch br ON b.agentCode = br.branchAgentCode
        JOIN flight f ON f.flightId = b.flightId
        JOIN package p ON p.packageId = b.packageId
        LEFT JOIN agent a ON b.accountType = 'Agent' AND b.accountId = a.accountId
        LEFT JOIN company c ON a.companyId = c.companyId
        LEFT JOIN client cl ON b.accountType = 'Client' AND b.accountId = cl.accountId
        LEFT JOIN company cc ON cl.companyId = cc.companyId
        LEFT JOIN payment pa ON pa.transactNo = b.transactNo AND pa.paymentStatus = 'Approved'
        LEFT JOIN request r ON r.transactNo = b.transactNo AND r.requestStatus = 'Confirmed'
        
        GROUP BY b.transactNo, f.flightDepartureDate, f.returnDepartureDate, b.status, 
                 p.packageName, b.bookingDate, b.pax, b.totalPrice, a.lName, a.fName, a.mName, br.branchName
        ORDER BY CAST(SUBSTRING_INDEX(b.transactNo, '-', -1) AS UNSIGNED)
[2025-08-12 10:26:45] Total records fetched: 98
[2025-08-12 10:26:51] WHERE clause: 
[2025-08-12 10:26:51] SQL Query: SELECT b.transactNo, DATE_FORMAT(f.flightDepartureDate, '%Y.%m.%d') AS departureDate, f.returnDepartureDate AS returnDate, 
        b.status AS bookingStatus, CONCAT(f.flightDepartureDate, ' | ', f.returnDepartureDate) AS FlightDate, 
        p.packageName AS PackageName, b.bookingDate, b.pax AS TotalPax,  
        b.totalPrice AS PackagePrice, br.branchName as branchName, COALESCE(SUM(pa.amount), 0) AS TotalAmountPaid,
        CONCAT(a.lName, ', ', a.fName, ' ', IFNULL(CONCAT(SUBSTRING(a.mName, 1, 1), '.'), '')) AS agentName,
        COALESCE(SUM(r.requestCost), 0) AS TotalRequestAmount
        FROM booking b
        JOIN branch br ON b.agentCode = br.branchAgentCode
        JOIN flight f ON f.flightId = b.flightId
        JOIN package p ON p.packageId = b.packageId
        LEFT JOIN agent a ON b.accountType = 'Agent' AND b.accountId = a.accountId
        LEFT JOIN company c ON a.companyId = c.companyId
        LEFT JOIN client cl ON b.accountType = 'Client' AND b.accountId = cl.accountId
        LEFT JOIN company cc ON cl.companyId = cc.companyId
        LEFT JOIN payment pa ON pa.transactNo = b.transactNo AND pa.paymentStatus = 'Approved'
        LEFT JOIN request r ON r.transactNo = b.transactNo AND r.requestStatus = 'Confirmed'
        
        GROUP BY b.transactNo, f.flightDepartureDate, f.returnDepartureDate, b.status, 
                 p.packageName, b.bookingDate, b.pax, b.totalPrice, a.lName, a.fName, a.mName, br.branchName
        ORDER BY CAST(SUBSTRING_INDEX(b.transactNo, '-', -1) AS UNSIGNED)
[2025-08-12 10:26:51] Total records fetched: 98
[2025-08-12 10:27:32] WHERE clause: 
[2025-08-12 10:27:32] SQL Query: SELECT b.transactNo, DATE_FORMAT(f.flightDepartureDate, '%Y.%m.%d') AS departureDate, f.returnDepartureDate AS returnDate, 
        b.status AS bookingStatus, CONCAT(f.flightDepartureDate, ' | ', f.returnDepartureDate) AS FlightDate, 
        p.packageName AS PackageName, b.bookingDate, b.pax AS TotalPax,  
        b.totalPrice AS PackagePrice, br.branchName as branchName, COALESCE(SUM(pa.amount), 0) AS TotalAmountPaid,
        CONCAT(a.lName, ', ', a.fName, ' ', IFNULL(CONCAT(SUBSTRING(a.mName, 1, 1), '.'), '')) AS agentName,
        COALESCE(SUM(r.requestCost), 0) AS TotalRequestAmount
        FROM booking b
        JOIN branch br ON b.agentCode = br.branchAgentCode
        JOIN flight f ON f.flightId = b.flightId
        JOIN package p ON p.packageId = b.packageId
        LEFT JOIN agent a ON b.accountType = 'Agent' AND b.accountId = a.accountId
        LEFT JOIN company c ON a.companyId = c.companyId
        LEFT JOIN client cl ON b.accountType = 'Client' AND b.accountId = cl.accountId
        LEFT JOIN company cc ON cl.companyId = cc.companyId
        LEFT JOIN payment pa ON pa.transactNo = b.transactNo AND pa.paymentStatus = 'Approved'
        LEFT JOIN request r ON r.transactNo = b.transactNo AND r.requestStatus = 'Confirmed'
        
        GROUP BY b.transactNo, f.flightDepartureDate, f.returnDepartureDate, b.status, 
                 p.packageName, b.bookingDate, b.pax, b.totalPrice, a.lName, a.fName, a.mName, br.branchName
        ORDER BY CAST(SUBSTRING_INDEX(b.transactNo, '-', -1) AS UNSIGNED)
[2025-08-12 10:27:32] Total records fetched: 98
[2025-08-12 10:29:45] WHERE clause: 
[2025-08-12 10:29:45] SQL Query: SELECT b.transactNo, DATE_FORMAT(f.flightDepartureDate, '%Y.%m.%d') AS departureDate, f.returnDepartureDate AS returnDate, 
        b.status AS bookingStatus, CONCAT(f.flightDepartureDate, ' | ', f.returnDepartureDate) AS FlightDate, 
        p.packageName AS PackageName, b.bookingDate, b.pax AS TotalPax,  
        b.totalPrice AS PackagePrice, br.branchName as branchName, COALESCE(SUM(pa.amount), 0) AS TotalAmountPaid,
        CONCAT(a.lName, ', ', a.fName, ' ', IFNULL(CONCAT(SUBSTRING(a.mName, 1, 1), '.'), '')) AS agentName,
        COALESCE(SUM(r.requestCost), 0) AS TotalRequestAmount
        FROM booking b
        JOIN branch br ON b.agentCode = br.branchAgentCode
        JOIN flight f ON f.flightId = b.flightId
        JOIN package p ON p.packageId = b.packageId
        LEFT JOIN agent a ON b.accountType = 'Agent' AND b.accountId = a.accountId
        LEFT JOIN company c ON a.companyId = c.companyId
        LEFT JOIN client cl ON b.accountType = 'Client' AND b.accountId = cl.accountId
        LEFT JOIN company cc ON cl.companyId = cc.companyId
        LEFT JOIN payment pa ON pa.transactNo = b.transactNo AND pa.paymentStatus = 'Approved'
        LEFT JOIN request r ON r.transactNo = b.transactNo AND r.requestStatus = 'Confirmed'
        
        GROUP BY b.transactNo, f.flightDepartureDate, f.returnDepartureDate, b.status, 
                 p.packageName, b.bookingDate, b.pax, b.totalPrice, a.lName, a.fName, a.mName, br.branchName
        ORDER BY CAST(SUBSTRING_INDEX(b.transactNo, '-', -1) AS UNSIGNED)
[2025-08-12 10:29:45] Total records fetched: 98
[2025-08-12 10:29:52] WHERE clause: 
[2025-08-12 10:29:52] SQL Query: SELECT b.transactNo, DATE_FORMAT(f.flightDepartureDate, '%Y.%m.%d') AS departureDate, f.returnDepartureDate AS returnDate, 
        b.status AS bookingStatus, CONCAT(f.flightDepartureDate, ' | ', f.returnDepartureDate) AS FlightDate, 
        p.packageName AS PackageName, b.bookingDate, b.pax AS TotalPax,  
        b.totalPrice AS PackagePrice, br.branchName as branchName, COALESCE(SUM(pa.amount), 0) AS TotalAmountPaid,
        CONCAT(a.lName, ', ', a.fName, ' ', IFNULL(CONCAT(SUBSTRING(a.mName, 1, 1), '.'), '')) AS agentName,
        COALESCE(SUM(r.requestCost), 0) AS TotalRequestAmount
        FROM booking b
        JOIN branch br ON b.agentCode = br.branchAgentCode
        JOIN flight f ON f.flightId = b.flightId
        JOIN package p ON p.packageId = b.packageId
        LEFT JOIN agent a ON b.accountType = 'Agent' AND b.accountId = a.accountId
        LEFT JOIN company c ON a.companyId = c.companyId
        LEFT JOIN client cl ON b.accountType = 'Client' AND b.accountId = cl.accountId
        LEFT JOIN company cc ON cl.companyId = cc.companyId
        LEFT JOIN payment pa ON pa.transactNo = b.transactNo AND pa.paymentStatus = 'Approved'
        LEFT JOIN request r ON r.transactNo = b.transactNo AND r.requestStatus = 'Confirmed'
        
        GROUP BY b.transactNo, f.flightDepartureDate, f.returnDepartureDate, b.status, 
                 p.packageName, b.bookingDate, b.pax, b.totalPrice, a.lName, a.fName, a.mName, br.branchName
        ORDER BY CAST(SUBSTRING_INDEX(b.transactNo, '-', -1) AS UNSIGNED)
[2025-08-12 10:29:52] Total records fetched: 98
[2025-08-12 10:29:57] WHERE clause: 
[2025-08-12 10:29:57] SQL Query: SELECT b.transactNo, DATE_FORMAT(f.flightDepartureDate, '%Y.%m.%d') AS departureDate, f.returnDepartureDate AS returnDate, 
        b.status AS bookingStatus, CONCAT(f.flightDepartureDate, ' | ', f.returnDepartureDate) AS FlightDate, 
        p.packageName AS PackageName, b.bookingDate, b.pax AS TotalPax,  
        b.totalPrice AS PackagePrice, br.branchName as branchName, COALESCE(SUM(pa.amount), 0) AS TotalAmountPaid,
        CONCAT(a.lName, ', ', a.fName, ' ', IFNULL(CONCAT(SUBSTRING(a.mName, 1, 1), '.'), '')) AS agentName,
        COALESCE(SUM(r.requestCost), 0) AS TotalRequestAmount
        FROM booking b
        JOIN branch br ON b.agentCode = br.branchAgentCode
        JOIN flight f ON f.flightId = b.flightId
        JOIN package p ON p.packageId = b.packageId
        LEFT JOIN agent a ON b.accountType = 'Agent' AND b.accountId = a.accountId
        LEFT JOIN company c ON a.companyId = c.companyId
        LEFT JOIN client cl ON b.accountType = 'Client' AND b.accountId = cl.accountId
        LEFT JOIN company cc ON cl.companyId = cc.companyId
        LEFT JOIN payment pa ON pa.transactNo = b.transactNo AND pa.paymentStatus = 'Approved'
        LEFT JOIN request r ON r.transactNo = b.transactNo AND r.requestStatus = 'Confirmed'
        
        GROUP BY b.transactNo, f.flightDepartureDate, f.returnDepartureDate, b.status, 
                 p.packageName, b.bookingDate, b.pax, b.totalPrice, a.lName, a.fName, a.mName, br.branchName
        ORDER BY CAST(SUBSTRING_INDEX(b.transactNo, '-', -1) AS UNSIGNED)
[2025-08-12 10:29:57] Total records fetched: 98
[2025-08-12 10:30:40] WHERE clause: 
[2025-08-12 10:30:40] SQL Query: SELECT b.transactNo, DATE_FORMAT(f.flightDepartureDate, '%Y.%m.%d') AS departureDate, f.returnDepartureDate AS returnDate, 
        b.status AS bookingStatus, CONCAT(f.flightDepartureDate, ' | ', f.returnDepartureDate) AS FlightDate, 
        p.packageName AS PackageName, b.bookingDate, b.pax AS TotalPax,  
        b.totalPrice AS PackagePrice, br.branchName as branchName, COALESCE(SUM(pa.amount), 0) AS TotalAmountPaid,
        CONCAT(a.lName, ', ', a.fName, ' ', IFNULL(CONCAT(SUBSTRING(a.mName, 1, 1), '.'), '')) AS agentName,
        COALESCE(SUM(r.requestCost), 0) AS TotalRequestAmount
        FROM booking b
        JOIN branch br ON b.agentCode = br.branchAgentCode
        JOIN flight f ON f.flightId = b.flightId
        JOIN package p ON p.packageId = b.packageId
        LEFT JOIN agent a ON b.accountType = 'Agent' AND b.accountId = a.accountId
        LEFT JOIN company c ON a.companyId = c.companyId
        LEFT JOIN client cl ON b.accountType = 'Client' AND b.accountId = cl.accountId
        LEFT JOIN company cc ON cl.companyId = cc.companyId
        LEFT JOIN payment pa ON pa.transactNo = b.transactNo AND pa.paymentStatus = 'Approved'
        LEFT JOIN request r ON r.transactNo = b.transactNo AND r.requestStatus = 'Confirmed'
        
        GROUP BY b.transactNo, f.flightDepartureDate, f.returnDepartureDate, b.status, 
                 p.packageName, b.bookingDate, b.pax, b.totalPrice, a.lName, a.fName, a.mName, br.branchName
        ORDER BY CAST(SUBSTRING_INDEX(b.transactNo, '-', -1) AS UNSIGNED)
[2025-08-12 10:30:40] Total records fetched: 98
[2025-08-12 10:33:32] WHERE clause: 
[2025-08-12 10:33:32] SQL Query: SELECT b.transactNo, DATE_FORMAT(f.flightDepartureDate, '%Y.%m.%d') AS departureDate, f.returnDepartureDate AS returnDate, 
        b.status AS bookingStatus, CONCAT(f.flightDepartureDate, ' | ', f.returnDepartureDate) AS FlightDate, 
        p.packageName AS PackageName, b.bookingDate, b.pax AS TotalPax,  
        b.totalPrice AS PackagePrice, br.branchName as branchName, COALESCE(SUM(pa.amount), 0) AS TotalAmountPaid,
        CONCAT(a.lName, ', ', a.fName, ' ', IFNULL(CONCAT(SUBSTRING(a.mName, 1, 1), '.'), '')) AS agentName,
        COALESCE(SUM(r.requestCost), 0) AS TotalRequestAmount
        FROM booking b
        JOIN branch br ON b.agentCode = br.branchAgentCode
        JOIN flight f ON f.flightId = b.flightId
        JOIN package p ON p.packageId = b.packageId
        LEFT JOIN agent a ON b.accountType = 'Agent' AND b.accountId = a.accountId
        LEFT JOIN company c ON a.companyId = c.companyId
        LEFT JOIN client cl ON b.accountType = 'Client' AND b.accountId = cl.accountId
        LEFT JOIN company cc ON cl.companyId = cc.companyId
        LEFT JOIN payment pa ON pa.transactNo = b.transactNo AND pa.paymentStatus = 'Approved'
        LEFT JOIN request r ON r.transactNo = b.transactNo AND r.requestStatus = 'Confirmed'
        
        GROUP BY b.transactNo, f.flightDepartureDate, f.returnDepartureDate, b.status, 
                 p.packageName, b.bookingDate, b.pax, b.totalPrice, a.lName, a.fName, a.mName, br.branchName
        ORDER BY CAST(SUBSTRING_INDEX(b.transactNo, '-', -1) AS UNSIGNED)
[2025-08-12 10:33:32] Total records fetched: 98
[2025-08-12 10:34:37] WHERE clause: 
[2025-08-12 10:34:37] SQL Query: SELECT b.transactNo, DATE_FORMAT(f.flightDepartureDate, '%Y.%m.%d') AS departureDate, f.returnDepartureDate AS returnDate, 
        b.status AS bookingStatus, CONCAT(f.flightDepartureDate, ' | ', f.returnDepartureDate) AS FlightDate, 
        p.packageName AS PackageName, b.bookingDate, b.pax AS TotalPax,  
        b.totalPrice AS PackagePrice, br.branchName as branchName, COALESCE(SUM(pa.amount), 0) AS TotalAmountPaid,
        CONCAT(a.lName, ', ', a.fName, ' ', IFNULL(CONCAT(SUBSTRING(a.mName, 1, 1), '.'), '')) AS agentName,
        COALESCE(SUM(r.requestCost), 0) AS TotalRequestAmount
        FROM booking b
        JOIN branch br ON b.agentCode = br.branchAgentCode
        JOIN flight f ON f.flightId = b.flightId
        JOIN package p ON p.packageId = b.packageId
        LEFT JOIN agent a ON b.accountType = 'Agent' AND b.accountId = a.accountId
        LEFT JOIN company c ON a.companyId = c.companyId
        LEFT JOIN client cl ON b.accountType = 'Client' AND b.accountId = cl.accountId
        LEFT JOIN company cc ON cl.companyId = cc.companyId
        LEFT JOIN payment pa ON pa.transactNo = b.transactNo AND pa.paymentStatus = 'Approved'
        LEFT JOIN request r ON r.transactNo = b.transactNo AND r.requestStatus = 'Confirmed'
        
        GROUP BY b.transactNo, f.flightDepartureDate, f.returnDepartureDate, b.status, 
                 p.packageName, b.bookingDate, b.pax, b.totalPrice, a.lName, a.fName, a.mName, br.branchName
        ORDER BY CAST(SUBSTRING_INDEX(b.transactNo, '-', -1) AS UNSIGNED)
[2025-08-12 10:34:37] Total records fetched: 98
[2025-08-12 10:35:02] WHERE clause: 
[2025-08-12 10:35:02] SQL Query: SELECT b.transactNo, DATE_FORMAT(f.flightDepartureDate, '%Y.%m.%d') AS departureDate, f.returnDepartureDate AS returnDate, 
        b.status AS bookingStatus, CONCAT(f.flightDepartureDate, ' | ', f.returnDepartureDate) AS FlightDate, 
        p.packageName AS PackageName, b.bookingDate, b.pax AS TotalPax,  
        b.totalPrice AS PackagePrice, br.branchName as branchName, COALESCE(SUM(pa.amount), 0) AS TotalAmountPaid,
        CONCAT(a.lName, ', ', a.fName, ' ', IFNULL(CONCAT(SUBSTRING(a.mName, 1, 1), '.'), '')) AS agentName,
        COALESCE(SUM(r.requestCost), 0) AS TotalRequestAmount
        FROM booking b
        JOIN branch br ON b.agentCode = br.branchAgentCode
        JOIN flight f ON f.flightId = b.flightId
        JOIN package p ON p.packageId = b.packageId
        LEFT JOIN agent a ON b.accountType = 'Agent' AND b.accountId = a.accountId
        LEFT JOIN company c ON a.companyId = c.companyId
        LEFT JOIN client cl ON b.accountType = 'Client' AND b.accountId = cl.accountId
        LEFT JOIN company cc ON cl.companyId = cc.companyId
        LEFT JOIN payment pa ON pa.transactNo = b.transactNo AND pa.paymentStatus = 'Approved'
        LEFT JOIN request r ON r.transactNo = b.transactNo AND r.requestStatus = 'Confirmed'
        
        GROUP BY b.transactNo, f.flightDepartureDate, f.returnDepartureDate, b.status, 
                 p.packageName, b.bookingDate, b.pax, b.totalPrice, a.lName, a.fName, a.mName, br.branchName
        ORDER BY CAST(SUBSTRING_INDEX(b.transactNo, '-', -1) AS UNSIGNED)
[2025-08-12 10:35:02] Total records fetched: 98
[2025-08-12 10:35:03] WHERE clause: 
[2025-08-12 10:35:03] SQL Query: SELECT b.transactNo, DATE_FORMAT(f.flightDepartureDate, '%Y.%m.%d') AS departureDate, f.returnDepartureDate AS returnDate, 
        b.status AS bookingStatus, CONCAT(f.flightDepartureDate, ' | ', f.returnDepartureDate) AS FlightDate, 
        p.packageName AS PackageName, b.bookingDate, b.pax AS TotalPax,  
        b.totalPrice AS PackagePrice, br.branchName as branchName, COALESCE(SUM(pa.amount), 0) AS TotalAmountPaid,
        CONCAT(a.lName, ', ', a.fName, ' ', IFNULL(CONCAT(SUBSTRING(a.mName, 1, 1), '.'), '')) AS agentName,
        COALESCE(SUM(r.requestCost), 0) AS TotalRequestAmount
        FROM booking b
        JOIN branch br ON b.agentCode = br.branchAgentCode
        JOIN flight f ON f.flightId = b.flightId
        JOIN package p ON p.packageId = b.packageId
        LEFT JOIN agent a ON b.accountType = 'Agent' AND b.accountId = a.accountId
        LEFT JOIN company c ON a.companyId = c.companyId
        LEFT JOIN client cl ON b.accountType = 'Client' AND b.accountId = cl.accountId
        LEFT JOIN company cc ON cl.companyId = cc.companyId
        LEFT JOIN payment pa ON pa.transactNo = b.transactNo AND pa.paymentStatus = 'Approved'
        LEFT JOIN request r ON r.transactNo = b.transactNo AND r.requestStatus = 'Confirmed'
        
        GROUP BY b.transactNo, f.flightDepartureDate, f.returnDepartureDate, b.status, 
                 p.packageName, b.bookingDate, b.pax, b.totalPrice, a.lName, a.fName, a.mName, br.branchName
        ORDER BY CAST(SUBSTRING_INDEX(b.transactNo, '-', -1) AS UNSIGNED)
[2025-08-12 10:35:03] Total records fetched: 98
[2025-08-12 10:35:04] WHERE clause: 
[2025-08-12 10:35:04] SQL Query: SELECT b.transactNo, DATE_FORMAT(f.flightDepartureDate, '%Y.%m.%d') AS departureDate, f.returnDepartureDate AS returnDate, 
        b.status AS bookingStatus, CONCAT(f.flightDepartureDate, ' | ', f.returnDepartureDate) AS FlightDate, 
        p.packageName AS PackageName, b.bookingDate, b.pax AS TotalPax,  
        b.totalPrice AS PackagePrice, br.branchName as branchName, COALESCE(SUM(pa.amount), 0) AS TotalAmountPaid,
        CONCAT(a.lName, ', ', a.fName, ' ', IFNULL(CONCAT(SUBSTRING(a.mName, 1, 1), '.'), '')) AS agentName,
        COALESCE(SUM(r.requestCost), 0) AS TotalRequestAmount
        FROM booking b
        JOIN branch br ON b.agentCode = br.branchAgentCode
        JOIN flight f ON f.flightId = b.flightId
        JOIN package p ON p.packageId = b.packageId
        LEFT JOIN agent a ON b.accountType = 'Agent' AND b.accountId = a.accountId
        LEFT JOIN company c ON a.companyId = c.companyId
        LEFT JOIN client cl ON b.accountType = 'Client' AND b.accountId = cl.accountId
        LEFT JOIN company cc ON cl.companyId = cc.companyId
        LEFT JOIN payment pa ON pa.transactNo = b.transactNo AND pa.paymentStatus = 'Approved'
        LEFT JOIN request r ON r.transactNo = b.transactNo AND r.requestStatus = 'Confirmed'
        
        GROUP BY b.transactNo, f.flightDepartureDate, f.returnDepartureDate, b.status, 
                 p.packageName, b.bookingDate, b.pax, b.totalPrice, a.lName, a.fName, a.mName, br.branchName
        ORDER BY CAST(SUBSTRING_INDEX(b.transactNo, '-', -1) AS UNSIGNED)
[2025-08-12 10:35:04] Total records fetched: 98
[2025-08-12 10:36:25] WHERE clause: 
[2025-08-12 10:36:25] SQL Query: SELECT b.transactNo, DATE_FORMAT(f.flightDepartureDate, '%Y.%m.%d') AS departureDate, f.returnDepartureDate AS returnDate, 
        b.status AS bookingStatus, CONCAT(f.flightDepartureDate, ' | ', f.returnDepartureDate) AS FlightDate, 
        p.packageName AS PackageName, b.bookingDate, b.pax AS TotalPax,  
        b.totalPrice AS PackagePrice, br.branchName as branchName, COALESCE(SUM(pa.amount), 0) AS TotalAmountPaid,
        CONCAT(a.lName, ', ', a.fName, ' ', IFNULL(CONCAT(SUBSTRING(a.mName, 1, 1), '.'), '')) AS agentName,
        COALESCE(SUM(r.requestCost), 0) AS TotalRequestAmount
        FROM booking b
        JOIN branch br ON b.agentCode = br.branchAgentCode
        JOIN flight f ON f.flightId = b.flightId
        JOIN package p ON p.packageId = b.packageId
        LEFT JOIN agent a ON b.accountType = 'Agent' AND b.accountId = a.accountId
        LEFT JOIN company c ON a.companyId = c.companyId
        LEFT JOIN client cl ON b.accountType = 'Client' AND b.accountId = cl.accountId
        LEFT JOIN company cc ON cl.companyId = cc.companyId
        LEFT JOIN payment pa ON pa.transactNo = b.transactNo AND pa.paymentStatus = 'Approved'
        LEFT JOIN request r ON r.transactNo = b.transactNo AND r.requestStatus = 'Confirmed'
        
        GROUP BY b.transactNo, f.flightDepartureDate, f.returnDepartureDate, b.status, 
                 p.packageName, b.bookingDate, b.pax, b.totalPrice, a.lName, a.fName, a.mName, br.branchName
        ORDER BY CAST(SUBSTRING_INDEX(b.transactNo, '-', -1) AS UNSIGNED)
[2025-08-12 10:36:25] Total records fetched: 98
[2025-08-12 10:36:35] WHERE clause: 
[2025-08-12 10:36:35] SQL Query: SELECT b.transactNo, DATE_FORMAT(f.flightDepartureDate, '%Y.%m.%d') AS departureDate, f.returnDepartureDate AS returnDate, 
        b.status AS bookingStatus, CONCAT(f.flightDepartureDate, ' | ', f.returnDepartureDate) AS FlightDate, 
        p.packageName AS PackageName, b.bookingDate, b.pax AS TotalPax,  
        b.totalPrice AS PackagePrice, br.branchName as branchName, COALESCE(SUM(pa.amount), 0) AS TotalAmountPaid,
        CONCAT(a.lName, ', ', a.fName, ' ', IFNULL(CONCAT(SUBSTRING(a.mName, 1, 1), '.'), '')) AS agentName,
        COALESCE(SUM(r.requestCost), 0) AS TotalRequestAmount
        FROM booking b
        JOIN branch br ON b.agentCode = br.branchAgentCode
        JOIN flight f ON f.flightId = b.flightId
        JOIN package p ON p.packageId = b.packageId
        LEFT JOIN agent a ON b.accountType = 'Agent' AND b.accountId = a.accountId
        LEFT JOIN company c ON a.companyId = c.companyId
        LEFT JOIN client cl ON b.accountType = 'Client' AND b.accountId = cl.accountId
        LEFT JOIN company cc ON cl.companyId = cc.companyId
        LEFT JOIN payment pa ON pa.transactNo = b.transactNo AND pa.paymentStatus = 'Approved'
        LEFT JOIN request r ON r.transactNo = b.transactNo AND r.requestStatus = 'Confirmed'
        
        GROUP BY b.transactNo, f.flightDepartureDate, f.returnDepartureDate, b.status, 
                 p.packageName, b.bookingDate, b.pax, b.totalPrice, a.lName, a.fName, a.mName, br.branchName
        ORDER BY CAST(SUBSTRING_INDEX(b.transactNo, '-', -1) AS UNSIGNED)
[2025-08-12 10:36:35] Total records fetched: 98
[2025-08-12 10:36:42] WHERE clause: 
[2025-08-12 10:36:42] SQL Query: SELECT b.transactNo, DATE_FORMAT(f.flightDepartureDate, '%Y.%m.%d') AS departureDate, f.returnDepartureDate AS returnDate, 
        b.status AS bookingStatus, CONCAT(f.flightDepartureDate, ' | ', f.returnDepartureDate) AS FlightDate, 
        p.packageName AS PackageName, b.bookingDate, b.pax AS TotalPax,  
        b.totalPrice AS PackagePrice, br.branchName as branchName, COALESCE(SUM(pa.amount), 0) AS TotalAmountPaid,
        CONCAT(a.lName, ', ', a.fName, ' ', IFNULL(CONCAT(SUBSTRING(a.mName, 1, 1), '.'), '')) AS agentName,
        COALESCE(SUM(r.requestCost), 0) AS TotalRequestAmount
        FROM booking b
        JOIN branch br ON b.agentCode = br.branchAgentCode
        JOIN flight f ON f.flightId = b.flightId
        JOIN package p ON p.packageId = b.packageId
        LEFT JOIN agent a ON b.accountType = 'Agent' AND b.accountId = a.accountId
        LEFT JOIN company c ON a.companyId = c.companyId
        LEFT JOIN client cl ON b.accountType = 'Client' AND b.accountId = cl.accountId
        LEFT JOIN company cc ON cl.companyId = cc.companyId
        LEFT JOIN payment pa ON pa.transactNo = b.transactNo AND pa.paymentStatus = 'Approved'
        LEFT JOIN request r ON r.transactNo = b.transactNo AND r.requestStatus = 'Confirmed'
        
        GROUP BY b.transactNo, f.flightDepartureDate, f.returnDepartureDate, b.status, 
                 p.packageName, b.bookingDate, b.pax, b.totalPrice, a.lName, a.fName, a.mName, br.branchName
        ORDER BY CAST(SUBSTRING_INDEX(b.transactNo, '-', -1) AS UNSIGNED)
[2025-08-12 10:36:42] Total records fetched: 98
[2025-08-12 10:36:45] WHERE clause: 
[2025-08-12 10:36:45] SQL Query: SELECT b.transactNo, DATE_FORMAT(f.flightDepartureDate, '%Y.%m.%d') AS departureDate, f.returnDepartureDate AS returnDate, 
        b.status AS bookingStatus, CONCAT(f.flightDepartureDate, ' | ', f.returnDepartureDate) AS FlightDate, 
        p.packageName AS PackageName, b.bookingDate, b.pax AS TotalPax,  
        b.totalPrice AS PackagePrice, br.branchName as branchName, COALESCE(SUM(pa.amount), 0) AS TotalAmountPaid,
        CONCAT(a.lName, ', ', a.fName, ' ', IFNULL(CONCAT(SUBSTRING(a.mName, 1, 1), '.'), '')) AS agentName,
        COALESCE(SUM(r.requestCost), 0) AS TotalRequestAmount
        FROM booking b
        JOIN branch br ON b.agentCode = br.branchAgentCode
        JOIN flight f ON f.flightId = b.flightId
        JOIN package p ON p.packageId = b.packageId
        LEFT JOIN agent a ON b.accountType = 'Agent' AND b.accountId = a.accountId
        LEFT JOIN company c ON a.companyId = c.companyId
        LEFT JOIN client cl ON b.accountType = 'Client' AND b.accountId = cl.accountId
        LEFT JOIN company cc ON cl.companyId = cc.companyId
        LEFT JOIN payment pa ON pa.transactNo = b.transactNo AND pa.paymentStatus = 'Approved'
        LEFT JOIN request r ON r.transactNo = b.transactNo AND r.requestStatus = 'Confirmed'
        
        GROUP BY b.transactNo, f.flightDepartureDate, f.returnDepartureDate, b.status, 
                 p.packageName, b.bookingDate, b.pax, b.totalPrice, a.lName, a.fName, a.mName, br.branchName
        ORDER BY CAST(SUBSTRING_INDEX(b.transactNo, '-', -1) AS UNSIGNED)
[2025-08-12 10:36:45] Total records fetched: 98
[2025-08-12 10:36:47] WHERE clause: 
[2025-08-12 10:36:47] SQL Query: SELECT b.transactNo, DATE_FORMAT(f.flightDepartureDate, '%Y.%m.%d') AS departureDate, f.returnDepartureDate AS returnDate, 
        b.status AS bookingStatus, CONCAT(f.flightDepartureDate, ' | ', f.returnDepartureDate) AS FlightDate, 
        p.packageName AS PackageName, b.bookingDate, b.pax AS TotalPax,  
        b.totalPrice AS PackagePrice, br.branchName as branchName, COALESCE(SUM(pa.amount), 0) AS TotalAmountPaid,
        CONCAT(a.lName, ', ', a.fName, ' ', IFNULL(CONCAT(SUBSTRING(a.mName, 1, 1), '.'), '')) AS agentName,
        COALESCE(SUM(r.requestCost), 0) AS TotalRequestAmount
        FROM booking b
        JOIN branch br ON b.agentCode = br.branchAgentCode
        JOIN flight f ON f.flightId = b.flightId
        JOIN package p ON p.packageId = b.packageId
        LEFT JOIN agent a ON b.accountType = 'Agent' AND b.accountId = a.accountId
        LEFT JOIN company c ON a.companyId = c.companyId
        LEFT JOIN client cl ON b.accountType = 'Client' AND b.accountId = cl.accountId
        LEFT JOIN company cc ON cl.companyId = cc.companyId
        LEFT JOIN payment pa ON pa.transactNo = b.transactNo AND pa.paymentStatus = 'Approved'
        LEFT JOIN request r ON r.transactNo = b.transactNo AND r.requestStatus = 'Confirmed'
        
        GROUP BY b.transactNo, f.flightDepartureDate, f.returnDepartureDate, b.status, 
                 p.packageName, b.bookingDate, b.pax, b.totalPrice, a.lName, a.fName, a.mName, br.branchName
        ORDER BY CAST(SUBSTRING_INDEX(b.transactNo, '-', -1) AS UNSIGNED)
[2025-08-12 10:36:47] Total records fetched: 98
[2025-08-12 10:36:49] WHERE clause: 
[2025-08-12 10:36:49] SQL Query: SELECT b.transactNo, DATE_FORMAT(f.flightDepartureDate, '%Y.%m.%d') AS departureDate, f.returnDepartureDate AS returnDate, 
        b.status AS bookingStatus, CONCAT(f.flightDepartureDate, ' | ', f.returnDepartureDate) AS FlightDate, 
        p.packageName AS PackageName, b.bookingDate, b.pax AS TotalPax,  
        b.totalPrice AS PackagePrice, br.branchName as branchName, COALESCE(SUM(pa.amount), 0) AS TotalAmountPaid,
        CONCAT(a.lName, ', ', a.fName, ' ', IFNULL(CONCAT(SUBSTRING(a.mName, 1, 1), '.'), '')) AS agentName,
        COALESCE(SUM(r.requestCost), 0) AS TotalRequestAmount
        FROM booking b
        JOIN branch br ON b.agentCode = br.branchAgentCode
        JOIN flight f ON f.flightId = b.flightId
        JOIN package p ON p.packageId = b.packageId
        LEFT JOIN agent a ON b.accountType = 'Agent' AND b.accountId = a.accountId
        LEFT JOIN company c ON a.companyId = c.companyId
        LEFT JOIN client cl ON b.accountType = 'Client' AND b.accountId = cl.accountId
        LEFT JOIN company cc ON cl.companyId = cc.companyId
        LEFT JOIN payment pa ON pa.transactNo = b.transactNo AND pa.paymentStatus = 'Approved'
        LEFT JOIN request r ON r.transactNo = b.transactNo AND r.requestStatus = 'Confirmed'
        
        GROUP BY b.transactNo, f.flightDepartureDate, f.returnDepartureDate, b.status, 
                 p.packageName, b.bookingDate, b.pax, b.totalPrice, a.lName, a.fName, a.mName, br.branchName
        ORDER BY CAST(SUBSTRING_INDEX(b.transactNo, '-', -1) AS UNSIGNED)
[2025-08-12 10:36:49] Total records fetched: 98
[2025-08-12 10:36:51] WHERE clause: 
[2025-08-12 10:36:51] SQL Query: SELECT b.transactNo, DATE_FORMAT(f.flightDepartureDate, '%Y.%m.%d') AS departureDate, f.returnDepartureDate AS returnDate, 
        b.status AS bookingStatus, CONCAT(f.flightDepartureDate, ' | ', f.returnDepartureDate) AS FlightDate, 
        p.packageName AS PackageName, b.bookingDate, b.pax AS TotalPax,  
        b.totalPrice AS PackagePrice, br.branchName as branchName, COALESCE(SUM(pa.amount), 0) AS TotalAmountPaid,
        CONCAT(a.lName, ', ', a.fName, ' ', IFNULL(CONCAT(SUBSTRING(a.mName, 1, 1), '.'), '')) AS agentName,
        COALESCE(SUM(r.requestCost), 0) AS TotalRequestAmount
        FROM booking b
        JOIN branch br ON b.agentCode = br.branchAgentCode
        JOIN flight f ON f.flightId = b.flightId
        JOIN package p ON p.packageId = b.packageId
        LEFT JOIN agent a ON b.accountType = 'Agent' AND b.accountId = a.accountId
        LEFT JOIN company c ON a.companyId = c.companyId
        LEFT JOIN client cl ON b.accountType = 'Client' AND b.accountId = cl.accountId
        LEFT JOIN company cc ON cl.companyId = cc.companyId
        LEFT JOIN payment pa ON pa.transactNo = b.transactNo AND pa.paymentStatus = 'Approved'
        LEFT JOIN request r ON r.transactNo = b.transactNo AND r.requestStatus = 'Confirmed'
        
        GROUP BY b.transactNo, f.flightDepartureDate, f.returnDepartureDate, b.status, 
                 p.packageName, b.bookingDate, b.pax, b.totalPrice, a.lName, a.fName, a.mName, br.branchName
        ORDER BY CAST(SUBSTRING_INDEX(b.transactNo, '-', -1) AS UNSIGNED)
[2025-08-12 10:36:51] Total records fetched: 98
[2025-08-12 10:37:14] WHERE clause: 
[2025-08-12 10:37:14] SQL Query: SELECT b.transactNo, DATE_FORMAT(f.flightDepartureDate, '%Y.%m.%d') AS departureDate, f.returnDepartureDate AS returnDate, 
        b.status AS bookingStatus, CONCAT(f.flightDepartureDate, ' | ', f.returnDepartureDate) AS FlightDate, 
        p.packageName AS PackageName, b.bookingDate, b.pax AS TotalPax,  
        b.totalPrice AS PackagePrice, br.branchName as branchName, COALESCE(SUM(pa.amount), 0) AS TotalAmountPaid,
        CONCAT(a.lName, ', ', a.fName, ' ', IFNULL(CONCAT(SUBSTRING(a.mName, 1, 1), '.'), '')) AS agentName,
        COALESCE(SUM(r.requestCost), 0) AS TotalRequestAmount
        FROM booking b
        JOIN branch br ON b.agentCode = br.branchAgentCode
        JOIN flight f ON f.flightId = b.flightId
        JOIN package p ON p.packageId = b.packageId
        LEFT JOIN agent a ON b.accountType = 'Agent' AND b.accountId = a.accountId
        LEFT JOIN company c ON a.companyId = c.companyId
        LEFT JOIN client cl ON b.accountType = 'Client' AND b.accountId = cl.accountId
        LEFT JOIN company cc ON cl.companyId = cc.companyId
        LEFT JOIN payment pa ON pa.transactNo = b.transactNo AND pa.paymentStatus = 'Approved'
        LEFT JOIN request r ON r.transactNo = b.transactNo AND r.requestStatus = 'Confirmed'
        
        GROUP BY b.transactNo, f.flightDepartureDate, f.returnDepartureDate, b.status, 
                 p.packageName, b.bookingDate, b.pax, b.totalPrice, a.lName, a.fName, a.mName, br.branchName
        ORDER BY CAST(SUBSTRING_INDEX(b.transactNo, '-', -1) AS UNSIGNED)
[2025-08-12 10:37:14] Total records fetched: 98
[2025-08-12 10:37:15] WHERE clause: 
[2025-08-12 10:37:15] SQL Query: SELECT b.transactNo, DATE_FORMAT(f.flightDepartureDate, '%Y.%m.%d') AS departureDate, f.returnDepartureDate AS returnDate, 
        b.status AS bookingStatus, CONCAT(f.flightDepartureDate, ' | ', f.returnDepartureDate) AS FlightDate, 
        p.packageName AS PackageName, b.bookingDate, b.pax AS TotalPax,  
        b.totalPrice AS PackagePrice, br.branchName as branchName, COALESCE(SUM(pa.amount), 0) AS TotalAmountPaid,
        CONCAT(a.lName, ', ', a.fName, ' ', IFNULL(CONCAT(SUBSTRING(a.mName, 1, 1), '.'), '')) AS agentName,
        COALESCE(SUM(r.requestCost), 0) AS TotalRequestAmount
        FROM booking b
        JOIN branch br ON b.agentCode = br.branchAgentCode
        JOIN flight f ON f.flightId = b.flightId
        JOIN package p ON p.packageId = b.packageId
        LEFT JOIN agent a ON b.accountType = 'Agent' AND b.accountId = a.accountId
        LEFT JOIN company c ON a.companyId = c.companyId
        LEFT JOIN client cl ON b.accountType = 'Client' AND b.accountId = cl.accountId
        LEFT JOIN company cc ON cl.companyId = cc.companyId
        LEFT JOIN payment pa ON pa.transactNo = b.transactNo AND pa.paymentStatus = 'Approved'
        LEFT JOIN request r ON r.transactNo = b.transactNo AND r.requestStatus = 'Confirmed'
        
        GROUP BY b.transactNo, f.flightDepartureDate, f.returnDepartureDate, b.status, 
                 p.packageName, b.bookingDate, b.pax, b.totalPrice, a.lName, a.fName, a.mName, br.branchName
        ORDER BY CAST(SUBSTRING_INDEX(b.transactNo, '-', -1) AS UNSIGNED)
[2025-08-12 10:37:15] Total records fetched: 98
[2025-08-12 10:37:16] WHERE clause: 
[2025-08-12 10:37:16] SQL Query: SELECT b.transactNo, DATE_FORMAT(f.flightDepartureDate, '%Y.%m.%d') AS departureDate, f.returnDepartureDate AS returnDate, 
        b.status AS bookingStatus, CONCAT(f.flightDepartureDate, ' | ', f.returnDepartureDate) AS FlightDate, 
        p.packageName AS PackageName, b.bookingDate, b.pax AS TotalPax,  
        b.totalPrice AS PackagePrice, br.branchName as branchName, COALESCE(SUM(pa.amount), 0) AS TotalAmountPaid,
        CONCAT(a.lName, ', ', a.fName, ' ', IFNULL(CONCAT(SUBSTRING(a.mName, 1, 1), '.'), '')) AS agentName,
        COALESCE(SUM(r.requestCost), 0) AS TotalRequestAmount
        FROM booking b
        JOIN branch br ON b.agentCode = br.branchAgentCode
        JOIN flight f ON f.flightId = b.flightId
        JOIN package p ON p.packageId = b.packageId
        LEFT JOIN agent a ON b.accountType = 'Agent' AND b.accountId = a.accountId
        LEFT JOIN company c ON a.companyId = c.companyId
        LEFT JOIN client cl ON b.accountType = 'Client' AND b.accountId = cl.accountId
        LEFT JOIN company cc ON cl.companyId = cc.companyId
        LEFT JOIN payment pa ON pa.transactNo = b.transactNo AND pa.paymentStatus = 'Approved'
        LEFT JOIN request r ON r.transactNo = b.transactNo AND r.requestStatus = 'Confirmed'
        
        GROUP BY b.transactNo, f.flightDepartureDate, f.returnDepartureDate, b.status, 
                 p.packageName, b.bookingDate, b.pax, b.totalPrice, a.lName, a.fName, a.mName, br.branchName
        ORDER BY CAST(SUBSTRING_INDEX(b.transactNo, '-', -1) AS UNSIGNED)
[2025-08-12 10:37:16] Total records fetched: 98
[2025-08-12 10:37:17] WHERE clause: 
[2025-08-12 10:37:17] SQL Query: SELECT b.transactNo, DATE_FORMAT(f.flightDepartureDate, '%Y.%m.%d') AS departureDate, f.returnDepartureDate AS returnDate, 
        b.status AS bookingStatus, CONCAT(f.flightDepartureDate, ' | ', f.returnDepartureDate) AS FlightDate, 
        p.packageName AS PackageName, b.bookingDate, b.pax AS TotalPax,  
        b.totalPrice AS PackagePrice, br.branchName as branchName, COALESCE(SUM(pa.amount), 0) AS TotalAmountPaid,
        CONCAT(a.lName, ', ', a.fName, ' ', IFNULL(CONCAT(SUBSTRING(a.mName, 1, 1), '.'), '')) AS agentName,
        COALESCE(SUM(r.requestCost), 0) AS TotalRequestAmount
        FROM booking b
        JOIN branch br ON b.agentCode = br.branchAgentCode
        JOIN flight f ON f.flightId = b.flightId
        JOIN package p ON p.packageId = b.packageId
        LEFT JOIN agent a ON b.accountType = 'Agent' AND b.accountId = a.accountId
        LEFT JOIN company c ON a.companyId = c.companyId
        LEFT JOIN client cl ON b.accountType = 'Client' AND b.accountId = cl.accountId
        LEFT JOIN company cc ON cl.companyId = cc.companyId
        LEFT JOIN payment pa ON pa.transactNo = b.transactNo AND pa.paymentStatus = 'Approved'
        LEFT JOIN request r ON r.transactNo = b.transactNo AND r.requestStatus = 'Confirmed'
        
        GROUP BY b.transactNo, f.flightDepartureDate, f.returnDepartureDate, b.status, 
                 p.packageName, b.bookingDate, b.pax, b.totalPrice, a.lName, a.fName, a.mName, br.branchName
        ORDER BY CAST(SUBSTRING_INDEX(b.transactNo, '-', -1) AS UNSIGNED)
[2025-08-12 10:37:17] Total records fetched: 98
[2025-08-12 10:37:35] WHERE clause: 
[2025-08-12 10:37:35] SQL Query: SELECT b.transactNo, DATE_FORMAT(f.flightDepartureDate, '%Y.%m.%d') AS departureDate, f.returnDepartureDate AS returnDate, 
        b.status AS bookingStatus, CONCAT(f.flightDepartureDate, ' | ', f.returnDepartureDate) AS FlightDate, 
        p.packageName AS PackageName, b.bookingDate, b.pax AS TotalPax,  
        b.totalPrice AS PackagePrice, br.branchName as branchName, COALESCE(SUM(pa.amount), 0) AS TotalAmountPaid,
        CONCAT(a.lName, ', ', a.fName, ' ', IFNULL(CONCAT(SUBSTRING(a.mName, 1, 1), '.'), '')) AS agentName,
        COALESCE(SUM(r.requestCost), 0) AS TotalRequestAmount
        FROM booking b
        JOIN branch br ON b.agentCode = br.branchAgentCode
        JOIN flight f ON f.flightId = b.flightId
        JOIN package p ON p.packageId = b.packageId
        LEFT JOIN agent a ON b.accountType = 'Agent' AND b.accountId = a.accountId
        LEFT JOIN company c ON a.companyId = c.companyId
        LEFT JOIN client cl ON b.accountType = 'Client' AND b.accountId = cl.accountId
        LEFT JOIN company cc ON cl.companyId = cc.companyId
        LEFT JOIN payment pa ON pa.transactNo = b.transactNo AND pa.paymentStatus = 'Approved'
        LEFT JOIN request r ON r.transactNo = b.transactNo AND r.requestStatus = 'Confirmed'
        
        GROUP BY b.transactNo, f.flightDepartureDate, f.returnDepartureDate, b.status, 
                 p.packageName, b.bookingDate, b.pax, b.totalPrice, a.lName, a.fName, a.mName, br.branchName
        ORDER BY CAST(SUBSTRING_INDEX(b.transactNo, '-', -1) AS UNSIGNED)
[2025-08-12 10:37:35] Total records fetched: 98
[2025-08-12 10:37:40] WHERE clause: 
[2025-08-12 10:37:40] SQL Query: SELECT b.transactNo, DATE_FORMAT(f.flightDepartureDate, '%Y.%m.%d') AS departureDate, f.returnDepartureDate AS returnDate, 
        b.status AS bookingStatus, CONCAT(f.flightDepartureDate, ' | ', f.returnDepartureDate) AS FlightDate, 
        p.packageName AS PackageName, b.bookingDate, b.pax AS TotalPax,  
        b.totalPrice AS PackagePrice, br.branchName as branchName, COALESCE(SUM(pa.amount), 0) AS TotalAmountPaid,
        CONCAT(a.lName, ', ', a.fName, ' ', IFNULL(CONCAT(SUBSTRING(a.mName, 1, 1), '.'), '')) AS agentName,
        COALESCE(SUM(r.requestCost), 0) AS TotalRequestAmount
        FROM booking b
        JOIN branch br ON b.agentCode = br.branchAgentCode
        JOIN flight f ON f.flightId = b.flightId
        JOIN package p ON p.packageId = b.packageId
        LEFT JOIN agent a ON b.accountType = 'Agent' AND b.accountId = a.accountId
        LEFT JOIN company c ON a.companyId = c.companyId
        LEFT JOIN client cl ON b.accountType = 'Client' AND b.accountId = cl.accountId
        LEFT JOIN company cc ON cl.companyId = cc.companyId
        LEFT JOIN payment pa ON pa.transactNo = b.transactNo AND pa.paymentStatus = 'Approved'
        LEFT JOIN request r ON r.transactNo = b.transactNo AND r.requestStatus = 'Confirmed'
        
        GROUP BY b.transactNo, f.flightDepartureDate, f.returnDepartureDate, b.status, 
                 p.packageName, b.bookingDate, b.pax, b.totalPrice, a.lName, a.fName, a.mName, br.branchName
        ORDER BY CAST(SUBSTRING_INDEX(b.transactNo, '-', -1) AS UNSIGNED)
[2025-08-12 10:37:40] Total records fetched: 98
[2025-08-12 10:37:43] WHERE clause: 
[2025-08-12 10:37:43] SQL Query: SELECT b.transactNo, DATE_FORMAT(f.flightDepartureDate, '%Y.%m.%d') AS departureDate, f.returnDepartureDate AS returnDate, 
        b.status AS bookingStatus, CONCAT(f.flightDepartureDate, ' | ', f.returnDepartureDate) AS FlightDate, 
        p.packageName AS PackageName, b.bookingDate, b.pax AS TotalPax,  
        b.totalPrice AS PackagePrice, br.branchName as branchName, COALESCE(SUM(pa.amount), 0) AS TotalAmountPaid,
        CONCAT(a.lName, ', ', a.fName, ' ', IFNULL(CONCAT(SUBSTRING(a.mName, 1, 1), '.'), '')) AS agentName,
        COALESCE(SUM(r.requestCost), 0) AS TotalRequestAmount
        FROM booking b
        JOIN branch br ON b.agentCode = br.branchAgentCode
        JOIN flight f ON f.flightId = b.flightId
        JOIN package p ON p.packageId = b.packageId
        LEFT JOIN agent a ON b.accountType = 'Agent' AND b.accountId = a.accountId
        LEFT JOIN company c ON a.companyId = c.companyId
        LEFT JOIN client cl ON b.accountType = 'Client' AND b.accountId = cl.accountId
        LEFT JOIN company cc ON cl.companyId = cc.companyId
        LEFT JOIN payment pa ON pa.transactNo = b.transactNo AND pa.paymentStatus = 'Approved'
        LEFT JOIN request r ON r.transactNo = b.transactNo AND r.requestStatus = 'Confirmed'
        
        GROUP BY b.transactNo, f.flightDepartureDate, f.returnDepartureDate, b.status, 
                 p.packageName, b.bookingDate, b.pax, b.totalPrice, a.lName, a.fName, a.mName, br.branchName
        ORDER BY CAST(SUBSTRING_INDEX(b.transactNo, '-', -1) AS UNSIGNED)
[2025-08-12 10:37:43] Total records fetched: 98
[2025-08-12 10:37:45] WHERE clause: 
[2025-08-12 10:37:45] SQL Query: SELECT b.transactNo, DATE_FORMAT(f.flightDepartureDate, '%Y.%m.%d') AS departureDate, f.returnDepartureDate AS returnDate, 
        b.status AS bookingStatus, CONCAT(f.flightDepartureDate, ' | ', f.returnDepartureDate) AS FlightDate, 
        p.packageName AS PackageName, b.bookingDate, b.pax AS TotalPax,  
        b.totalPrice AS PackagePrice, br.branchName as branchName, COALESCE(SUM(pa.amount), 0) AS TotalAmountPaid,
        CONCAT(a.lName, ', ', a.fName, ' ', IFNULL(CONCAT(SUBSTRING(a.mName, 1, 1), '.'), '')) AS agentName,
        COALESCE(SUM(r.requestCost), 0) AS TotalRequestAmount
        FROM booking b
        JOIN branch br ON b.agentCode = br.branchAgentCode
        JOIN flight f ON f.flightId = b.flightId
        JOIN package p ON p.packageId = b.packageId
        LEFT JOIN agent a ON b.accountType = 'Agent' AND b.accountId = a.accountId
        LEFT JOIN company c ON a.companyId = c.companyId
        LEFT JOIN client cl ON b.accountType = 'Client' AND b.accountId = cl.accountId
        LEFT JOIN company cc ON cl.companyId = cc.companyId
        LEFT JOIN payment pa ON pa.transactNo = b.transactNo AND pa.paymentStatus = 'Approved'
        LEFT JOIN request r ON r.transactNo = b.transactNo AND r.requestStatus = 'Confirmed'
        
        GROUP BY b.transactNo, f.flightDepartureDate, f.returnDepartureDate, b.status, 
                 p.packageName, b.bookingDate, b.pax, b.totalPrice, a.lName, a.fName, a.mName, br.branchName
        ORDER BY CAST(SUBSTRING_INDEX(b.transactNo, '-', -1) AS UNSIGNED)
[2025-08-12 10:37:45] Total records fetched: 98
[2025-08-12 10:37:49] WHERE clause: 
[2025-08-12 10:37:49] SQL Query: SELECT b.transactNo, DATE_FORMAT(f.flightDepartureDate, '%Y.%m.%d') AS departureDate, f.returnDepartureDate AS returnDate, 
        b.status AS bookingStatus, CONCAT(f.flightDepartureDate, ' | ', f.returnDepartureDate) AS FlightDate, 
        p.packageName AS PackageName, b.bookingDate, b.pax AS TotalPax,  
        b.totalPrice AS PackagePrice, br.branchName as branchName, COALESCE(SUM(pa.amount), 0) AS TotalAmountPaid,
        CONCAT(a.lName, ', ', a.fName, ' ', IFNULL(CONCAT(SUBSTRING(a.mName, 1, 1), '.'), '')) AS agentName,
        COALESCE(SUM(r.requestCost), 0) AS TotalRequestAmount
        FROM booking b
        JOIN branch br ON b.agentCode = br.branchAgentCode
        JOIN flight f ON f.flightId = b.flightId
        JOIN package p ON p.packageId = b.packageId
        LEFT JOIN agent a ON b.accountType = 'Agent' AND b.accountId = a.accountId
        LEFT JOIN company c ON a.companyId = c.companyId
        LEFT JOIN client cl ON b.accountType = 'Client' AND b.accountId = cl.accountId
        LEFT JOIN company cc ON cl.companyId = cc.companyId
        LEFT JOIN payment pa ON pa.transactNo = b.transactNo AND pa.paymentStatus = 'Approved'
        LEFT JOIN request r ON r.transactNo = b.transactNo AND r.requestStatus = 'Confirmed'
        
        GROUP BY b.transactNo, f.flightDepartureDate, f.returnDepartureDate, b.status, 
                 p.packageName, b.bookingDate, b.pax, b.totalPrice, a.lName, a.fName, a.mName, br.branchName
        ORDER BY CAST(SUBSTRING_INDEX(b.transactNo, '-', -1) AS UNSIGNED)
[2025-08-12 10:37:49] Total records fetched: 98
[2025-08-12 10:37:53] WHERE clause: 
[2025-08-12 10:37:53] SQL Query: SELECT b.transactNo, DATE_FORMAT(f.flightDepartureDate, '%Y.%m.%d') AS departureDate, f.returnDepartureDate AS returnDate, 
        b.status AS bookingStatus, CONCAT(f.flightDepartureDate, ' | ', f.returnDepartureDate) AS FlightDate, 
        p.packageName AS PackageName, b.bookingDate, b.pax AS TotalPax,  
        b.totalPrice AS PackagePrice, br.branchName as branchName, COALESCE(SUM(pa.amount), 0) AS TotalAmountPaid,
        CONCAT(a.lName, ', ', a.fName, ' ', IFNULL(CONCAT(SUBSTRING(a.mName, 1, 1), '.'), '')) AS agentName,
        COALESCE(SUM(r.requestCost), 0) AS TotalRequestAmount
        FROM booking b
        JOIN branch br ON b.agentCode = br.branchAgentCode
        JOIN flight f ON f.flightId = b.flightId
        JOIN package p ON p.packageId = b.packageId
        LEFT JOIN agent a ON b.accountType = 'Agent' AND b.accountId = a.accountId
        LEFT JOIN company c ON a.companyId = c.companyId
        LEFT JOIN client cl ON b.accountType = 'Client' AND b.accountId = cl.accountId
        LEFT JOIN company cc ON cl.companyId = cc.companyId
        LEFT JOIN payment pa ON pa.transactNo = b.transactNo AND pa.paymentStatus = 'Approved'
        LEFT JOIN request r ON r.transactNo = b.transactNo AND r.requestStatus = 'Confirmed'
        
        GROUP BY b.transactNo, f.flightDepartureDate, f.returnDepartureDate, b.status, 
                 p.packageName, b.bookingDate, b.pax, b.totalPrice, a.lName, a.fName, a.mName, br.branchName
        ORDER BY CAST(SUBSTRING_INDEX(b.transactNo, '-', -1) AS UNSIGNED)
[2025-08-12 10:37:53] Total records fetched: 98
[2025-08-12 10:37:54] WHERE clause: 
[2025-08-12 10:37:54] SQL Query: SELECT b.transactNo, DATE_FORMAT(f.flightDepartureDate, '%Y.%m.%d') AS departureDate, f.returnDepartureDate AS returnDate, 
        b.status AS bookingStatus, CONCAT(f.flightDepartureDate, ' | ', f.returnDepartureDate) AS FlightDate, 
        p.packageName AS PackageName, b.bookingDate, b.pax AS TotalPax,  
        b.totalPrice AS PackagePrice, br.branchName as branchName, COALESCE(SUM(pa.amount), 0) AS TotalAmountPaid,
        CONCAT(a.lName, ', ', a.fName, ' ', IFNULL(CONCAT(SUBSTRING(a.mName, 1, 1), '.'), '')) AS agentName,
        COALESCE(SUM(r.requestCost), 0) AS TotalRequestAmount
        FROM booking b
        JOIN branch br ON b.agentCode = br.branchAgentCode
        JOIN flight f ON f.flightId = b.flightId
        JOIN package p ON p.packageId = b.packageId
        LEFT JOIN agent a ON b.accountType = 'Agent' AND b.accountId = a.accountId
        LEFT JOIN company c ON a.companyId = c.companyId
        LEFT JOIN client cl ON b.accountType = 'Client' AND b.accountId = cl.accountId
        LEFT JOIN company cc ON cl.companyId = cc.companyId
        LEFT JOIN payment pa ON pa.transactNo = b.transactNo AND pa.paymentStatus = 'Approved'
        LEFT JOIN request r ON r.transactNo = b.transactNo AND r.requestStatus = 'Confirmed'
        
        GROUP BY b.transactNo, f.flightDepartureDate, f.returnDepartureDate, b.status, 
                 p.packageName, b.bookingDate, b.pax, b.totalPrice, a.lName, a.fName, a.mName, br.branchName
        ORDER BY CAST(SUBSTRING_INDEX(b.transactNo, '-', -1) AS UNSIGNED)
[2025-08-12 10:37:54] Total records fetched: 98
[2025-08-12 10:37:56] WHERE clause: 
[2025-08-12 10:37:56] SQL Query: SELECT b.transactNo, DATE_FORMAT(f.flightDepartureDate, '%Y.%m.%d') AS departureDate, f.returnDepartureDate AS returnDate, 
        b.status AS bookingStatus, CONCAT(f.flightDepartureDate, ' | ', f.returnDepartureDate) AS FlightDate, 
        p.packageName AS PackageName, b.bookingDate, b.pax AS TotalPax,  
        b.totalPrice AS PackagePrice, br.branchName as branchName, COALESCE(SUM(pa.amount), 0) AS TotalAmountPaid,
        CONCAT(a.lName, ', ', a.fName, ' ', IFNULL(CONCAT(SUBSTRING(a.mName, 1, 1), '.'), '')) AS agentName,
        COALESCE(SUM(r.requestCost), 0) AS TotalRequestAmount
        FROM booking b
        JOIN branch br ON b.agentCode = br.branchAgentCode
        JOIN flight f ON f.flightId = b.flightId
        JOIN package p ON p.packageId = b.packageId
        LEFT JOIN agent a ON b.accountType = 'Agent' AND b.accountId = a.accountId
        LEFT JOIN company c ON a.companyId = c.companyId
        LEFT JOIN client cl ON b.accountType = 'Client' AND b.accountId = cl.accountId
        LEFT JOIN company cc ON cl.companyId = cc.companyId
        LEFT JOIN payment pa ON pa.transactNo = b.transactNo AND pa.paymentStatus = 'Approved'
        LEFT JOIN request r ON r.transactNo = b.transactNo AND r.requestStatus = 'Confirmed'
        
        GROUP BY b.transactNo, f.flightDepartureDate, f.returnDepartureDate, b.status, 
                 p.packageName, b.bookingDate, b.pax, b.totalPrice, a.lName, a.fName, a.mName, br.branchName
        ORDER BY CAST(SUBSTRING_INDEX(b.transactNo, '-', -1) AS UNSIGNED)
[2025-08-12 10:37:56] Total records fetched: 98
[2025-08-12 10:39:35] WHERE clause: 
[2025-08-12 10:39:35] SQL Query: SELECT b.transactNo, DATE_FORMAT(f.flightDepartureDate, '%Y.%m.%d') AS departureDate, f.returnDepartureDate AS returnDate, 
        b.status AS bookingStatus, CONCAT(f.flightDepartureDate, ' | ', f.returnDepartureDate) AS FlightDate, 
        p.packageName AS PackageName, b.bookingDate, b.pax AS TotalPax,  
        b.totalPrice AS PackagePrice, br.branchName as branchName, COALESCE(SUM(pa.amount), 0) AS TotalAmountPaid,
        CONCAT(a.lName, ', ', a.fName, ' ', IFNULL(CONCAT(SUBSTRING(a.mName, 1, 1), '.'), '')) AS agentName,
        COALESCE(SUM(r.requestCost), 0) AS TotalRequestAmount
        FROM booking b
        JOIN branch br ON b.agentCode = br.branchAgentCode
        JOIN flight f ON f.flightId = b.flightId
        JOIN package p ON p.packageId = b.packageId
        LEFT JOIN agent a ON b.accountType = 'Agent' AND b.accountId = a.accountId
        LEFT JOIN company c ON a.companyId = c.companyId
        LEFT JOIN client cl ON b.accountType = 'Client' AND b.accountId = cl.accountId
        LEFT JOIN company cc ON cl.companyId = cc.companyId
        LEFT JOIN payment pa ON pa.transactNo = b.transactNo AND pa.paymentStatus = 'Approved'
        LEFT JOIN request r ON r.transactNo = b.transactNo AND r.requestStatus = 'Confirmed'
        
        GROUP BY b.transactNo, f.flightDepartureDate, f.returnDepartureDate, b.status, 
                 p.packageName, b.bookingDate, b.pax, b.totalPrice, a.lName, a.fName, a.mName, br.branchName
        ORDER BY CAST(SUBSTRING_INDEX(b.transactNo, '-', -1) AS UNSIGNED)
[2025-08-12 10:39:35] Total records fetched: 98
[2025-08-12 10:40:10] WHERE clause: 
[2025-08-12 10:40:10] SQL Query: SELECT b.transactNo, DATE_FORMAT(f.flightDepartureDate, '%Y.%m.%d') AS departureDate, f.returnDepartureDate AS returnDate, 
        b.status AS bookingStatus, CONCAT(f.flightDepartureDate, ' | ', f.returnDepartureDate) AS FlightDate, 
        p.packageName AS PackageName, b.bookingDate, b.pax AS TotalPax,  
        b.totalPrice AS PackagePrice, br.branchName as branchName, COALESCE(SUM(pa.amount), 0) AS TotalAmountPaid,
        CONCAT(a.lName, ', ', a.fName, ' ', IFNULL(CONCAT(SUBSTRING(a.mName, 1, 1), '.'), '')) AS agentName,
        COALESCE(SUM(r.requestCost), 0) AS TotalRequestAmount
        FROM booking b
        JOIN branch br ON b.agentCode = br.branchAgentCode
        JOIN flight f ON f.flightId = b.flightId
        JOIN package p ON p.packageId = b.packageId
        LEFT JOIN agent a ON b.accountType = 'Agent' AND b.accountId = a.accountId
        LEFT JOIN company c ON a.companyId = c.companyId
        LEFT JOIN client cl ON b.accountType = 'Client' AND b.accountId = cl.accountId
        LEFT JOIN company cc ON cl.companyId = cc.companyId
        LEFT JOIN payment pa ON pa.transactNo = b.transactNo AND pa.paymentStatus = 'Approved'
        LEFT JOIN request r ON r.transactNo = b.transactNo AND r.requestStatus = 'Confirmed'
        
        GROUP BY b.transactNo, f.flightDepartureDate, f.returnDepartureDate, b.status, 
                 p.packageName, b.bookingDate, b.pax, b.totalPrice, a.lName, a.fName, a.mName, br.branchName
        ORDER BY CAST(SUBSTRING_INDEX(b.transactNo, '-', -1) AS UNSIGNED)
[2025-08-12 10:40:10] Total records fetched: 98
[2025-08-12 10:43:50] WHERE clause: 
[2025-08-12 10:43:50] SQL Query: SELECT b.transactNo, DATE_FORMAT(f.flightDepartureDate, '%Y.%m.%d') AS departureDate, f.returnDepartureDate AS returnDate, 
        b.status AS bookingStatus, CONCAT(f.flightDepartureDate, ' | ', f.returnDepartureDate) AS FlightDate, 
        p.packageName AS PackageName, b.bookingDate, b.pax AS TotalPax,  
        b.totalPrice AS PackagePrice, br.branchName as branchName, COALESCE(SUM(pa.amount), 0) AS TotalAmountPaid,
        CONCAT(a.lName, ', ', a.fName, ' ', IFNULL(CONCAT(SUBSTRING(a.mName, 1, 1), '.'), '')) AS agentName,
        COALESCE(SUM(r.requestCost), 0) AS TotalRequestAmount
        FROM booking b
        JOIN branch br ON b.agentCode = br.branchAgentCode
        JOIN flight f ON f.flightId = b.flightId
        JOIN package p ON p.packageId = b.packageId
        LEFT JOIN agent a ON b.accountType = 'Agent' AND b.accountId = a.accountId
        LEFT JOIN company c ON a.companyId = c.companyId
        LEFT JOIN client cl ON b.accountType = 'Client' AND b.accountId = cl.accountId
        LEFT JOIN company cc ON cl.companyId = cc.companyId
        LEFT JOIN payment pa ON pa.transactNo = b.transactNo AND pa.paymentStatus = 'Approved'
        LEFT JOIN request r ON r.transactNo = b.transactNo AND r.requestStatus = 'Confirmed'
        
        GROUP BY b.transactNo, f.flightDepartureDate, f.returnDepartureDate, b.status, 
                 p.packageName, b.bookingDate, b.pax, b.totalPrice, a.lName, a.fName, a.mName, br.branchName
        ORDER BY CAST(SUBSTRING_INDEX(b.transactNo, '-', -1) AS UNSIGNED)
[2025-08-12 10:43:50] Total records fetched: 98
[2025-08-12 10:44:04] WHERE clause: 
[2025-08-12 10:44:04] SQL Query: SELECT b.transactNo, DATE_FORMAT(f.flightDepartureDate, '%Y.%m.%d') AS departureDate, f.returnDepartureDate AS returnDate, 
        b.status AS bookingStatus, CONCAT(f.flightDepartureDate, ' | ', f.returnDepartureDate) AS FlightDate, 
        p.packageName AS PackageName, b.bookingDate, b.pax AS TotalPax,  
        b.totalPrice AS PackagePrice, br.branchName as branchName, COALESCE(SUM(pa.amount), 0) AS TotalAmountPaid,
        CONCAT(a.lName, ', ', a.fName, ' ', IFNULL(CONCAT(SUBSTRING(a.mName, 1, 1), '.'), '')) AS agentName,
        COALESCE(SUM(r.requestCost), 0) AS TotalRequestAmount
        FROM booking b
        JOIN branch br ON b.agentCode = br.branchAgentCode
        JOIN flight f ON f.flightId = b.flightId
        JOIN package p ON p.packageId = b.packageId
        LEFT JOIN agent a ON b.accountType = 'Agent' AND b.accountId = a.accountId
        LEFT JOIN company c ON a.companyId = c.companyId
        LEFT JOIN client cl ON b.accountType = 'Client' AND b.accountId = cl.accountId
        LEFT JOIN company cc ON cl.companyId = cc.companyId
        LEFT JOIN payment pa ON pa.transactNo = b.transactNo AND pa.paymentStatus = 'Approved'
        LEFT JOIN request r ON r.transactNo = b.transactNo AND r.requestStatus = 'Confirmed'
        
        GROUP BY b.transactNo, f.flightDepartureDate, f.returnDepartureDate, b.status, 
                 p.packageName, b.bookingDate, b.pax, b.totalPrice, a.lName, a.fName, a.mName, br.branchName
        ORDER BY CAST(SUBSTRING_INDEX(b.transactNo, '-', -1) AS UNSIGNED)
[2025-08-12 10:44:04] Total records fetched: 98
[2025-08-12 10:44:40] WHERE clause: 
[2025-08-12 10:44:40] SQL Query: SELECT b.transactNo, DATE_FORMAT(f.flightDepartureDate, '%Y.%m.%d') AS departureDate, f.returnDepartureDate AS returnDate, 
        b.status AS bookingStatus, CONCAT(f.flightDepartureDate, ' | ', f.returnDepartureDate) AS FlightDate, 
        p.packageName AS PackageName, b.bookingDate, b.pax AS TotalPax,  
        b.totalPrice AS PackagePrice, br.branchName as branchName, COALESCE(SUM(pa.amount), 0) AS TotalAmountPaid,
        CONCAT(a.lName, ', ', a.fName, ' ', IFNULL(CONCAT(SUBSTRING(a.mName, 1, 1), '.'), '')) AS agentName,
        COALESCE(SUM(r.requestCost), 0) AS TotalRequestAmount
        FROM booking b
        JOIN branch br ON b.agentCode = br.branchAgentCode
        JOIN flight f ON f.flightId = b.flightId
        JOIN package p ON p.packageId = b.packageId
        LEFT JOIN agent a ON b.accountType = 'Agent' AND b.accountId = a.accountId
        LEFT JOIN company c ON a.companyId = c.companyId
        LEFT JOIN client cl ON b.accountType = 'Client' AND b.accountId = cl.accountId
        LEFT JOIN company cc ON cl.companyId = cc.companyId
        LEFT JOIN payment pa ON pa.transactNo = b.transactNo AND pa.paymentStatus = 'Approved'
        LEFT JOIN request r ON r.transactNo = b.transactNo AND r.requestStatus = 'Confirmed'
        
        GROUP BY b.transactNo, f.flightDepartureDate, f.returnDepartureDate, b.status, 
                 p.packageName, b.bookingDate, b.pax, b.totalPrice, a.lName, a.fName, a.mName, br.branchName
        ORDER BY CAST(SUBSTRING_INDEX(b.transactNo, '-', -1) AS UNSIGNED)
[2025-08-12 10:44:40] Total records fetched: 98
[2025-08-12 10:48:27] WHERE clause: 
[2025-08-12 10:48:27] SQL Query: SELECT b.transactNo, DATE_FORMAT(f.flightDepartureDate, '%Y.%m.%d') AS departureDate, f.returnDepartureDate AS returnDate, 
        b.status AS bookingStatus, CONCAT(f.flightDepartureDate, ' | ', f.returnDepartureDate) AS FlightDate, 
        p.packageName AS PackageName, b.bookingDate, b.pax AS TotalPax,  
        b.totalPrice AS PackagePrice, br.branchName as branchName, COALESCE(SUM(pa.amount), 0) AS TotalAmountPaid,
        CONCAT(a.lName, ', ', a.fName, ' ', IFNULL(CONCAT(SUBSTRING(a.mName, 1, 1), '.'), '')) AS agentName,
        COALESCE(SUM(r.requestCost), 0) AS TotalRequestAmount
        FROM booking b
        JOIN branch br ON b.agentCode = br.branchAgentCode
        JOIN flight f ON f.flightId = b.flightId
        JOIN package p ON p.packageId = b.packageId
        LEFT JOIN agent a ON b.accountType = 'Agent' AND b.accountId = a.accountId
        LEFT JOIN company c ON a.companyId = c.companyId
        LEFT JOIN client cl ON b.accountType = 'Client' AND b.accountId = cl.accountId
        LEFT JOIN company cc ON cl.companyId = cc.companyId
        LEFT JOIN payment pa ON pa.transactNo = b.transactNo AND pa.paymentStatus = 'Approved'
        LEFT JOIN request r ON r.transactNo = b.transactNo AND r.requestStatus = 'Confirmed'
        
        GROUP BY b.transactNo, f.flightDepartureDate, f.returnDepartureDate, b.status, 
                 p.packageName, b.bookingDate, b.pax, b.totalPrice, a.lName, a.fName, a.mName, br.branchName
        ORDER BY CAST(SUBSTRING_INDEX(b.transactNo, '-', -1) AS UNSIGNED)
[2025-08-12 10:48:27] Total records fetched: 98
[2025-08-12 10:48:33] WHERE clause: 
[2025-08-12 10:48:33] SQL Query: SELECT b.transactNo, DATE_FORMAT(f.flightDepartureDate, '%Y.%m.%d') AS departureDate, f.returnDepartureDate AS returnDate, 
        b.status AS bookingStatus, CONCAT(f.flightDepartureDate, ' | ', f.returnDepartureDate) AS FlightDate, 
        p.packageName AS PackageName, b.bookingDate, b.pax AS TotalPax,  
        b.totalPrice AS PackagePrice, br.branchName as branchName, COALESCE(SUM(pa.amount), 0) AS TotalAmountPaid,
        CONCAT(a.lName, ', ', a.fName, ' ', IFNULL(CONCAT(SUBSTRING(a.mName, 1, 1), '.'), '')) AS agentName,
        COALESCE(SUM(r.requestCost), 0) AS TotalRequestAmount
        FROM booking b
        JOIN branch br ON b.agentCode = br.branchAgentCode
        JOIN flight f ON f.flightId = b.flightId
        JOIN package p ON p.packageId = b.packageId
        LEFT JOIN agent a ON b.accountType = 'Agent' AND b.accountId = a.accountId
        LEFT JOIN company c ON a.companyId = c.companyId
        LEFT JOIN client cl ON b.accountType = 'Client' AND b.accountId = cl.accountId
        LEFT JOIN company cc ON cl.companyId = cc.companyId
        LEFT JOIN payment pa ON pa.transactNo = b.transactNo AND pa.paymentStatus = 'Approved'
        LEFT JOIN request r ON r.transactNo = b.transactNo AND r.requestStatus = 'Confirmed'
        
        GROUP BY b.transactNo, f.flightDepartureDate, f.returnDepartureDate, b.status, 
                 p.packageName, b.bookingDate, b.pax, b.totalPrice, a.lName, a.fName, a.mName, br.branchName
        ORDER BY CAST(SUBSTRING_INDEX(b.transactNo, '-', -1) AS UNSIGNED)
[2025-08-12 10:48:33] Total records fetched: 98
[2025-08-12 10:48:33] WHERE clause: 
[2025-08-12 10:48:33] SQL Query: SELECT b.transactNo, DATE_FORMAT(f.flightDepartureDate, '%Y.%m.%d') AS departureDate, f.returnDepartureDate AS returnDate, 
        b.status AS bookingStatus, CONCAT(f.flightDepartureDate, ' | ', f.returnDepartureDate) AS FlightDate, 
        p.packageName AS PackageName, b.bookingDate, b.pax AS TotalPax,  
        b.totalPrice AS PackagePrice, br.branchName as branchName, COALESCE(SUM(pa.amount), 0) AS TotalAmountPaid,
        CONCAT(a.lName, ', ', a.fName, ' ', IFNULL(CONCAT(SUBSTRING(a.mName, 1, 1), '.'), '')) AS agentName,
        COALESCE(SUM(r.requestCost), 0) AS TotalRequestAmount
        FROM booking b
        JOIN branch br ON b.agentCode = br.branchAgentCode
        JOIN flight f ON f.flightId = b.flightId
        JOIN package p ON p.packageId = b.packageId
        LEFT JOIN agent a ON b.accountType = 'Agent' AND b.accountId = a.accountId
        LEFT JOIN company c ON a.companyId = c.companyId
        LEFT JOIN client cl ON b.accountType = 'Client' AND b.accountId = cl.accountId
        LEFT JOIN company cc ON cl.companyId = cc.companyId
        LEFT JOIN payment pa ON pa.transactNo = b.transactNo AND pa.paymentStatus = 'Approved'
        LEFT JOIN request r ON r.transactNo = b.transactNo AND r.requestStatus = 'Confirmed'
        
        GROUP BY b.transactNo, f.flightDepartureDate, f.returnDepartureDate, b.status, 
                 p.packageName, b.bookingDate, b.pax, b.totalPrice, a.lName, a.fName, a.mName, br.branchName
        ORDER BY CAST(SUBSTRING_INDEX(b.transactNo, '-', -1) AS UNSIGNED)
[2025-08-12 10:48:33] Total records fetched: 98
[2025-08-12 10:48:37] WHERE clause: 
[2025-08-12 10:48:37] SQL Query: SELECT b.transactNo, DATE_FORMAT(f.flightDepartureDate, '%Y.%m.%d') AS departureDate, f.returnDepartureDate AS returnDate, 
        b.status AS bookingStatus, CONCAT(f.flightDepartureDate, ' | ', f.returnDepartureDate) AS FlightDate, 
        p.packageName AS PackageName, b.bookingDate, b.pax AS TotalPax,  
        b.totalPrice AS PackagePrice, br.branchName as branchName, COALESCE(SUM(pa.amount), 0) AS TotalAmountPaid,
        CONCAT(a.lName, ', ', a.fName, ' ', IFNULL(CONCAT(SUBSTRING(a.mName, 1, 1), '.'), '')) AS agentName,
        COALESCE(SUM(r.requestCost), 0) AS TotalRequestAmount
        FROM booking b
        JOIN branch br ON b.agentCode = br.branchAgentCode
        JOIN flight f ON f.flightId = b.flightId
        JOIN package p ON p.packageId = b.packageId
        LEFT JOIN agent a ON b.accountType = 'Agent' AND b.accountId = a.accountId
        LEFT JOIN company c ON a.companyId = c.companyId
        LEFT JOIN client cl ON b.accountType = 'Client' AND b.accountId = cl.accountId
        LEFT JOIN company cc ON cl.companyId = cc.companyId
        LEFT JOIN payment pa ON pa.transactNo = b.transactNo AND pa.paymentStatus = 'Approved'
        LEFT JOIN request r ON r.transactNo = b.transactNo AND r.requestStatus = 'Confirmed'
        
        GROUP BY b.transactNo, f.flightDepartureDate, f.returnDepartureDate, b.status, 
                 p.packageName, b.bookingDate, b.pax, b.totalPrice, a.lName, a.fName, a.mName, br.branchName
        ORDER BY CAST(SUBSTRING_INDEX(b.transactNo, '-', -1) AS UNSIGNED)
[2025-08-12 10:48:37] Total records fetched: 98
[2025-08-12 10:48:40] WHERE clause: 
[2025-08-12 10:48:40] SQL Query: SELECT b.transactNo, DATE_FORMAT(f.flightDepartureDate, '%Y.%m.%d') AS departureDate, f.returnDepartureDate AS returnDate, 
        b.status AS bookingStatus, CONCAT(f.flightDepartureDate, ' | ', f.returnDepartureDate) AS FlightDate, 
        p.packageName AS PackageName, b.bookingDate, b.pax AS TotalPax,  
        b.totalPrice AS PackagePrice, br.branchName as branchName, COALESCE(SUM(pa.amount), 0) AS TotalAmountPaid,
        CONCAT(a.lName, ', ', a.fName, ' ', IFNULL(CONCAT(SUBSTRING(a.mName, 1, 1), '.'), '')) AS agentName,
        COALESCE(SUM(r.requestCost), 0) AS TotalRequestAmount
        FROM booking b
        JOIN branch br ON b.agentCode = br.branchAgentCode
        JOIN flight f ON f.flightId = b.flightId
        JOIN package p ON p.packageId = b.packageId
        LEFT JOIN agent a ON b.accountType = 'Agent' AND b.accountId = a.accountId
        LEFT JOIN company c ON a.companyId = c.companyId
        LEFT JOIN client cl ON b.accountType = 'Client' AND b.accountId = cl.accountId
        LEFT JOIN company cc ON cl.companyId = cc.companyId
        LEFT JOIN payment pa ON pa.transactNo = b.transactNo AND pa.paymentStatus = 'Approved'
        LEFT JOIN request r ON r.transactNo = b.transactNo AND r.requestStatus = 'Confirmed'
        
        GROUP BY b.transactNo, f.flightDepartureDate, f.returnDepartureDate, b.status, 
                 p.packageName, b.bookingDate, b.pax, b.totalPrice, a.lName, a.fName, a.mName, br.branchName
        ORDER BY CAST(SUBSTRING_INDEX(b.transactNo, '-', -1) AS UNSIGNED)
[2025-08-12 10:48:40] Total records fetched: 98
[2025-08-12 10:48:43] WHERE clause: 
[2025-08-12 10:48:43] SQL Query: SELECT b.transactNo, DATE_FORMAT(f.flightDepartureDate, '%Y.%m.%d') AS departureDate, f.returnDepartureDate AS returnDate, 
        b.status AS bookingStatus, CONCAT(f.flightDepartureDate, ' | ', f.returnDepartureDate) AS FlightDate, 
        p.packageName AS PackageName, b.bookingDate, b.pax AS TotalPax,  
        b.totalPrice AS PackagePrice, br.branchName as branchName, COALESCE(SUM(pa.amount), 0) AS TotalAmountPaid,
        CONCAT(a.lName, ', ', a.fName, ' ', IFNULL(CONCAT(SUBSTRING(a.mName, 1, 1), '.'), '')) AS agentName,
        COALESCE(SUM(r.requestCost), 0) AS TotalRequestAmount
        FROM booking b
        JOIN branch br ON b.agentCode = br.branchAgentCode
        JOIN flight f ON f.flightId = b.flightId
        JOIN package p ON p.packageId = b.packageId
        LEFT JOIN agent a ON b.accountType = 'Agent' AND b.accountId = a.accountId
        LEFT JOIN company c ON a.companyId = c.companyId
        LEFT JOIN client cl ON b.accountType = 'Client' AND b.accountId = cl.accountId
        LEFT JOIN company cc ON cl.companyId = cc.companyId
        LEFT JOIN payment pa ON pa.transactNo = b.transactNo AND pa.paymentStatus = 'Approved'
        LEFT JOIN request r ON r.transactNo = b.transactNo AND r.requestStatus = 'Confirmed'
        
        GROUP BY b.transactNo, f.flightDepartureDate, f.returnDepartureDate, b.status, 
                 p.packageName, b.bookingDate, b.pax, b.totalPrice, a.lName, a.fName, a.mName, br.branchName
        ORDER BY CAST(SUBSTRING_INDEX(b.transactNo, '-', -1) AS UNSIGNED)
[2025-08-12 10:48:43] Total records fetched: 98
[2025-08-12 10:48:45] WHERE clause: 
[2025-08-12 10:48:45] SQL Query: SELECT b.transactNo, DATE_FORMAT(f.flightDepartureDate, '%Y.%m.%d') AS departureDate, f.returnDepartureDate AS returnDate, 
        b.status AS bookingStatus, CONCAT(f.flightDepartureDate, ' | ', f.returnDepartureDate) AS FlightDate, 
        p.packageName AS PackageName, b.bookingDate, b.pax AS TotalPax,  
        b.totalPrice AS PackagePrice, br.branchName as branchName, COALESCE(SUM(pa.amount), 0) AS TotalAmountPaid,
        CONCAT(a.lName, ', ', a.fName, ' ', IFNULL(CONCAT(SUBSTRING(a.mName, 1, 1), '.'), '')) AS agentName,
        COALESCE(SUM(r.requestCost), 0) AS TotalRequestAmount
        FROM booking b
        JOIN branch br ON b.agentCode = br.branchAgentCode
        JOIN flight f ON f.flightId = b.flightId
        JOIN package p ON p.packageId = b.packageId
        LEFT JOIN agent a ON b.accountType = 'Agent' AND b.accountId = a.accountId
        LEFT JOIN company c ON a.companyId = c.companyId
        LEFT JOIN client cl ON b.accountType = 'Client' AND b.accountId = cl.accountId
        LEFT JOIN company cc ON cl.companyId = cc.companyId
        LEFT JOIN payment pa ON pa.transactNo = b.transactNo AND pa.paymentStatus = 'Approved'
        LEFT JOIN request r ON r.transactNo = b.transactNo AND r.requestStatus = 'Confirmed'
        
        GROUP BY b.transactNo, f.flightDepartureDate, f.returnDepartureDate, b.status, 
                 p.packageName, b.bookingDate, b.pax, b.totalPrice, a.lName, a.fName, a.mName, br.branchName
        ORDER BY CAST(SUBSTRING_INDEX(b.transactNo, '-', -1) AS UNSIGNED)
[2025-08-12 10:48:45] Total records fetched: 98
[2025-08-12 10:48:45] WHERE clause: 
[2025-08-12 10:48:45] SQL Query: SELECT b.transactNo, DATE_FORMAT(f.flightDepartureDate, '%Y.%m.%d') AS departureDate, f.returnDepartureDate AS returnDate, 
        b.status AS bookingStatus, CONCAT(f.flightDepartureDate, ' | ', f.returnDepartureDate) AS FlightDate, 
        p.packageName AS PackageName, b.bookingDate, b.pax AS TotalPax,  
        b.totalPrice AS PackagePrice, br.branchName as branchName, COALESCE(SUM(pa.amount), 0) AS TotalAmountPaid,
        CONCAT(a.lName, ', ', a.fName, ' ', IFNULL(CONCAT(SUBSTRING(a.mName, 1, 1), '.'), '')) AS agentName,
        COALESCE(SUM(r.requestCost), 0) AS TotalRequestAmount
        FROM booking b
        JOIN branch br ON b.agentCode = br.branchAgentCode
        JOIN flight f ON f.flightId = b.flightId
        JOIN package p ON p.packageId = b.packageId
        LEFT JOIN agent a ON b.accountType = 'Agent' AND b.accountId = a.accountId
        LEFT JOIN company c ON a.companyId = c.companyId
        LEFT JOIN client cl ON b.accountType = 'Client' AND b.accountId = cl.accountId
        LEFT JOIN company cc ON cl.companyId = cc.companyId
        LEFT JOIN payment pa ON pa.transactNo = b.transactNo AND pa.paymentStatus = 'Approved'
        LEFT JOIN request r ON r.transactNo = b.transactNo AND r.requestStatus = 'Confirmed'
        
        GROUP BY b.transactNo, f.flightDepartureDate, f.returnDepartureDate, b.status, 
                 p.packageName, b.bookingDate, b.pax, b.totalPrice, a.lName, a.fName, a.mName, br.branchName
        ORDER BY CAST(SUBSTRING_INDEX(b.transactNo, '-', -1) AS UNSIGNED)
[2025-08-12 10:48:45] Total records fetched: 98
[2025-08-12 10:48:46] WHERE clause: 
[2025-08-12 10:48:46] SQL Query: SELECT b.transactNo, DATE_FORMAT(f.flightDepartureDate, '%Y.%m.%d') AS departureDate, f.returnDepartureDate AS returnDate, 
        b.status AS bookingStatus, CONCAT(f.flightDepartureDate, ' | ', f.returnDepartureDate) AS FlightDate, 
        p.packageName AS PackageName, b.bookingDate, b.pax AS TotalPax,  
        b.totalPrice AS PackagePrice, br.branchName as branchName, COALESCE(SUM(pa.amount), 0) AS TotalAmountPaid,
        CONCAT(a.lName, ', ', a.fName, ' ', IFNULL(CONCAT(SUBSTRING(a.mName, 1, 1), '.'), '')) AS agentName,
        COALESCE(SUM(r.requestCost), 0) AS TotalRequestAmount
        FROM booking b
        JOIN branch br ON b.agentCode = br.branchAgentCode
        JOIN flight f ON f.flightId = b.flightId
        JOIN package p ON p.packageId = b.packageId
        LEFT JOIN agent a ON b.accountType = 'Agent' AND b.accountId = a.accountId
        LEFT JOIN company c ON a.companyId = c.companyId
        LEFT JOIN client cl ON b.accountType = 'Client' AND b.accountId = cl.accountId
        LEFT JOIN company cc ON cl.companyId = cc.companyId
        LEFT JOIN payment pa ON pa.transactNo = b.transactNo AND pa.paymentStatus = 'Approved'
        LEFT JOIN request r ON r.transactNo = b.transactNo AND r.requestStatus = 'Confirmed'
        
        GROUP BY b.transactNo, f.flightDepartureDate, f.returnDepartureDate, b.status, 
                 p.packageName, b.bookingDate, b.pax, b.totalPrice, a.lName, a.fName, a.mName, br.branchName
        ORDER BY CAST(SUBSTRING_INDEX(b.transactNo, '-', -1) AS UNSIGNED)
[2025-08-12 10:48:46] Total records fetched: 98
[2025-08-12 10:48:46] WHERE clause: 
[2025-08-12 10:48:46] SQL Query: SELECT b.transactNo, DATE_FORMAT(f.flightDepartureDate, '%Y.%m.%d') AS departureDate, f.returnDepartureDate AS returnDate, 
        b.status AS bookingStatus, CONCAT(f.flightDepartureDate, ' | ', f.returnDepartureDate) AS FlightDate, 
        p.packageName AS PackageName, b.bookingDate, b.pax AS TotalPax,  
        b.totalPrice AS PackagePrice, br.branchName as branchName, COALESCE(SUM(pa.amount), 0) AS TotalAmountPaid,
        CONCAT(a.lName, ', ', a.fName, ' ', IFNULL(CONCAT(SUBSTRING(a.mName, 1, 1), '.'), '')) AS agentName,
        COALESCE(SUM(r.requestCost), 0) AS TotalRequestAmount
        FROM booking b
        JOIN branch br ON b.agentCode = br.branchAgentCode
        JOIN flight f ON f.flightId = b.flightId
        JOIN package p ON p.packageId = b.packageId
        LEFT JOIN agent a ON b.accountType = 'Agent' AND b.accountId = a.accountId
        LEFT JOIN company c ON a.companyId = c.companyId
        LEFT JOIN client cl ON b.accountType = 'Client' AND b.accountId = cl.accountId
        LEFT JOIN company cc ON cl.companyId = cc.companyId
        LEFT JOIN payment pa ON pa.transactNo = b.transactNo AND pa.paymentStatus = 'Approved'
        LEFT JOIN request r ON r.transactNo = b.transactNo AND r.requestStatus = 'Confirmed'
        
        GROUP BY b.transactNo, f.flightDepartureDate, f.returnDepartureDate, b.status, 
                 p.packageName, b.bookingDate, b.pax, b.totalPrice, a.lName, a.fName, a.mName, br.branchName
        ORDER BY CAST(SUBSTRING_INDEX(b.transactNo, '-', -1) AS UNSIGNED)
[2025-08-12 10:48:46] Total records fetched: 98
[2025-08-12 10:49:18] WHERE clause: 
[2025-08-12 10:49:18] SQL Query: SELECT b.transactNo, DATE_FORMAT(f.flightDepartureDate, '%Y.%m.%d') AS departureDate, f.returnDepartureDate AS returnDate, 
        b.status AS bookingStatus, CONCAT(f.flightDepartureDate, ' | ', f.returnDepartureDate) AS FlightDate, 
        p.packageName AS PackageName, b.bookingDate, b.pax AS TotalPax,  
        b.totalPrice AS PackagePrice, br.branchName as branchName, COALESCE(SUM(pa.amount), 0) AS TotalAmountPaid,
        CONCAT(a.lName, ', ', a.fName, ' ', IFNULL(CONCAT(SUBSTRING(a.mName, 1, 1), '.'), '')) AS agentName,
        COALESCE(SUM(r.requestCost), 0) AS TotalRequestAmount
        FROM booking b
        JOIN branch br ON b.agentCode = br.branchAgentCode
        JOIN flight f ON f.flightId = b.flightId
        JOIN package p ON p.packageId = b.packageId
        LEFT JOIN agent a ON b.accountType = 'Agent' AND b.accountId = a.accountId
        LEFT JOIN company c ON a.companyId = c.companyId
        LEFT JOIN client cl ON b.accountType = 'Client' AND b.accountId = cl.accountId
        LEFT JOIN company cc ON cl.companyId = cc.companyId
        LEFT JOIN payment pa ON pa.transactNo = b.transactNo AND pa.paymentStatus = 'Approved'
        LEFT JOIN request r ON r.transactNo = b.transactNo AND r.requestStatus = 'Confirmed'
        
        GROUP BY b.transactNo, f.flightDepartureDate, f.returnDepartureDate, b.status, 
                 p.packageName, b.bookingDate, b.pax, b.totalPrice, a.lName, a.fName, a.mName, br.branchName
        ORDER BY CAST(SUBSTRING_INDEX(b.transactNo, '-', -1) AS UNSIGNED)
[2025-08-12 10:49:18] Total records fetched: 98
[2025-08-12 10:49:35] WHERE clause: 
[2025-08-12 10:49:35] SQL Query: SELECT b.transactNo, DATE_FORMAT(f.flightDepartureDate, '%Y.%m.%d') AS departureDate, f.returnDepartureDate AS returnDate, 
        b.status AS bookingStatus, CONCAT(f.flightDepartureDate, ' | ', f.returnDepartureDate) AS FlightDate, 
        p.packageName AS PackageName, b.bookingDate, b.pax AS TotalPax,  
        b.totalPrice AS PackagePrice, br.branchName as branchName, COALESCE(SUM(pa.amount), 0) AS TotalAmountPaid,
        CONCAT(a.lName, ', ', a.fName, ' ', IFNULL(CONCAT(SUBSTRING(a.mName, 1, 1), '.'), '')) AS agentName,
        COALESCE(SUM(r.requestCost), 0) AS TotalRequestAmount
        FROM booking b
        JOIN branch br ON b.agentCode = br.branchAgentCode
        JOIN flight f ON f.flightId = b.flightId
        JOIN package p ON p.packageId = b.packageId
        LEFT JOIN agent a ON b.accountType = 'Agent' AND b.accountId = a.accountId
        LEFT JOIN company c ON a.companyId = c.companyId
        LEFT JOIN client cl ON b.accountType = 'Client' AND b.accountId = cl.accountId
        LEFT JOIN company cc ON cl.companyId = cc.companyId
        LEFT JOIN payment pa ON pa.transactNo = b.transactNo AND pa.paymentStatus = 'Approved'
        LEFT JOIN request r ON r.transactNo = b.transactNo AND r.requestStatus = 'Confirmed'
        
        GROUP BY b.transactNo, f.flightDepartureDate, f.returnDepartureDate, b.status, 
                 p.packageName, b.bookingDate, b.pax, b.totalPrice, a.lName, a.fName, a.mName, br.branchName
        ORDER BY CAST(SUBSTRING_INDEX(b.transactNo, '-', -1) AS UNSIGNED)
[2025-08-12 10:49:35] Total records fetched: 98
[2025-08-12 10:54:21] WHERE clause: 
[2025-08-12 10:54:21] SQL Query: SELECT b.transactNo, DATE_FORMAT(f.flightDepartureDate, '%Y.%m.%d') AS departureDate, f.returnDepartureDate AS returnDate, 
        b.status AS bookingStatus, CONCAT(f.flightDepartureDate, ' | ', f.returnDepartureDate) AS FlightDate, 
        p.packageName AS PackageName, b.bookingDate, b.pax AS TotalPax,  
        b.totalPrice AS PackagePrice, br.branchName as branchName, COALESCE(SUM(pa.amount), 0) AS TotalAmountPaid,
        CONCAT(a.lName, ', ', a.fName, ' ', IFNULL(CONCAT(SUBSTRING(a.mName, 1, 1), '.'), '')) AS agentName,
        COALESCE(SUM(r.requestCost), 0) AS TotalRequestAmount
        FROM booking b
        JOIN branch br ON b.agentCode = br.branchAgentCode
        JOIN flight f ON f.flightId = b.flightId
        JOIN package p ON p.packageId = b.packageId
        LEFT JOIN agent a ON b.accountType = 'Agent' AND b.accountId = a.accountId
        LEFT JOIN company c ON a.companyId = c.companyId
        LEFT JOIN client cl ON b.accountType = 'Client' AND b.accountId = cl.accountId
        LEFT JOIN company cc ON cl.companyId = cc.companyId
        LEFT JOIN payment pa ON pa.transactNo = b.transactNo AND pa.paymentStatus = 'Approved'
        LEFT JOIN request r ON r.transactNo = b.transactNo AND r.requestStatus = 'Confirmed'
        
        GROUP BY b.transactNo, f.flightDepartureDate, f.returnDepartureDate, b.status, 
                 p.packageName, b.bookingDate, b.pax, b.totalPrice, a.lName, a.fName, a.mName, br.branchName
        ORDER BY CAST(SUBSTRING_INDEX(b.transactNo, '-', -1) AS UNSIGNED)
[2025-08-12 10:54:21] Total records fetched: 98
[2025-08-12 10:54:27] WHERE clause: 
[2025-08-12 10:54:27] SQL Query: SELECT b.transactNo, DATE_FORMAT(f.flightDepartureDate, '%Y.%m.%d') AS departureDate, f.returnDepartureDate AS returnDate, 
        b.status AS bookingStatus, CONCAT(f.flightDepartureDate, ' | ', f.returnDepartureDate) AS FlightDate, 
        p.packageName AS PackageName, b.bookingDate, b.pax AS TotalPax,  
        b.totalPrice AS PackagePrice, br.branchName as branchName, COALESCE(SUM(pa.amount), 0) AS TotalAmountPaid,
        CONCAT(a.lName, ', ', a.fName, ' ', IFNULL(CONCAT(SUBSTRING(a.mName, 1, 1), '.'), '')) AS agentName,
        COALESCE(SUM(r.requestCost), 0) AS TotalRequestAmount
        FROM booking b
        JOIN branch br ON b.agentCode = br.branchAgentCode
        JOIN flight f ON f.flightId = b.flightId
        JOIN package p ON p.packageId = b.packageId
        LEFT JOIN agent a ON b.accountType = 'Agent' AND b.accountId = a.accountId
        LEFT JOIN company c ON a.companyId = c.companyId
        LEFT JOIN client cl ON b.accountType = 'Client' AND b.accountId = cl.accountId
        LEFT JOIN company cc ON cl.companyId = cc.companyId
        LEFT JOIN payment pa ON pa.transactNo = b.transactNo AND pa.paymentStatus = 'Approved'
        LEFT JOIN request r ON r.transactNo = b.transactNo AND r.requestStatus = 'Confirmed'
        
        GROUP BY b.transactNo, f.flightDepartureDate, f.returnDepartureDate, b.status, 
                 p.packageName, b.bookingDate, b.pax, b.totalPrice, a.lName, a.fName, a.mName, br.branchName
        ORDER BY CAST(SUBSTRING_INDEX(b.transactNo, '-', -1) AS UNSIGNED)
[2025-08-12 10:54:27] Total records fetched: 98
[2025-08-12 10:56:33] WHERE clause: 
[2025-08-12 10:56:33] SQL Query: SELECT b.transactNo, DATE_FORMAT(f.flightDepartureDate, '%Y.%m.%d') AS departureDate, f.returnDepartureDate AS returnDate, 
        b.status AS bookingStatus, CONCAT(f.flightDepartureDate, ' | ', f.returnDepartureDate) AS FlightDate, 
        p.packageName AS PackageName, b.bookingDate, b.pax AS TotalPax,  
        b.totalPrice AS PackagePrice, br.branchName as branchName, COALESCE(SUM(pa.amount), 0) AS TotalAmountPaid,
        CONCAT(a.lName, ', ', a.fName, ' ', IFNULL(CONCAT(SUBSTRING(a.mName, 1, 1), '.'), '')) AS agentName,
        COALESCE(SUM(r.requestCost), 0) AS TotalRequestAmount
        FROM booking b
        JOIN branch br ON b.agentCode = br.branchAgentCode
        JOIN flight f ON f.flightId = b.flightId
        JOIN package p ON p.packageId = b.packageId
        LEFT JOIN agent a ON b.accountType = 'Agent' AND b.accountId = a.accountId
        LEFT JOIN company c ON a.companyId = c.companyId
        LEFT JOIN client cl ON b.accountType = 'Client' AND b.accountId = cl.accountId
        LEFT JOIN company cc ON cl.companyId = cc.companyId
        LEFT JOIN payment pa ON pa.transactNo = b.transactNo AND pa.paymentStatus = 'Approved'
        LEFT JOIN request r ON r.transactNo = b.transactNo AND r.requestStatus = 'Confirmed'
        
        GROUP BY b.transactNo, f.flightDepartureDate, f.returnDepartureDate, b.status, 
                 p.packageName, b.bookingDate, b.pax, b.totalPrice, a.lName, a.fName, a.mName, br.branchName
        ORDER BY CAST(SUBSTRING_INDEX(b.transactNo, '-', -1) AS UNSIGNED)
[2025-08-12 10:56:33] Total records fetched: 98
[2025-08-12 10:56:40] WHERE clause: 
[2025-08-12 10:56:40] SQL Query: SELECT b.transactNo, DATE_FORMAT(f.flightDepartureDate, '%Y.%m.%d') AS departureDate, f.returnDepartureDate AS returnDate, 
        b.status AS bookingStatus, CONCAT(f.flightDepartureDate, ' | ', f.returnDepartureDate) AS FlightDate, 
        p.packageName AS PackageName, b.bookingDate, b.pax AS TotalPax,  
        b.totalPrice AS PackagePrice, br.branchName as branchName, COALESCE(SUM(pa.amount), 0) AS TotalAmountPaid,
        CONCAT(a.lName, ', ', a.fName, ' ', IFNULL(CONCAT(SUBSTRING(a.mName, 1, 1), '.'), '')) AS agentName,
        COALESCE(SUM(r.requestCost), 0) AS TotalRequestAmount
        FROM booking b
        JOIN branch br ON b.agentCode = br.branchAgentCode
        JOIN flight f ON f.flightId = b.flightId
        JOIN package p ON p.packageId = b.packageId
        LEFT JOIN agent a ON b.accountType = 'Agent' AND b.accountId = a.accountId
        LEFT JOIN company c ON a.companyId = c.companyId
        LEFT JOIN client cl ON b.accountType = 'Client' AND b.accountId = cl.accountId
        LEFT JOIN company cc ON cl.companyId = cc.companyId
        LEFT JOIN payment pa ON pa.transactNo = b.transactNo AND pa.paymentStatus = 'Approved'
        LEFT JOIN request r ON r.transactNo = b.transactNo AND r.requestStatus = 'Confirmed'
        
        GROUP BY b.transactNo, f.flightDepartureDate, f.returnDepartureDate, b.status, 
                 p.packageName, b.bookingDate, b.pax, b.totalPrice, a.lName, a.fName, a.mName, br.branchName
        ORDER BY CAST(SUBSTRING_INDEX(b.transactNo, '-', -1) AS UNSIGNED)
[2025-08-12 10:56:40] Total records fetched: 98
[2025-08-12 10:57:12] WHERE clause: 
[2025-08-12 10:57:12] SQL Query: SELECT b.transactNo, DATE_FORMAT(f.flightDepartureDate, '%Y.%m.%d') AS departureDate, f.returnDepartureDate AS returnDate, 
        b.status AS bookingStatus, CONCAT(f.flightDepartureDate, ' | ', f.returnDepartureDate) AS FlightDate, 
        p.packageName AS PackageName, b.bookingDate, b.pax AS TotalPax,  
        b.totalPrice AS PackagePrice, br.branchName as branchName, COALESCE(SUM(pa.amount), 0) AS TotalAmountPaid,
        CONCAT(a.lName, ', ', a.fName, ' ', IFNULL(CONCAT(SUBSTRING(a.mName, 1, 1), '.'), '')) AS agentName,
        COALESCE(SUM(r.requestCost), 0) AS TotalRequestAmount
        FROM booking b
        JOIN branch br ON b.agentCode = br.branchAgentCode
        JOIN flight f ON f.flightId = b.flightId
        JOIN package p ON p.packageId = b.packageId
        LEFT JOIN agent a ON b.accountType = 'Agent' AND b.accountId = a.accountId
        LEFT JOIN company c ON a.companyId = c.companyId
        LEFT JOIN client cl ON b.accountType = 'Client' AND b.accountId = cl.accountId
        LEFT JOIN company cc ON cl.companyId = cc.companyId
        LEFT JOIN payment pa ON pa.transactNo = b.transactNo AND pa.paymentStatus = 'Approved'
        LEFT JOIN request r ON r.transactNo = b.transactNo AND r.requestStatus = 'Confirmed'
        
        GROUP BY b.transactNo, f.flightDepartureDate, f.returnDepartureDate, b.status, 
                 p.packageName, b.bookingDate, b.pax, b.totalPrice, a.lName, a.fName, a.mName, br.branchName
        ORDER BY CAST(SUBSTRING_INDEX(b.transactNo, '-', -1) AS UNSIGNED)
[2025-08-12 10:57:12] Total records fetched: 98
[2025-08-12 10:57:36] WHERE clause: 
[2025-08-12 10:57:36] SQL Query: SELECT b.transactNo, DATE_FORMAT(f.flightDepartureDate, '%Y.%m.%d') AS departureDate, f.returnDepartureDate AS returnDate, 
        b.status AS bookingStatus, CONCAT(f.flightDepartureDate, ' | ', f.returnDepartureDate) AS FlightDate, 
        p.packageName AS PackageName, b.bookingDate, b.pax AS TotalPax,  
        b.totalPrice AS PackagePrice, br.branchName as branchName, COALESCE(SUM(pa.amount), 0) AS TotalAmountPaid,
        CONCAT(a.lName, ', ', a.fName, ' ', IFNULL(CONCAT(SUBSTRING(a.mName, 1, 1), '.'), '')) AS agentName,
        COALESCE(SUM(r.requestCost), 0) AS TotalRequestAmount
        FROM booking b
        JOIN branch br ON b.agentCode = br.branchAgentCode
        JOIN flight f ON f.flightId = b.flightId
        JOIN package p ON p.packageId = b.packageId
        LEFT JOIN agent a ON b.accountType = 'Agent' AND b.accountId = a.accountId
        LEFT JOIN company c ON a.companyId = c.companyId
        LEFT JOIN client cl ON b.accountType = 'Client' AND b.accountId = cl.accountId
        LEFT JOIN company cc ON cl.companyId = cc.companyId
        LEFT JOIN payment pa ON pa.transactNo = b.transactNo AND pa.paymentStatus = 'Approved'
        LEFT JOIN request r ON r.transactNo = b.transactNo AND r.requestStatus = 'Confirmed'
        
        GROUP BY b.transactNo, f.flightDepartureDate, f.returnDepartureDate, b.status, 
                 p.packageName, b.bookingDate, b.pax, b.totalPrice, a.lName, a.fName, a.mName, br.branchName
        ORDER BY CAST(SUBSTRING_INDEX(b.transactNo, '-', -1) AS UNSIGNED)
[2025-08-12 10:57:36] Total records fetched: 98
[2025-08-12 11:01:16] WHERE clause: 
[2025-08-12 11:01:16] SQL Query: SELECT b.transactNo, DATE_FORMAT(f.flightDepartureDate, '%Y.%m.%d') AS departureDate, f.returnDepartureDate AS returnDate, 
        b.status AS bookingStatus, CONCAT(f.flightDepartureDate, ' | ', f.returnDepartureDate) AS FlightDate, 
        p.packageName AS PackageName, b.bookingDate, b.pax AS TotalPax,  
        b.totalPrice AS PackagePrice, br.branchName as branchName, COALESCE(SUM(pa.amount), 0) AS TotalAmountPaid,
        CONCAT(a.lName, ', ', a.fName, ' ', IFNULL(CONCAT(SUBSTRING(a.mName, 1, 1), '.'), '')) AS agentName,
        COALESCE(SUM(r.requestCost), 0) AS TotalRequestAmount
        FROM booking b
        JOIN branch br ON b.agentCode = br.branchAgentCode
        JOIN flight f ON f.flightId = b.flightId
        JOIN package p ON p.packageId = b.packageId
        LEFT JOIN agent a ON b.accountType = 'Agent' AND b.accountId = a.accountId
        LEFT JOIN company c ON a.companyId = c.companyId
        LEFT JOIN client cl ON b.accountType = 'Client' AND b.accountId = cl.accountId
        LEFT JOIN company cc ON cl.companyId = cc.companyId
        LEFT JOIN payment pa ON pa.transactNo = b.transactNo AND pa.paymentStatus = 'Approved'
        LEFT JOIN request r ON r.transactNo = b.transactNo AND r.requestStatus = 'Confirmed'
        
        GROUP BY b.transactNo, f.flightDepartureDate, f.returnDepartureDate, b.status, 
                 p.packageName, b.bookingDate, b.pax, b.totalPrice, a.lName, a.fName, a.mName, br.branchName
        ORDER BY CAST(SUBSTRING_INDEX(b.transactNo, '-', -1) AS UNSIGNED)
[2025-08-12 11:01:16] Total records fetched: 98
[2025-08-12 11:01:17] WHERE clause: 
[2025-08-12 11:01:17] SQL Query: SELECT b.transactNo, DATE_FORMAT(f.flightDepartureDate, '%Y.%m.%d') AS departureDate, f.returnDepartureDate AS returnDate, 
        b.status AS bookingStatus, CONCAT(f.flightDepartureDate, ' | ', f.returnDepartureDate) AS FlightDate, 
        p.packageName AS PackageName, b.bookingDate, b.pax AS TotalPax,  
        b.totalPrice AS PackagePrice, br.branchName as branchName, COALESCE(SUM(pa.amount), 0) AS TotalAmountPaid,
        CONCAT(a.lName, ', ', a.fName, ' ', IFNULL(CONCAT(SUBSTRING(a.mName, 1, 1), '.'), '')) AS agentName,
        COALESCE(SUM(r.requestCost), 0) AS TotalRequestAmount
        FROM booking b
        JOIN branch br ON b.agentCode = br.branchAgentCode
        JOIN flight f ON f.flightId = b.flightId
        JOIN package p ON p.packageId = b.packageId
        LEFT JOIN agent a ON b.accountType = 'Agent' AND b.accountId = a.accountId
        LEFT JOIN company c ON a.companyId = c.companyId
        LEFT JOIN client cl ON b.accountType = 'Client' AND b.accountId = cl.accountId
        LEFT JOIN company cc ON cl.companyId = cc.companyId
        LEFT JOIN payment pa ON pa.transactNo = b.transactNo AND pa.paymentStatus = 'Approved'
        LEFT JOIN request r ON r.transactNo = b.transactNo AND r.requestStatus = 'Confirmed'
        
        GROUP BY b.transactNo, f.flightDepartureDate, f.returnDepartureDate, b.status, 
                 p.packageName, b.bookingDate, b.pax, b.totalPrice, a.lName, a.fName, a.mName, br.branchName
        ORDER BY CAST(SUBSTRING_INDEX(b.transactNo, '-', -1) AS UNSIGNED)
[2025-08-12 11:01:17] Total records fetched: 98
[2025-08-12 11:01:21] WHERE clause: 
[2025-08-12 11:01:21] SQL Query: SELECT b.transactNo, DATE_FORMAT(f.flightDepartureDate, '%Y.%m.%d') AS departureDate, f.returnDepartureDate AS returnDate, 
        b.status AS bookingStatus, CONCAT(f.flightDepartureDate, ' | ', f.returnDepartureDate) AS FlightDate, 
        p.packageName AS PackageName, b.bookingDate, b.pax AS TotalPax,  
        b.totalPrice AS PackagePrice, br.branchName as branchName, COALESCE(SUM(pa.amount), 0) AS TotalAmountPaid,
        CONCAT(a.lName, ', ', a.fName, ' ', IFNULL(CONCAT(SUBSTRING(a.mName, 1, 1), '.'), '')) AS agentName,
        COALESCE(SUM(r.requestCost), 0) AS TotalRequestAmount
        FROM booking b
        JOIN branch br ON b.agentCode = br.branchAgentCode
        JOIN flight f ON f.flightId = b.flightId
        JOIN package p ON p.packageId = b.packageId
        LEFT JOIN agent a ON b.accountType = 'Agent' AND b.accountId = a.accountId
        LEFT JOIN company c ON a.companyId = c.companyId
        LEFT JOIN client cl ON b.accountType = 'Client' AND b.accountId = cl.accountId
        LEFT JOIN company cc ON cl.companyId = cc.companyId
        LEFT JOIN payment pa ON pa.transactNo = b.transactNo AND pa.paymentStatus = 'Approved'
        LEFT JOIN request r ON r.transactNo = b.transactNo AND r.requestStatus = 'Confirmed'
        
        GROUP BY b.transactNo, f.flightDepartureDate, f.returnDepartureDate, b.status, 
                 p.packageName, b.bookingDate, b.pax, b.totalPrice, a.lName, a.fName, a.mName, br.branchName
        ORDER BY CAST(SUBSTRING_INDEX(b.transactNo, '-', -1) AS UNSIGNED)
[2025-08-12 11:01:21] Total records fetched: 98
[2025-08-12 11:01:23] WHERE clause: 
[2025-08-12 11:01:23] SQL Query: SELECT b.transactNo, DATE_FORMAT(f.flightDepartureDate, '%Y.%m.%d') AS departureDate, f.returnDepartureDate AS returnDate, 
        b.status AS bookingStatus, CONCAT(f.flightDepartureDate, ' | ', f.returnDepartureDate) AS FlightDate, 
        p.packageName AS PackageName, b.bookingDate, b.pax AS TotalPax,  
        b.totalPrice AS PackagePrice, br.branchName as branchName, COALESCE(SUM(pa.amount), 0) AS TotalAmountPaid,
        CONCAT(a.lName, ', ', a.fName, ' ', IFNULL(CONCAT(SUBSTRING(a.mName, 1, 1), '.'), '')) AS agentName,
        COALESCE(SUM(r.requestCost), 0) AS TotalRequestAmount
        FROM booking b
        JOIN branch br ON b.agentCode = br.branchAgentCode
        JOIN flight f ON f.flightId = b.flightId
        JOIN package p ON p.packageId = b.packageId
        LEFT JOIN agent a ON b.accountType = 'Agent' AND b.accountId = a.accountId
        LEFT JOIN company c ON a.companyId = c.companyId
        LEFT JOIN client cl ON b.accountType = 'Client' AND b.accountId = cl.accountId
        LEFT JOIN company cc ON cl.companyId = cc.companyId
        LEFT JOIN payment pa ON pa.transactNo = b.transactNo AND pa.paymentStatus = 'Approved'
        LEFT JOIN request r ON r.transactNo = b.transactNo AND r.requestStatus = 'Confirmed'
        
        GROUP BY b.transactNo, f.flightDepartureDate, f.returnDepartureDate, b.status, 
                 p.packageName, b.bookingDate, b.pax, b.totalPrice, a.lName, a.fName, a.mName, br.branchName
        ORDER BY CAST(SUBSTRING_INDEX(b.transactNo, '-', -1) AS UNSIGNED)
[2025-08-12 11:01:23] Total records fetched: 98
[2025-08-12 11:01:35] WHERE clause: 
[2025-08-12 11:01:35] SQL Query: SELECT b.transactNo, DATE_FORMAT(f.flightDepartureDate, '%Y.%m.%d') AS departureDate, f.returnDepartureDate AS returnDate, 
        b.status AS bookingStatus, CONCAT(f.flightDepartureDate, ' | ', f.returnDepartureDate) AS FlightDate, 
        p.packageName AS PackageName, b.bookingDate, b.pax AS TotalPax,  
        b.totalPrice AS PackagePrice, br.branchName as branchName, COALESCE(SUM(pa.amount), 0) AS TotalAmountPaid,
        CONCAT(a.lName, ', ', a.fName, ' ', IFNULL(CONCAT(SUBSTRING(a.mName, 1, 1), '.'), '')) AS agentName,
        COALESCE(SUM(r.requestCost), 0) AS TotalRequestAmount
        FROM booking b
        JOIN branch br ON b.agentCode = br.branchAgentCode
        JOIN flight f ON f.flightId = b.flightId
        JOIN package p ON p.packageId = b.packageId
        LEFT JOIN agent a ON b.accountType = 'Agent' AND b.accountId = a.accountId
        LEFT JOIN company c ON a.companyId = c.companyId
        LEFT JOIN client cl ON b.accountType = 'Client' AND b.accountId = cl.accountId
        LEFT JOIN company cc ON cl.companyId = cc.companyId
        LEFT JOIN payment pa ON pa.transactNo = b.transactNo AND pa.paymentStatus = 'Approved'
        LEFT JOIN request r ON r.transactNo = b.transactNo AND r.requestStatus = 'Confirmed'
        
        GROUP BY b.transactNo, f.flightDepartureDate, f.returnDepartureDate, b.status, 
                 p.packageName, b.bookingDate, b.pax, b.totalPrice, a.lName, a.fName, a.mName, br.branchName
        ORDER BY CAST(SUBSTRING_INDEX(b.transactNo, '-', -1) AS UNSIGNED)
[2025-08-12 11:01:35] Total records fetched: 98
[2025-08-12 11:01:59] WHERE clause: 
[2025-08-12 11:01:59] SQL Query: SELECT b.transactNo, DATE_FORMAT(f.flightDepartureDate, '%Y.%m.%d') AS departureDate, f.returnDepartureDate AS returnDate, 
        b.status AS bookingStatus, CONCAT(f.flightDepartureDate, ' | ', f.returnDepartureDate) AS FlightDate, 
        p.packageName AS PackageName, b.bookingDate, b.pax AS TotalPax,  
        b.totalPrice AS PackagePrice, br.branchName as branchName, COALESCE(SUM(pa.amount), 0) AS TotalAmountPaid,
        CONCAT(a.lName, ', ', a.fName, ' ', IFNULL(CONCAT(SUBSTRING(a.mName, 1, 1), '.'), '')) AS agentName,
        COALESCE(SUM(r.requestCost), 0) AS TotalRequestAmount
        FROM booking b
        JOIN branch br ON b.agentCode = br.branchAgentCode
        JOIN flight f ON f.flightId = b.flightId
        JOIN package p ON p.packageId = b.packageId
        LEFT JOIN agent a ON b.accountType = 'Agent' AND b.accountId = a.accountId
        LEFT JOIN company c ON a.companyId = c.companyId
        LEFT JOIN client cl ON b.accountType = 'Client' AND b.accountId = cl.accountId
        LEFT JOIN company cc ON cl.companyId = cc.companyId
        LEFT JOIN payment pa ON pa.transactNo = b.transactNo AND pa.paymentStatus = 'Approved'
        LEFT JOIN request r ON r.transactNo = b.transactNo AND r.requestStatus = 'Confirmed'
        
        GROUP BY b.transactNo, f.flightDepartureDate, f.returnDepartureDate, b.status, 
                 p.packageName, b.bookingDate, b.pax, b.totalPrice, a.lName, a.fName, a.mName, br.branchName
        ORDER BY CAST(SUBSTRING_INDEX(b.transactNo, '-', -1) AS UNSIGNED)
[2025-08-12 11:01:59] Total records fetched: 98
[2025-08-13 03:04:25] WHERE clause: 
[2025-08-13 03:04:25] SQL Query: SELECT b.transactNo, DATE_FORMAT(f.flightDepartureDate, '%Y.%m.%d') AS departureDate, f.returnDepartureDate AS returnDate, 
        b.status AS bookingStatus, CONCAT(f.flightDepartureDate, ' | ', f.returnDepartureDate) AS FlightDate, 
        p.packageName AS PackageName, b.bookingDate, b.pax AS TotalPax,  
        b.totalPrice AS PackagePrice, br.branchName as branchName, COALESCE(SUM(pa.amount), 0) AS TotalAmountPaid,
        CONCAT(a.lName, ', ', a.fName, ' ', IFNULL(CONCAT(SUBSTRING(a.mName, 1, 1), '.'), '')) AS agentName,
        COALESCE(SUM(r.requestCost), 0) AS TotalRequestAmount
        FROM booking b
        JOIN branch br ON b.agentCode = br.branchAgentCode
        JOIN flight f ON f.flightId = b.flightId
        JOIN package p ON p.packageId = b.packageId
        LEFT JOIN agent a ON b.accountType = 'Agent' AND b.accountId = a.accountId
        LEFT JOIN company c ON a.companyId = c.companyId
        LEFT JOIN client cl ON b.accountType = 'Client' AND b.accountId = cl.accountId
        LEFT JOIN company cc ON cl.companyId = cc.companyId
        LEFT JOIN payment pa ON pa.transactNo = b.transactNo AND pa.paymentStatus = 'Approved'
        LEFT JOIN request r ON r.transactNo = b.transactNo AND r.requestStatus = 'Confirmed'
        
        GROUP BY b.transactNo, f.flightDepartureDate, f.returnDepartureDate, b.status, 
                 p.packageName, b.bookingDate, b.pax, b.totalPrice, a.lName, a.fName, a.mName, br.branchName
        ORDER BY CAST(SUBSTRING_INDEX(b.transactNo, '-', -1) AS UNSIGNED)
[2025-08-13 03:04:25] Total records fetched: 98
[2025-08-13 03:04:31] WHERE clause: 
[2025-08-13 03:04:31] SQL Query: SELECT b.transactNo, DATE_FORMAT(f.flightDepartureDate, '%Y.%m.%d') AS departureDate, f.returnDepartureDate AS returnDate, 
        b.status AS bookingStatus, CONCAT(f.flightDepartureDate, ' | ', f.returnDepartureDate) AS FlightDate, 
        p.packageName AS PackageName, b.bookingDate, b.pax AS TotalPax,  
        b.totalPrice AS PackagePrice, br.branchName as branchName, COALESCE(SUM(pa.amount), 0) AS TotalAmountPaid,
        CONCAT(a.lName, ', ', a.fName, ' ', IFNULL(CONCAT(SUBSTRING(a.mName, 1, 1), '.'), '')) AS agentName,
        COALESCE(SUM(r.requestCost), 0) AS TotalRequestAmount
        FROM booking b
        JOIN branch br ON b.agentCode = br.branchAgentCode
        JOIN flight f ON f.flightId = b.flightId
        JOIN package p ON p.packageId = b.packageId
        LEFT JOIN agent a ON b.accountType = 'Agent' AND b.accountId = a.accountId
        LEFT JOIN company c ON a.companyId = c.companyId
        LEFT JOIN client cl ON b.accountType = 'Client' AND b.accountId = cl.accountId
        LEFT JOIN company cc ON cl.companyId = cc.companyId
        LEFT JOIN payment pa ON pa.transactNo = b.transactNo AND pa.paymentStatus = 'Approved'
        LEFT JOIN request r ON r.transactNo = b.transactNo AND r.requestStatus = 'Confirmed'
        
        GROUP BY b.transactNo, f.flightDepartureDate, f.returnDepartureDate, b.status, 
                 p.packageName, b.bookingDate, b.pax, b.totalPrice, a.lName, a.fName, a.mName, br.branchName
        ORDER BY CAST(SUBSTRING_INDEX(b.transactNo, '-', -1) AS UNSIGNED)
[2025-08-13 03:04:31] Total records fetched: 98
[2025-08-13 03:23:31] WHERE clause: 
[2025-08-13 03:23:31] SQL Query: SELECT b.transactNo, DATE_FORMAT(f.flightDepartureDate, '%Y.%m.%d') AS departureDate, f.returnDepartureDate AS returnDate, 
        b.status AS bookingStatus, CONCAT(f.flightDepartureDate, ' | ', f.returnDepartureDate) AS FlightDate, 
        p.packageName AS PackageName, b.bookingDate, b.pax AS TotalPax,  
        b.totalPrice AS PackagePrice, br.branchName as branchName, COALESCE(SUM(pa.amount), 0) AS TotalAmountPaid,
        CONCAT(a.lName, ', ', a.fName, ' ', IFNULL(CONCAT(SUBSTRING(a.mName, 1, 1), '.'), '')) AS agentName,
        COALESCE(SUM(r.requestCost), 0) AS TotalRequestAmount
        FROM booking b
        JOIN branch br ON b.agentCode = br.branchAgentCode
        JOIN flight f ON f.flightId = b.flightId
        JOIN package p ON p.packageId = b.packageId
        LEFT JOIN agent a ON b.accountType = 'Agent' AND b.accountId = a.accountId
        LEFT JOIN company c ON a.companyId = c.companyId
        LEFT JOIN client cl ON b.accountType = 'Client' AND b.accountId = cl.accountId
        LEFT JOIN company cc ON cl.companyId = cc.companyId
        LEFT JOIN payment pa ON pa.transactNo = b.transactNo AND pa.paymentStatus = 'Approved'
        LEFT JOIN request r ON r.transactNo = b.transactNo AND r.requestStatus = 'Confirmed'
        
        GROUP BY b.transactNo, f.flightDepartureDate, f.returnDepartureDate, b.status, 
                 p.packageName, b.bookingDate, b.pax, b.totalPrice, a.lName, a.fName, a.mName, br.branchName
        ORDER BY CAST(SUBSTRING_INDEX(b.transactNo, '-', -1) AS UNSIGNED)
[2025-08-13 03:23:31] Total records fetched: 98
[2025-08-13 03:23:51] WHERE clause: 
[2025-08-13 03:23:51] SQL Query: SELECT b.transactNo, DATE_FORMAT(f.flightDepartureDate, '%Y.%m.%d') AS departureDate, f.returnDepartureDate AS returnDate, 
        b.status AS bookingStatus, CONCAT(f.flightDepartureDate, ' | ', f.returnDepartureDate) AS FlightDate, 
        p.packageName AS PackageName, b.bookingDate, b.pax AS TotalPax,  
        b.totalPrice AS PackagePrice, br.branchName as branchName, COALESCE(SUM(pa.amount), 0) AS TotalAmountPaid,
        CONCAT(a.lName, ', ', a.fName, ' ', IFNULL(CONCAT(SUBSTRING(a.mName, 1, 1), '.'), '')) AS agentName,
        COALESCE(SUM(r.requestCost), 0) AS TotalRequestAmount
        FROM booking b
        JOIN branch br ON b.agentCode = br.branchAgentCode
        JOIN flight f ON f.flightId = b.flightId
        JOIN package p ON p.packageId = b.packageId
        LEFT JOIN agent a ON b.accountType = 'Agent' AND b.accountId = a.accountId
        LEFT JOIN company c ON a.companyId = c.companyId
        LEFT JOIN client cl ON b.accountType = 'Client' AND b.accountId = cl.accountId
        LEFT JOIN company cc ON cl.companyId = cc.companyId
        LEFT JOIN payment pa ON pa.transactNo = b.transactNo AND pa.paymentStatus = 'Approved'
        LEFT JOIN request r ON r.transactNo = b.transactNo AND r.requestStatus = 'Confirmed'
        
        GROUP BY b.transactNo, f.flightDepartureDate, f.returnDepartureDate, b.status, 
                 p.packageName, b.bookingDate, b.pax, b.totalPrice, a.lName, a.fName, a.mName, br.branchName
        ORDER BY CAST(SUBSTRING_INDEX(b.transactNo, '-', -1) AS UNSIGNED)
[2025-08-13 03:23:51] Total records fetched: 98
[2025-08-13 03:23:55] WHERE clause: 
[2025-08-13 03:23:55] SQL Query: SELECT b.transactNo, DATE_FORMAT(f.flightDepartureDate, '%Y.%m.%d') AS departureDate, f.returnDepartureDate AS returnDate, 
        b.status AS bookingStatus, CONCAT(f.flightDepartureDate, ' | ', f.returnDepartureDate) AS FlightDate, 
        p.packageName AS PackageName, b.bookingDate, b.pax AS TotalPax,  
        b.totalPrice AS PackagePrice, br.branchName as branchName, COALESCE(SUM(pa.amount), 0) AS TotalAmountPaid,
        CONCAT(a.lName, ', ', a.fName, ' ', IFNULL(CONCAT(SUBSTRING(a.mName, 1, 1), '.'), '')) AS agentName,
        COALESCE(SUM(r.requestCost), 0) AS TotalRequestAmount
        FROM booking b
        JOIN branch br ON b.agentCode = br.branchAgentCode
        JOIN flight f ON f.flightId = b.flightId
        JOIN package p ON p.packageId = b.packageId
        LEFT JOIN agent a ON b.accountType = 'Agent' AND b.accountId = a.accountId
        LEFT JOIN company c ON a.companyId = c.companyId
        LEFT JOIN client cl ON b.accountType = 'Client' AND b.accountId = cl.accountId
        LEFT JOIN company cc ON cl.companyId = cc.companyId
        LEFT JOIN payment pa ON pa.transactNo = b.transactNo AND pa.paymentStatus = 'Approved'
        LEFT JOIN request r ON r.transactNo = b.transactNo AND r.requestStatus = 'Confirmed'
        
        GROUP BY b.transactNo, f.flightDepartureDate, f.returnDepartureDate, b.status, 
                 p.packageName, b.bookingDate, b.pax, b.totalPrice, a.lName, a.fName, a.mName, br.branchName
        ORDER BY CAST(SUBSTRING_INDEX(b.transactNo, '-', -1) AS UNSIGNED)
[2025-08-13 03:23:55] Total records fetched: 98
[2025-08-13 03:24:02] WHERE clause: 
[2025-08-13 03:24:02] SQL Query: SELECT b.transactNo, DATE_FORMAT(f.flightDepartureDate, '%Y.%m.%d') AS departureDate, f.returnDepartureDate AS returnDate, 
        b.status AS bookingStatus, CONCAT(f.flightDepartureDate, ' | ', f.returnDepartureDate) AS FlightDate, 
        p.packageName AS PackageName, b.bookingDate, b.pax AS TotalPax,  
        b.totalPrice AS PackagePrice, br.branchName as branchName, COALESCE(SUM(pa.amount), 0) AS TotalAmountPaid,
        CONCAT(a.lName, ', ', a.fName, ' ', IFNULL(CONCAT(SUBSTRING(a.mName, 1, 1), '.'), '')) AS agentName,
        COALESCE(SUM(r.requestCost), 0) AS TotalRequestAmount
        FROM booking b
        JOIN branch br ON b.agentCode = br.branchAgentCode
        JOIN flight f ON f.flightId = b.flightId
        JOIN package p ON p.packageId = b.packageId
        LEFT JOIN agent a ON b.accountType = 'Agent' AND b.accountId = a.accountId
        LEFT JOIN company c ON a.companyId = c.companyId
        LEFT JOIN client cl ON b.accountType = 'Client' AND b.accountId = cl.accountId
        LEFT JOIN company cc ON cl.companyId = cc.companyId
        LEFT JOIN payment pa ON pa.transactNo = b.transactNo AND pa.paymentStatus = 'Approved'
        LEFT JOIN request r ON r.transactNo = b.transactNo AND r.requestStatus = 'Confirmed'
        
        GROUP BY b.transactNo, f.flightDepartureDate, f.returnDepartureDate, b.status, 
                 p.packageName, b.bookingDate, b.pax, b.totalPrice, a.lName, a.fName, a.mName, br.branchName
        ORDER BY CAST(SUBSTRING_INDEX(b.transactNo, '-', -1) AS UNSIGNED)
[2025-08-13 03:24:02] Total records fetched: 98
[2025-08-13 03:24:10] WHERE clause: 
[2025-08-13 03:24:10] SQL Query: SELECT b.transactNo, DATE_FORMAT(f.flightDepartureDate, '%Y.%m.%d') AS departureDate, f.returnDepartureDate AS returnDate, 
        b.status AS bookingStatus, CONCAT(f.flightDepartureDate, ' | ', f.returnDepartureDate) AS FlightDate, 
        p.packageName AS PackageName, b.bookingDate, b.pax AS TotalPax,  
        b.totalPrice AS PackagePrice, br.branchName as branchName, COALESCE(SUM(pa.amount), 0) AS TotalAmountPaid,
        CONCAT(a.lName, ', ', a.fName, ' ', IFNULL(CONCAT(SUBSTRING(a.mName, 1, 1), '.'), '')) AS agentName,
        COALESCE(SUM(r.requestCost), 0) AS TotalRequestAmount
        FROM booking b
        JOIN branch br ON b.agentCode = br.branchAgentCode
        JOIN flight f ON f.flightId = b.flightId
        JOIN package p ON p.packageId = b.packageId
        LEFT JOIN agent a ON b.accountType = 'Agent' AND b.accountId = a.accountId
        LEFT JOIN company c ON a.companyId = c.companyId
        LEFT JOIN client cl ON b.accountType = 'Client' AND b.accountId = cl.accountId
        LEFT JOIN company cc ON cl.companyId = cc.companyId
        LEFT JOIN payment pa ON pa.transactNo = b.transactNo AND pa.paymentStatus = 'Approved'
        LEFT JOIN request r ON r.transactNo = b.transactNo AND r.requestStatus = 'Confirmed'
        
        GROUP BY b.transactNo, f.flightDepartureDate, f.returnDepartureDate, b.status, 
                 p.packageName, b.bookingDate, b.pax, b.totalPrice, a.lName, a.fName, a.mName, br.branchName
        ORDER BY CAST(SUBSTRING_INDEX(b.transactNo, '-', -1) AS UNSIGNED)
[2025-08-13 03:24:10] Total records fetched: 98
[2025-08-13 03:24:16] WHERE clause: 
[2025-08-13 03:24:16] SQL Query: SELECT b.transactNo, DATE_FORMAT(f.flightDepartureDate, '%Y.%m.%d') AS departureDate, f.returnDepartureDate AS returnDate, 
        b.status AS bookingStatus, CONCAT(f.flightDepartureDate, ' | ', f.returnDepartureDate) AS FlightDate, 
        p.packageName AS PackageName, b.bookingDate, b.pax AS TotalPax,  
        b.totalPrice AS PackagePrice, br.branchName as branchName, COALESCE(SUM(pa.amount), 0) AS TotalAmountPaid,
        CONCAT(a.lName, ', ', a.fName, ' ', IFNULL(CONCAT(SUBSTRING(a.mName, 1, 1), '.'), '')) AS agentName,
        COALESCE(SUM(r.requestCost), 0) AS TotalRequestAmount
        FROM booking b
        JOIN branch br ON b.agentCode = br.branchAgentCode
        JOIN flight f ON f.flightId = b.flightId
        JOIN package p ON p.packageId = b.packageId
        LEFT JOIN agent a ON b.accountType = 'Agent' AND b.accountId = a.accountId
        LEFT JOIN company c ON a.companyId = c.companyId
        LEFT JOIN client cl ON b.accountType = 'Client' AND b.accountId = cl.accountId
        LEFT JOIN company cc ON cl.companyId = cc.companyId
        LEFT JOIN payment pa ON pa.transactNo = b.transactNo AND pa.paymentStatus = 'Approved'
        LEFT JOIN request r ON r.transactNo = b.transactNo AND r.requestStatus = 'Confirmed'
        
        GROUP BY b.transactNo, f.flightDepartureDate, f.returnDepartureDate, b.status, 
                 p.packageName, b.bookingDate, b.pax, b.totalPrice, a.lName, a.fName, a.mName, br.branchName
        ORDER BY CAST(SUBSTRING_INDEX(b.transactNo, '-', -1) AS UNSIGNED)
[2025-08-13 03:24:16] Total records fetched: 98
[2025-08-13 03:24:23] WHERE clause: 
[2025-08-13 03:24:23] SQL Query: SELECT b.transactNo, DATE_FORMAT(f.flightDepartureDate, '%Y.%m.%d') AS departureDate, f.returnDepartureDate AS returnDate, 
        b.status AS bookingStatus, CONCAT(f.flightDepartureDate, ' | ', f.returnDepartureDate) AS FlightDate, 
        p.packageName AS PackageName, b.bookingDate, b.pax AS TotalPax,  
        b.totalPrice AS PackagePrice, br.branchName as branchName, COALESCE(SUM(pa.amount), 0) AS TotalAmountPaid,
        CONCAT(a.lName, ', ', a.fName, ' ', IFNULL(CONCAT(SUBSTRING(a.mName, 1, 1), '.'), '')) AS agentName,
        COALESCE(SUM(r.requestCost), 0) AS TotalRequestAmount
        FROM booking b
        JOIN branch br ON b.agentCode = br.branchAgentCode
        JOIN flight f ON f.flightId = b.flightId
        JOIN package p ON p.packageId = b.packageId
        LEFT JOIN agent a ON b.accountType = 'Agent' AND b.accountId = a.accountId
        LEFT JOIN company c ON a.companyId = c.companyId
        LEFT JOIN client cl ON b.accountType = 'Client' AND b.accountId = cl.accountId
        LEFT JOIN company cc ON cl.companyId = cc.companyId
        LEFT JOIN payment pa ON pa.transactNo = b.transactNo AND pa.paymentStatus = 'Approved'
        LEFT JOIN request r ON r.transactNo = b.transactNo AND r.requestStatus = 'Confirmed'
        
        GROUP BY b.transactNo, f.flightDepartureDate, f.returnDepartureDate, b.status, 
                 p.packageName, b.bookingDate, b.pax, b.totalPrice, a.lName, a.fName, a.mName, br.branchName
        ORDER BY CAST(SUBSTRING_INDEX(b.transactNo, '-', -1) AS UNSIGNED)
[2025-08-13 03:24:23] Total records fetched: 98
[2025-08-13 03:24:50] WHERE clause: 
[2025-08-13 03:24:50] SQL Query: SELECT b.transactNo, DATE_FORMAT(f.flightDepartureDate, '%Y.%m.%d') AS departureDate, f.returnDepartureDate AS returnDate, 
        b.status AS bookingStatus, CONCAT(f.flightDepartureDate, ' | ', f.returnDepartureDate) AS FlightDate, 
        p.packageName AS PackageName, b.bookingDate, b.pax AS TotalPax,  
        b.totalPrice AS PackagePrice, br.branchName as branchName, COALESCE(SUM(pa.amount), 0) AS TotalAmountPaid,
        CONCAT(a.lName, ', ', a.fName, ' ', IFNULL(CONCAT(SUBSTRING(a.mName, 1, 1), '.'), '')) AS agentName,
        COALESCE(SUM(r.requestCost), 0) AS TotalRequestAmount
        FROM booking b
        JOIN branch br ON b.agentCode = br.branchAgentCode
        JOIN flight f ON f.flightId = b.flightId
        JOIN package p ON p.packageId = b.packageId
        LEFT JOIN agent a ON b.accountType = 'Agent' AND b.accountId = a.accountId
        LEFT JOIN company c ON a.companyId = c.companyId
        LEFT JOIN client cl ON b.accountType = 'Client' AND b.accountId = cl.accountId
        LEFT JOIN company cc ON cl.companyId = cc.companyId
        LEFT JOIN payment pa ON pa.transactNo = b.transactNo AND pa.paymentStatus = 'Approved'
        LEFT JOIN request r ON r.transactNo = b.transactNo AND r.requestStatus = 'Confirmed'
        
        GROUP BY b.transactNo, f.flightDepartureDate, f.returnDepartureDate, b.status, 
                 p.packageName, b.bookingDate, b.pax, b.totalPrice, a.lName, a.fName, a.mName, br.branchName
        ORDER BY CAST(SUBSTRING_INDEX(b.transactNo, '-', -1) AS UNSIGNED)
[2025-08-13 03:24:50] Total records fetched: 98
[2025-08-13 03:25:16] WHERE clause: 
[2025-08-13 03:25:16] SQL Query: SELECT b.transactNo, DATE_FORMAT(f.flightDepartureDate, '%Y.%m.%d') AS departureDate, f.returnDepartureDate AS returnDate, 
        b.status AS bookingStatus, CONCAT(f.flightDepartureDate, ' | ', f.returnDepartureDate) AS FlightDate, 
        p.packageName AS PackageName, b.bookingDate, b.pax AS TotalPax,  
        b.totalPrice AS PackagePrice, br.branchName as branchName, COALESCE(SUM(pa.amount), 0) AS TotalAmountPaid,
        CONCAT(a.lName, ', ', a.fName, ' ', IFNULL(CONCAT(SUBSTRING(a.mName, 1, 1), '.'), '')) AS agentName,
        COALESCE(SUM(r.requestCost), 0) AS TotalRequestAmount
        FROM booking b
        JOIN branch br ON b.agentCode = br.branchAgentCode
        JOIN flight f ON f.flightId = b.flightId
        JOIN package p ON p.packageId = b.packageId
        LEFT JOIN agent a ON b.accountType = 'Agent' AND b.accountId = a.accountId
        LEFT JOIN company c ON a.companyId = c.companyId
        LEFT JOIN client cl ON b.accountType = 'Client' AND b.accountId = cl.accountId
        LEFT JOIN company cc ON cl.companyId = cc.companyId
        LEFT JOIN payment pa ON pa.transactNo = b.transactNo AND pa.paymentStatus = 'Approved'
        LEFT JOIN request r ON r.transactNo = b.transactNo AND r.requestStatus = 'Confirmed'
        
        GROUP BY b.transactNo, f.flightDepartureDate, f.returnDepartureDate, b.status, 
                 p.packageName, b.bookingDate, b.pax, b.totalPrice, a.lName, a.fName, a.mName, br.branchName
        ORDER BY CAST(SUBSTRING_INDEX(b.transactNo, '-', -1) AS UNSIGNED)
[2025-08-13 03:25:16] Total records fetched: 98
[2025-08-13 03:28:13] WHERE clause: 
[2025-08-13 03:28:13] SQL Query: SELECT b.transactNo, DATE_FORMAT(f.flightDepartureDate, '%Y.%m.%d') AS departureDate, f.returnDepartureDate AS returnDate, 
        b.status AS bookingStatus, CONCAT(f.flightDepartureDate, ' | ', f.returnDepartureDate) AS FlightDate, 
        p.packageName AS PackageName, b.bookingDate, b.pax AS TotalPax,  
        b.totalPrice AS PackagePrice, br.branchName as branchName, COALESCE(SUM(pa.amount), 0) AS TotalAmountPaid,
        CONCAT(a.lName, ', ', a.fName, ' ', IFNULL(CONCAT(SUBSTRING(a.mName, 1, 1), '.'), '')) AS agentName,
        COALESCE(SUM(r.requestCost), 0) AS TotalRequestAmount
        FROM booking b
        JOIN branch br ON b.agentCode = br.branchAgentCode
        JOIN flight f ON f.flightId = b.flightId
        JOIN package p ON p.packageId = b.packageId
        LEFT JOIN agent a ON b.accountType = 'Agent' AND b.accountId = a.accountId
        LEFT JOIN company c ON a.companyId = c.companyId
        LEFT JOIN client cl ON b.accountType = 'Client' AND b.accountId = cl.accountId
        LEFT JOIN company cc ON cl.companyId = cc.companyId
        LEFT JOIN payment pa ON pa.transactNo = b.transactNo AND pa.paymentStatus = 'Approved'
        LEFT JOIN request r ON r.transactNo = b.transactNo AND r.requestStatus = 'Confirmed'
        
        GROUP BY b.transactNo, f.flightDepartureDate, f.returnDepartureDate, b.status, 
                 p.packageName, b.bookingDate, b.pax, b.totalPrice, a.lName, a.fName, a.mName, br.branchName
        ORDER BY CAST(SUBSTRING_INDEX(b.transactNo, '-', -1) AS UNSIGNED)
[2025-08-13 03:28:13] Total records fetched: 98
[2025-08-13 03:28:14] WHERE clause: 
[2025-08-13 03:28:14] SQL Query: SELECT b.transactNo, DATE_FORMAT(f.flightDepartureDate, '%Y.%m.%d') AS departureDate, f.returnDepartureDate AS returnDate, 
        b.status AS bookingStatus, CONCAT(f.flightDepartureDate, ' | ', f.returnDepartureDate) AS FlightDate, 
        p.packageName AS PackageName, b.bookingDate, b.pax AS TotalPax,  
        b.totalPrice AS PackagePrice, br.branchName as branchName, COALESCE(SUM(pa.amount), 0) AS TotalAmountPaid,
        CONCAT(a.lName, ', ', a.fName, ' ', IFNULL(CONCAT(SUBSTRING(a.mName, 1, 1), '.'), '')) AS agentName,
        COALESCE(SUM(r.requestCost), 0) AS TotalRequestAmount
        FROM booking b
        JOIN branch br ON b.agentCode = br.branchAgentCode
        JOIN flight f ON f.flightId = b.flightId
        JOIN package p ON p.packageId = b.packageId
        LEFT JOIN agent a ON b.accountType = 'Agent' AND b.accountId = a.accountId
        LEFT JOIN company c ON a.companyId = c.companyId
        LEFT JOIN client cl ON b.accountType = 'Client' AND b.accountId = cl.accountId
        LEFT JOIN company cc ON cl.companyId = cc.companyId
        LEFT JOIN payment pa ON pa.transactNo = b.transactNo AND pa.paymentStatus = 'Approved'
        LEFT JOIN request r ON r.transactNo = b.transactNo AND r.requestStatus = 'Confirmed'
        
        GROUP BY b.transactNo, f.flightDepartureDate, f.returnDepartureDate, b.status, 
                 p.packageName, b.bookingDate, b.pax, b.totalPrice, a.lName, a.fName, a.mName, br.branchName
        ORDER BY CAST(SUBSTRING_INDEX(b.transactNo, '-', -1) AS UNSIGNED)
[2025-08-13 03:28:14] Total records fetched: 98
[2025-08-13 03:28:15] WHERE clause: 
[2025-08-13 03:28:15] SQL Query: SELECT b.transactNo, DATE_FORMAT(f.flightDepartureDate, '%Y.%m.%d') AS departureDate, f.returnDepartureDate AS returnDate, 
        b.status AS bookingStatus, CONCAT(f.flightDepartureDate, ' | ', f.returnDepartureDate) AS FlightDate, 
        p.packageName AS PackageName, b.bookingDate, b.pax AS TotalPax,  
        b.totalPrice AS PackagePrice, br.branchName as branchName, COALESCE(SUM(pa.amount), 0) AS TotalAmountPaid,
        CONCAT(a.lName, ', ', a.fName, ' ', IFNULL(CONCAT(SUBSTRING(a.mName, 1, 1), '.'), '')) AS agentName,
        COALESCE(SUM(r.requestCost), 0) AS TotalRequestAmount
        FROM booking b
        JOIN branch br ON b.agentCode = br.branchAgentCode
        JOIN flight f ON f.flightId = b.flightId
        JOIN package p ON p.packageId = b.packageId
        LEFT JOIN agent a ON b.accountType = 'Agent' AND b.accountId = a.accountId
        LEFT JOIN company c ON a.companyId = c.companyId
        LEFT JOIN client cl ON b.accountType = 'Client' AND b.accountId = cl.accountId
        LEFT JOIN company cc ON cl.companyId = cc.companyId
        LEFT JOIN payment pa ON pa.transactNo = b.transactNo AND pa.paymentStatus = 'Approved'
        LEFT JOIN request r ON r.transactNo = b.transactNo AND r.requestStatus = 'Confirmed'
        
        GROUP BY b.transactNo, f.flightDepartureDate, f.returnDepartureDate, b.status, 
                 p.packageName, b.bookingDate, b.pax, b.totalPrice, a.lName, a.fName, a.mName, br.branchName
        ORDER BY CAST(SUBSTRING_INDEX(b.transactNo, '-', -1) AS UNSIGNED)
[2025-08-13 03:28:15] Total records fetched: 98
[2025-08-13 03:28:16] WHERE clause: 
[2025-08-13 03:28:16] SQL Query: SELECT b.transactNo, DATE_FORMAT(f.flightDepartureDate, '%Y.%m.%d') AS departureDate, f.returnDepartureDate AS returnDate, 
        b.status AS bookingStatus, CONCAT(f.flightDepartureDate, ' | ', f.returnDepartureDate) AS FlightDate, 
        p.packageName AS PackageName, b.bookingDate, b.pax AS TotalPax,  
        b.totalPrice AS PackagePrice, br.branchName as branchName, COALESCE(SUM(pa.amount), 0) AS TotalAmountPaid,
        CONCAT(a.lName, ', ', a.fName, ' ', IFNULL(CONCAT(SUBSTRING(a.mName, 1, 1), '.'), '')) AS agentName,
        COALESCE(SUM(r.requestCost), 0) AS TotalRequestAmount
        FROM booking b
        JOIN branch br ON b.agentCode = br.branchAgentCode
        JOIN flight f ON f.flightId = b.flightId
        JOIN package p ON p.packageId = b.packageId
        LEFT JOIN agent a ON b.accountType = 'Agent' AND b.accountId = a.accountId
        LEFT JOIN company c ON a.companyId = c.companyId
        LEFT JOIN client cl ON b.accountType = 'Client' AND b.accountId = cl.accountId
        LEFT JOIN company cc ON cl.companyId = cc.companyId
        LEFT JOIN payment pa ON pa.transactNo = b.transactNo AND pa.paymentStatus = 'Approved'
        LEFT JOIN request r ON r.transactNo = b.transactNo AND r.requestStatus = 'Confirmed'
        
        GROUP BY b.transactNo, f.flightDepartureDate, f.returnDepartureDate, b.status, 
                 p.packageName, b.bookingDate, b.pax, b.totalPrice, a.lName, a.fName, a.mName, br.branchName
        ORDER BY CAST(SUBSTRING_INDEX(b.transactNo, '-', -1) AS UNSIGNED)
[2025-08-13 03:28:16] Total records fetched: 98
[2025-08-13 03:28:17] WHERE clause: 
[2025-08-13 03:28:17] SQL Query: SELECT b.transactNo, DATE_FORMAT(f.flightDepartureDate, '%Y.%m.%d') AS departureDate, f.returnDepartureDate AS returnDate, 
        b.status AS bookingStatus, CONCAT(f.flightDepartureDate, ' | ', f.returnDepartureDate) AS FlightDate, 
        p.packageName AS PackageName, b.bookingDate, b.pax AS TotalPax,  
        b.totalPrice AS PackagePrice, br.branchName as branchName, COALESCE(SUM(pa.amount), 0) AS TotalAmountPaid,
        CONCAT(a.lName, ', ', a.fName, ' ', IFNULL(CONCAT(SUBSTRING(a.mName, 1, 1), '.'), '')) AS agentName,
        COALESCE(SUM(r.requestCost), 0) AS TotalRequestAmount
        FROM booking b
        JOIN branch br ON b.agentCode = br.branchAgentCode
        JOIN flight f ON f.flightId = b.flightId
        JOIN package p ON p.packageId = b.packageId
        LEFT JOIN agent a ON b.accountType = 'Agent' AND b.accountId = a.accountId
        LEFT JOIN company c ON a.companyId = c.companyId
        LEFT JOIN client cl ON b.accountType = 'Client' AND b.accountId = cl.accountId
        LEFT JOIN company cc ON cl.companyId = cc.companyId
        LEFT JOIN payment pa ON pa.transactNo = b.transactNo AND pa.paymentStatus = 'Approved'
        LEFT JOIN request r ON r.transactNo = b.transactNo AND r.requestStatus = 'Confirmed'
        
        GROUP BY b.transactNo, f.flightDepartureDate, f.returnDepartureDate, b.status, 
                 p.packageName, b.bookingDate, b.pax, b.totalPrice, a.lName, a.fName, a.mName, br.branchName
        ORDER BY CAST(SUBSTRING_INDEX(b.transactNo, '-', -1) AS UNSIGNED)
[2025-08-13 03:28:17] Total records fetched: 98
[2025-08-13 03:28:18] WHERE clause: 
[2025-08-13 03:28:18] SQL Query: SELECT b.transactNo, DATE_FORMAT(f.flightDepartureDate, '%Y.%m.%d') AS departureDate, f.returnDepartureDate AS returnDate, 
        b.status AS bookingStatus, CONCAT(f.flightDepartureDate, ' | ', f.returnDepartureDate) AS FlightDate, 
        p.packageName AS PackageName, b.bookingDate, b.pax AS TotalPax,  
        b.totalPrice AS PackagePrice, br.branchName as branchName, COALESCE(SUM(pa.amount), 0) AS TotalAmountPaid,
        CONCAT(a.lName, ', ', a.fName, ' ', IFNULL(CONCAT(SUBSTRING(a.mName, 1, 1), '.'), '')) AS agentName,
        COALESCE(SUM(r.requestCost), 0) AS TotalRequestAmount
        FROM booking b
        JOIN branch br ON b.agentCode = br.branchAgentCode
        JOIN flight f ON f.flightId = b.flightId
        JOIN package p ON p.packageId = b.packageId
        LEFT JOIN agent a ON b.accountType = 'Agent' AND b.accountId = a.accountId
        LEFT JOIN company c ON a.companyId = c.companyId
        LEFT JOIN client cl ON b.accountType = 'Client' AND b.accountId = cl.accountId
        LEFT JOIN company cc ON cl.companyId = cc.companyId
        LEFT JOIN payment pa ON pa.transactNo = b.transactNo AND pa.paymentStatus = 'Approved'
        LEFT JOIN request r ON r.transactNo = b.transactNo AND r.requestStatus = 'Confirmed'
        
        GROUP BY b.transactNo, f.flightDepartureDate, f.returnDepartureDate, b.status, 
                 p.packageName, b.bookingDate, b.pax, b.totalPrice, a.lName, a.fName, a.mName, br.branchName
        ORDER BY CAST(SUBSTRING_INDEX(b.transactNo, '-', -1) AS UNSIGNED)
[2025-08-13 03:28:18] Total records fetched: 98
[2025-08-13 03:28:23] WHERE clause: 
[2025-08-13 03:28:23] SQL Query: SELECT b.transactNo, DATE_FORMAT(f.flightDepartureDate, '%Y.%m.%d') AS departureDate, f.returnDepartureDate AS returnDate, 
        b.status AS bookingStatus, CONCAT(f.flightDepartureDate, ' | ', f.returnDepartureDate) AS FlightDate, 
        p.packageName AS PackageName, b.bookingDate, b.pax AS TotalPax,  
        b.totalPrice AS PackagePrice, br.branchName as branchName, COALESCE(SUM(pa.amount), 0) AS TotalAmountPaid,
        CONCAT(a.lName, ', ', a.fName, ' ', IFNULL(CONCAT(SUBSTRING(a.mName, 1, 1), '.'), '')) AS agentName,
        COALESCE(SUM(r.requestCost), 0) AS TotalRequestAmount
        FROM booking b
        JOIN branch br ON b.agentCode = br.branchAgentCode
        JOIN flight f ON f.flightId = b.flightId
        JOIN package p ON p.packageId = b.packageId
        LEFT JOIN agent a ON b.accountType = 'Agent' AND b.accountId = a.accountId
        LEFT JOIN company c ON a.companyId = c.companyId
        LEFT JOIN client cl ON b.accountType = 'Client' AND b.accountId = cl.accountId
        LEFT JOIN company cc ON cl.companyId = cc.companyId
        LEFT JOIN payment pa ON pa.transactNo = b.transactNo AND pa.paymentStatus = 'Approved'
        LEFT JOIN request r ON r.transactNo = b.transactNo AND r.requestStatus = 'Confirmed'
        
        GROUP BY b.transactNo, f.flightDepartureDate, f.returnDepartureDate, b.status, 
                 p.packageName, b.bookingDate, b.pax, b.totalPrice, a.lName, a.fName, a.mName, br.branchName
        ORDER BY CAST(SUBSTRING_INDEX(b.transactNo, '-', -1) AS UNSIGNED)
[2025-08-13 03:28:23] Total records fetched: 98
[2025-08-13 03:28:23] WHERE clause: 
[2025-08-13 03:28:23] SQL Query: SELECT b.transactNo, DATE_FORMAT(f.flightDepartureDate, '%Y.%m.%d') AS departureDate, f.returnDepartureDate AS returnDate, 
        b.status AS bookingStatus, CONCAT(f.flightDepartureDate, ' | ', f.returnDepartureDate) AS FlightDate, 
        p.packageName AS PackageName, b.bookingDate, b.pax AS TotalPax,  
        b.totalPrice AS PackagePrice, br.branchName as branchName, COALESCE(SUM(pa.amount), 0) AS TotalAmountPaid,
        CONCAT(a.lName, ', ', a.fName, ' ', IFNULL(CONCAT(SUBSTRING(a.mName, 1, 1), '.'), '')) AS agentName,
        COALESCE(SUM(r.requestCost), 0) AS TotalRequestAmount
        FROM booking b
        JOIN branch br ON b.agentCode = br.branchAgentCode
        JOIN flight f ON f.flightId = b.flightId
        JOIN package p ON p.packageId = b.packageId
        LEFT JOIN agent a ON b.accountType = 'Agent' AND b.accountId = a.accountId
        LEFT JOIN company c ON a.companyId = c.companyId
        LEFT JOIN client cl ON b.accountType = 'Client' AND b.accountId = cl.accountId
        LEFT JOIN company cc ON cl.companyId = cc.companyId
        LEFT JOIN payment pa ON pa.transactNo = b.transactNo AND pa.paymentStatus = 'Approved'
        LEFT JOIN request r ON r.transactNo = b.transactNo AND r.requestStatus = 'Confirmed'
        
        GROUP BY b.transactNo, f.flightDepartureDate, f.returnDepartureDate, b.status, 
                 p.packageName, b.bookingDate, b.pax, b.totalPrice, a.lName, a.fName, a.mName, br.branchName
        ORDER BY CAST(SUBSTRING_INDEX(b.transactNo, '-', -1) AS UNSIGNED)
[2025-08-13 03:28:23] Total records fetched: 98
[2025-08-13 03:28:24] WHERE clause: 
[2025-08-13 03:28:24] SQL Query: SELECT b.transactNo, DATE_FORMAT(f.flightDepartureDate, '%Y.%m.%d') AS departureDate, f.returnDepartureDate AS returnDate, 
        b.status AS bookingStatus, CONCAT(f.flightDepartureDate, ' | ', f.returnDepartureDate) AS FlightDate, 
        p.packageName AS PackageName, b.bookingDate, b.pax AS TotalPax,  
        b.totalPrice AS PackagePrice, br.branchName as branchName, COALESCE(SUM(pa.amount), 0) AS TotalAmountPaid,
        CONCAT(a.lName, ', ', a.fName, ' ', IFNULL(CONCAT(SUBSTRING(a.mName, 1, 1), '.'), '')) AS agentName,
        COALESCE(SUM(r.requestCost), 0) AS TotalRequestAmount
        FROM booking b
        JOIN branch br ON b.agentCode = br.branchAgentCode
        JOIN flight f ON f.flightId = b.flightId
        JOIN package p ON p.packageId = b.packageId
        LEFT JOIN agent a ON b.accountType = 'Agent' AND b.accountId = a.accountId
        LEFT JOIN company c ON a.companyId = c.companyId
        LEFT JOIN client cl ON b.accountType = 'Client' AND b.accountId = cl.accountId
        LEFT JOIN company cc ON cl.companyId = cc.companyId
        LEFT JOIN payment pa ON pa.transactNo = b.transactNo AND pa.paymentStatus = 'Approved'
        LEFT JOIN request r ON r.transactNo = b.transactNo AND r.requestStatus = 'Confirmed'
        
        GROUP BY b.transactNo, f.flightDepartureDate, f.returnDepartureDate, b.status, 
                 p.packageName, b.bookingDate, b.pax, b.totalPrice, a.lName, a.fName, a.mName, br.branchName
        ORDER BY CAST(SUBSTRING_INDEX(b.transactNo, '-', -1) AS UNSIGNED)
[2025-08-13 03:28:24] Total records fetched: 98
[2025-08-13 03:28:24] WHERE clause: 
[2025-08-13 03:28:24] SQL Query: SELECT b.transactNo, DATE_FORMAT(f.flightDepartureDate, '%Y.%m.%d') AS departureDate, f.returnDepartureDate AS returnDate, 
        b.status AS bookingStatus, CONCAT(f.flightDepartureDate, ' | ', f.returnDepartureDate) AS FlightDate, 
        p.packageName AS PackageName, b.bookingDate, b.pax AS TotalPax,  
        b.totalPrice AS PackagePrice, br.branchName as branchName, COALESCE(SUM(pa.amount), 0) AS TotalAmountPaid,
        CONCAT(a.lName, ', ', a.fName, ' ', IFNULL(CONCAT(SUBSTRING(a.mName, 1, 1), '.'), '')) AS agentName,
        COALESCE(SUM(r.requestCost), 0) AS TotalRequestAmount
        FROM booking b
        JOIN branch br ON b.agentCode = br.branchAgentCode
        JOIN flight f ON f.flightId = b.flightId
        JOIN package p ON p.packageId = b.packageId
        LEFT JOIN agent a ON b.accountType = 'Agent' AND b.accountId = a.accountId
        LEFT JOIN company c ON a.companyId = c.companyId
        LEFT JOIN client cl ON b.accountType = 'Client' AND b.accountId = cl.accountId
        LEFT JOIN company cc ON cl.companyId = cc.companyId
        LEFT JOIN payment pa ON pa.transactNo = b.transactNo AND pa.paymentStatus = 'Approved'
        LEFT JOIN request r ON r.transactNo = b.transactNo AND r.requestStatus = 'Confirmed'
        
        GROUP BY b.transactNo, f.flightDepartureDate, f.returnDepartureDate, b.status, 
                 p.packageName, b.bookingDate, b.pax, b.totalPrice, a.lName, a.fName, a.mName, br.branchName
        ORDER BY CAST(SUBSTRING_INDEX(b.transactNo, '-', -1) AS UNSIGNED)
[2025-08-13 03:28:24] Total records fetched: 98
[2025-08-13 03:28:25] WHERE clause: 
[2025-08-13 03:28:25] SQL Query: SELECT b.transactNo, DATE_FORMAT(f.flightDepartureDate, '%Y.%m.%d') AS departureDate, f.returnDepartureDate AS returnDate, 
        b.status AS bookingStatus, CONCAT(f.flightDepartureDate, ' | ', f.returnDepartureDate) AS FlightDate, 
        p.packageName AS PackageName, b.bookingDate, b.pax AS TotalPax,  
        b.totalPrice AS PackagePrice, br.branchName as branchName, COALESCE(SUM(pa.amount), 0) AS TotalAmountPaid,
        CONCAT(a.lName, ', ', a.fName, ' ', IFNULL(CONCAT(SUBSTRING(a.mName, 1, 1), '.'), '')) AS agentName,
        COALESCE(SUM(r.requestCost), 0) AS TotalRequestAmount
        FROM booking b
        JOIN branch br ON b.agentCode = br.branchAgentCode
        JOIN flight f ON f.flightId = b.flightId
        JOIN package p ON p.packageId = b.packageId
        LEFT JOIN agent a ON b.accountType = 'Agent' AND b.accountId = a.accountId
        LEFT JOIN company c ON a.companyId = c.companyId
        LEFT JOIN client cl ON b.accountType = 'Client' AND b.accountId = cl.accountId
        LEFT JOIN company cc ON cl.companyId = cc.companyId
        LEFT JOIN payment pa ON pa.transactNo = b.transactNo AND pa.paymentStatus = 'Approved'
        LEFT JOIN request r ON r.transactNo = b.transactNo AND r.requestStatus = 'Confirmed'
        
        GROUP BY b.transactNo, f.flightDepartureDate, f.returnDepartureDate, b.status, 
                 p.packageName, b.bookingDate, b.pax, b.totalPrice, a.lName, a.fName, a.mName, br.branchName
        ORDER BY CAST(SUBSTRING_INDEX(b.transactNo, '-', -1) AS UNSIGNED)
[2025-08-13 03:28:25] Total records fetched: 98
[2025-08-13 03:28:25] WHERE clause: 
[2025-08-13 03:28:25] SQL Query: SELECT b.transactNo, DATE_FORMAT(f.flightDepartureDate, '%Y.%m.%d') AS departureDate, f.returnDepartureDate AS returnDate, 
        b.status AS bookingStatus, CONCAT(f.flightDepartureDate, ' | ', f.returnDepartureDate) AS FlightDate, 
        p.packageName AS PackageName, b.bookingDate, b.pax AS TotalPax,  
        b.totalPrice AS PackagePrice, br.branchName as branchName, COALESCE(SUM(pa.amount), 0) AS TotalAmountPaid,
        CONCAT(a.lName, ', ', a.fName, ' ', IFNULL(CONCAT(SUBSTRING(a.mName, 1, 1), '.'), '')) AS agentName,
        COALESCE(SUM(r.requestCost), 0) AS TotalRequestAmount
        FROM booking b
        JOIN branch br ON b.agentCode = br.branchAgentCode
        JOIN flight f ON f.flightId = b.flightId
        JOIN package p ON p.packageId = b.packageId
        LEFT JOIN agent a ON b.accountType = 'Agent' AND b.accountId = a.accountId
        LEFT JOIN company c ON a.companyId = c.companyId
        LEFT JOIN client cl ON b.accountType = 'Client' AND b.accountId = cl.accountId
        LEFT JOIN company cc ON cl.companyId = cc.companyId
        LEFT JOIN payment pa ON pa.transactNo = b.transactNo AND pa.paymentStatus = 'Approved'
        LEFT JOIN request r ON r.transactNo = b.transactNo AND r.requestStatus = 'Confirmed'
        
        GROUP BY b.transactNo, f.flightDepartureDate, f.returnDepartureDate, b.status, 
                 p.packageName, b.bookingDate, b.pax, b.totalPrice, a.lName, a.fName, a.mName, br.branchName
        ORDER BY CAST(SUBSTRING_INDEX(b.transactNo, '-', -1) AS UNSIGNED)
[2025-08-13 03:28:25] Total records fetched: 98
[2025-08-13 03:28:25] WHERE clause: 
[2025-08-13 03:28:25] SQL Query: SELECT b.transactNo, DATE_FORMAT(f.flightDepartureDate, '%Y.%m.%d') AS departureDate, f.returnDepartureDate AS returnDate, 
        b.status AS bookingStatus, CONCAT(f.flightDepartureDate, ' | ', f.returnDepartureDate) AS FlightDate, 
        p.packageName AS PackageName, b.bookingDate, b.pax AS TotalPax,  
        b.totalPrice AS PackagePrice, br.branchName as branchName, COALESCE(SUM(pa.amount), 0) AS TotalAmountPaid,
        CONCAT(a.lName, ', ', a.fName, ' ', IFNULL(CONCAT(SUBSTRING(a.mName, 1, 1), '.'), '')) AS agentName,
        COALESCE(SUM(r.requestCost), 0) AS TotalRequestAmount
        FROM booking b
        JOIN branch br ON b.agentCode = br.branchAgentCode
        JOIN flight f ON f.flightId = b.flightId
        JOIN package p ON p.packageId = b.packageId
        LEFT JOIN agent a ON b.accountType = 'Agent' AND b.accountId = a.accountId
        LEFT JOIN company c ON a.companyId = c.companyId
        LEFT JOIN client cl ON b.accountType = 'Client' AND b.accountId = cl.accountId
        LEFT JOIN company cc ON cl.companyId = cc.companyId
        LEFT JOIN payment pa ON pa.transactNo = b.transactNo AND pa.paymentStatus = 'Approved'
        LEFT JOIN request r ON r.transactNo = b.transactNo AND r.requestStatus = 'Confirmed'
        
        GROUP BY b.transactNo, f.flightDepartureDate, f.returnDepartureDate, b.status, 
                 p.packageName, b.bookingDate, b.pax, b.totalPrice, a.lName, a.fName, a.mName, br.branchName
        ORDER BY CAST(SUBSTRING_INDEX(b.transactNo, '-', -1) AS UNSIGNED)
[2025-08-13 03:28:25] Total records fetched: 98
[2025-08-13 03:28:49] WHERE clause: 
[2025-08-13 03:28:49] SQL Query: SELECT b.transactNo, DATE_FORMAT(f.flightDepartureDate, '%Y.%m.%d') AS departureDate, f.returnDepartureDate AS returnDate, 
        b.status AS bookingStatus, CONCAT(f.flightDepartureDate, ' | ', f.returnDepartureDate) AS FlightDate, 
        p.packageName AS PackageName, b.bookingDate, b.pax AS TotalPax,  
        b.totalPrice AS PackagePrice, br.branchName as branchName, COALESCE(SUM(pa.amount), 0) AS TotalAmountPaid,
        CONCAT(a.lName, ', ', a.fName, ' ', IFNULL(CONCAT(SUBSTRING(a.mName, 1, 1), '.'), '')) AS agentName,
        COALESCE(SUM(r.requestCost), 0) AS TotalRequestAmount
        FROM booking b
        JOIN branch br ON b.agentCode = br.branchAgentCode
        JOIN flight f ON f.flightId = b.flightId
        JOIN package p ON p.packageId = b.packageId
        LEFT JOIN agent a ON b.accountType = 'Agent' AND b.accountId = a.accountId
        LEFT JOIN company c ON a.companyId = c.companyId
        LEFT JOIN client cl ON b.accountType = 'Client' AND b.accountId = cl.accountId
        LEFT JOIN company cc ON cl.companyId = cc.companyId
        LEFT JOIN payment pa ON pa.transactNo = b.transactNo AND pa.paymentStatus = 'Approved'
        LEFT JOIN request r ON r.transactNo = b.transactNo AND r.requestStatus = 'Confirmed'
        
        GROUP BY b.transactNo, f.flightDepartureDate, f.returnDepartureDate, b.status, 
                 p.packageName, b.bookingDate, b.pax, b.totalPrice, a.lName, a.fName, a.mName, br.branchName
        ORDER BY CAST(SUBSTRING_INDEX(b.transactNo, '-', -1) AS UNSIGNED)
[2025-08-13 03:28:49] Total records fetched: 98
[2025-08-13 03:28:56] WHERE clause: 
[2025-08-13 03:28:56] SQL Query: SELECT b.transactNo, DATE_FORMAT(f.flightDepartureDate, '%Y.%m.%d') AS departureDate, f.returnDepartureDate AS returnDate, 
        b.status AS bookingStatus, CONCAT(f.flightDepartureDate, ' | ', f.returnDepartureDate) AS FlightDate, 
        p.packageName AS PackageName, b.bookingDate, b.pax AS TotalPax,  
        b.totalPrice AS PackagePrice, br.branchName as branchName, COALESCE(SUM(pa.amount), 0) AS TotalAmountPaid,
        CONCAT(a.lName, ', ', a.fName, ' ', IFNULL(CONCAT(SUBSTRING(a.mName, 1, 1), '.'), '')) AS agentName,
        COALESCE(SUM(r.requestCost), 0) AS TotalRequestAmount
        FROM booking b
        JOIN branch br ON b.agentCode = br.branchAgentCode
        JOIN flight f ON f.flightId = b.flightId
        JOIN package p ON p.packageId = b.packageId
        LEFT JOIN agent a ON b.accountType = 'Agent' AND b.accountId = a.accountId
        LEFT JOIN company c ON a.companyId = c.companyId
        LEFT JOIN client cl ON b.accountType = 'Client' AND b.accountId = cl.accountId
        LEFT JOIN company cc ON cl.companyId = cc.companyId
        LEFT JOIN payment pa ON pa.transactNo = b.transactNo AND pa.paymentStatus = 'Approved'
        LEFT JOIN request r ON r.transactNo = b.transactNo AND r.requestStatus = 'Confirmed'
        
        GROUP BY b.transactNo, f.flightDepartureDate, f.returnDepartureDate, b.status, 
                 p.packageName, b.bookingDate, b.pax, b.totalPrice, a.lName, a.fName, a.mName, br.branchName
        ORDER BY CAST(SUBSTRING_INDEX(b.transactNo, '-', -1) AS UNSIGNED)
[2025-08-13 03:28:56] Total records fetched: 98
[2025-08-13 03:29:06] WHERE clause: 
[2025-08-13 03:29:06] SQL Query: SELECT b.transactNo, DATE_FORMAT(f.flightDepartureDate, '%Y.%m.%d') AS departureDate, f.returnDepartureDate AS returnDate, 
        b.status AS bookingStatus, CONCAT(f.flightDepartureDate, ' | ', f.returnDepartureDate) AS FlightDate, 
        p.packageName AS PackageName, b.bookingDate, b.pax AS TotalPax,  
        b.totalPrice AS PackagePrice, br.branchName as branchName, COALESCE(SUM(pa.amount), 0) AS TotalAmountPaid,
        CONCAT(a.lName, ', ', a.fName, ' ', IFNULL(CONCAT(SUBSTRING(a.mName, 1, 1), '.'), '')) AS agentName,
        COALESCE(SUM(r.requestCost), 0) AS TotalRequestAmount
        FROM booking b
        JOIN branch br ON b.agentCode = br.branchAgentCode
        JOIN flight f ON f.flightId = b.flightId
        JOIN package p ON p.packageId = b.packageId
        LEFT JOIN agent a ON b.accountType = 'Agent' AND b.accountId = a.accountId
        LEFT JOIN company c ON a.companyId = c.companyId
        LEFT JOIN client cl ON b.accountType = 'Client' AND b.accountId = cl.accountId
        LEFT JOIN company cc ON cl.companyId = cc.companyId
        LEFT JOIN payment pa ON pa.transactNo = b.transactNo AND pa.paymentStatus = 'Approved'
        LEFT JOIN request r ON r.transactNo = b.transactNo AND r.requestStatus = 'Confirmed'
        
        GROUP BY b.transactNo, f.flightDepartureDate, f.returnDepartureDate, b.status, 
                 p.packageName, b.bookingDate, b.pax, b.totalPrice, a.lName, a.fName, a.mName, br.branchName
        ORDER BY CAST(SUBSTRING_INDEX(b.transactNo, '-', -1) AS UNSIGNED)
[2025-08-13 03:29:06] Total records fetched: 98
[2025-08-13 03:29:12] WHERE clause: 
[2025-08-13 03:29:12] SQL Query: SELECT b.transactNo, DATE_FORMAT(f.flightDepartureDate, '%Y.%m.%d') AS departureDate, f.returnDepartureDate AS returnDate, 
        b.status AS bookingStatus, CONCAT(f.flightDepartureDate, ' | ', f.returnDepartureDate) AS FlightDate, 
        p.packageName AS PackageName, b.bookingDate, b.pax AS TotalPax,  
        b.totalPrice AS PackagePrice, br.branchName as branchName, COALESCE(SUM(pa.amount), 0) AS TotalAmountPaid,
        CONCAT(a.lName, ', ', a.fName, ' ', IFNULL(CONCAT(SUBSTRING(a.mName, 1, 1), '.'), '')) AS agentName,
        COALESCE(SUM(r.requestCost), 0) AS TotalRequestAmount
        FROM booking b
        JOIN branch br ON b.agentCode = br.branchAgentCode
        JOIN flight f ON f.flightId = b.flightId
        JOIN package p ON p.packageId = b.packageId
        LEFT JOIN agent a ON b.accountType = 'Agent' AND b.accountId = a.accountId
        LEFT JOIN company c ON a.companyId = c.companyId
        LEFT JOIN client cl ON b.accountType = 'Client' AND b.accountId = cl.accountId
        LEFT JOIN company cc ON cl.companyId = cc.companyId
        LEFT JOIN payment pa ON pa.transactNo = b.transactNo AND pa.paymentStatus = 'Approved'
        LEFT JOIN request r ON r.transactNo = b.transactNo AND r.requestStatus = 'Confirmed'
        
        GROUP BY b.transactNo, f.flightDepartureDate, f.returnDepartureDate, b.status, 
                 p.packageName, b.bookingDate, b.pax, b.totalPrice, a.lName, a.fName, a.mName, br.branchName
        ORDER BY CAST(SUBSTRING_INDEX(b.transactNo, '-', -1) AS UNSIGNED)
[2025-08-13 03:29:12] Total records fetched: 98
[2025-08-13 03:29:16] WHERE clause: 
[2025-08-13 03:29:16] SQL Query: SELECT b.transactNo, DATE_FORMAT(f.flightDepartureDate, '%Y.%m.%d') AS departureDate, f.returnDepartureDate AS returnDate, 
        b.status AS bookingStatus, CONCAT(f.flightDepartureDate, ' | ', f.returnDepartureDate) AS FlightDate, 
        p.packageName AS PackageName, b.bookingDate, b.pax AS TotalPax,  
        b.totalPrice AS PackagePrice, br.branchName as branchName, COALESCE(SUM(pa.amount), 0) AS TotalAmountPaid,
        CONCAT(a.lName, ', ', a.fName, ' ', IFNULL(CONCAT(SUBSTRING(a.mName, 1, 1), '.'), '')) AS agentName,
        COALESCE(SUM(r.requestCost), 0) AS TotalRequestAmount
        FROM booking b
        JOIN branch br ON b.agentCode = br.branchAgentCode
        JOIN flight f ON f.flightId = b.flightId
        JOIN package p ON p.packageId = b.packageId
        LEFT JOIN agent a ON b.accountType = 'Agent' AND b.accountId = a.accountId
        LEFT JOIN company c ON a.companyId = c.companyId
        LEFT JOIN client cl ON b.accountType = 'Client' AND b.accountId = cl.accountId
        LEFT JOIN company cc ON cl.companyId = cc.companyId
        LEFT JOIN payment pa ON pa.transactNo = b.transactNo AND pa.paymentStatus = 'Approved'
        LEFT JOIN request r ON r.transactNo = b.transactNo AND r.requestStatus = 'Confirmed'
        
        GROUP BY b.transactNo, f.flightDepartureDate, f.returnDepartureDate, b.status, 
                 p.packageName, b.bookingDate, b.pax, b.totalPrice, a.lName, a.fName, a.mName, br.branchName
        ORDER BY CAST(SUBSTRING_INDEX(b.transactNo, '-', -1) AS UNSIGNED)
[2025-08-13 03:29:16] Total records fetched: 98
[2025-08-13 03:29:31] WHERE clause: 
[2025-08-13 03:29:31] SQL Query: SELECT b.transactNo, DATE_FORMAT(f.flightDepartureDate, '%Y.%m.%d') AS departureDate, f.returnDepartureDate AS returnDate, 
        b.status AS bookingStatus, CONCAT(f.flightDepartureDate, ' | ', f.returnDepartureDate) AS FlightDate, 
        p.packageName AS PackageName, b.bookingDate, b.pax AS TotalPax,  
        b.totalPrice AS PackagePrice, br.branchName as branchName, COALESCE(SUM(pa.amount), 0) AS TotalAmountPaid,
        CONCAT(a.lName, ', ', a.fName, ' ', IFNULL(CONCAT(SUBSTRING(a.mName, 1, 1), '.'), '')) AS agentName,
        COALESCE(SUM(r.requestCost), 0) AS TotalRequestAmount
        FROM booking b
        JOIN branch br ON b.agentCode = br.branchAgentCode
        JOIN flight f ON f.flightId = b.flightId
        JOIN package p ON p.packageId = b.packageId
        LEFT JOIN agent a ON b.accountType = 'Agent' AND b.accountId = a.accountId
        LEFT JOIN company c ON a.companyId = c.companyId
        LEFT JOIN client cl ON b.accountType = 'Client' AND b.accountId = cl.accountId
        LEFT JOIN company cc ON cl.companyId = cc.companyId
        LEFT JOIN payment pa ON pa.transactNo = b.transactNo AND pa.paymentStatus = 'Approved'
        LEFT JOIN request r ON r.transactNo = b.transactNo AND r.requestStatus = 'Confirmed'
        
        GROUP BY b.transactNo, f.flightDepartureDate, f.returnDepartureDate, b.status, 
                 p.packageName, b.bookingDate, b.pax, b.totalPrice, a.lName, a.fName, a.mName, br.branchName
        ORDER BY CAST(SUBSTRING_INDEX(b.transactNo, '-', -1) AS UNSIGNED)
[2025-08-13 03:29:31] Total records fetched: 98
[2025-08-13 03:29:38] WHERE clause: 
[2025-08-13 03:29:38] SQL Query: SELECT b.transactNo, DATE_FORMAT(f.flightDepartureDate, '%Y.%m.%d') AS departureDate, f.returnDepartureDate AS returnDate, 
        b.status AS bookingStatus, CONCAT(f.flightDepartureDate, ' | ', f.returnDepartureDate) AS FlightDate, 
        p.packageName AS PackageName, b.bookingDate, b.pax AS TotalPax,  
        b.totalPrice AS PackagePrice, br.branchName as branchName, COALESCE(SUM(pa.amount), 0) AS TotalAmountPaid,
        CONCAT(a.lName, ', ', a.fName, ' ', IFNULL(CONCAT(SUBSTRING(a.mName, 1, 1), '.'), '')) AS agentName,
        COALESCE(SUM(r.requestCost), 0) AS TotalRequestAmount
        FROM booking b
        JOIN branch br ON b.agentCode = br.branchAgentCode
        JOIN flight f ON f.flightId = b.flightId
        JOIN package p ON p.packageId = b.packageId
        LEFT JOIN agent a ON b.accountType = 'Agent' AND b.accountId = a.accountId
        LEFT JOIN company c ON a.companyId = c.companyId
        LEFT JOIN client cl ON b.accountType = 'Client' AND b.accountId = cl.accountId
        LEFT JOIN company cc ON cl.companyId = cc.companyId
        LEFT JOIN payment pa ON pa.transactNo = b.transactNo AND pa.paymentStatus = 'Approved'
        LEFT JOIN request r ON r.transactNo = b.transactNo AND r.requestStatus = 'Confirmed'
        
        GROUP BY b.transactNo, f.flightDepartureDate, f.returnDepartureDate, b.status, 
                 p.packageName, b.bookingDate, b.pax, b.totalPrice, a.lName, a.fName, a.mName, br.branchName
        ORDER BY CAST(SUBSTRING_INDEX(b.transactNo, '-', -1) AS UNSIGNED)
[2025-08-13 03:29:38] Total records fetched: 98
[2025-08-13 03:29:50] WHERE clause: 
[2025-08-13 03:29:50] SQL Query: SELECT b.transactNo, DATE_FORMAT(f.flightDepartureDate, '%Y.%m.%d') AS departureDate, f.returnDepartureDate AS returnDate, 
        b.status AS bookingStatus, CONCAT(f.flightDepartureDate, ' | ', f.returnDepartureDate) AS FlightDate, 
        p.packageName AS PackageName, b.bookingDate, b.pax AS TotalPax,  
        b.totalPrice AS PackagePrice, br.branchName as branchName, COALESCE(SUM(pa.amount), 0) AS TotalAmountPaid,
        CONCAT(a.lName, ', ', a.fName, ' ', IFNULL(CONCAT(SUBSTRING(a.mName, 1, 1), '.'), '')) AS agentName,
        COALESCE(SUM(r.requestCost), 0) AS TotalRequestAmount
        FROM booking b
        JOIN branch br ON b.agentCode = br.branchAgentCode
        JOIN flight f ON f.flightId = b.flightId
        JOIN package p ON p.packageId = b.packageId
        LEFT JOIN agent a ON b.accountType = 'Agent' AND b.accountId = a.accountId
        LEFT JOIN company c ON a.companyId = c.companyId
        LEFT JOIN client cl ON b.accountType = 'Client' AND b.accountId = cl.accountId
        LEFT JOIN company cc ON cl.companyId = cc.companyId
        LEFT JOIN payment pa ON pa.transactNo = b.transactNo AND pa.paymentStatus = 'Approved'
        LEFT JOIN request r ON r.transactNo = b.transactNo AND r.requestStatus = 'Confirmed'
        
        GROUP BY b.transactNo, f.flightDepartureDate, f.returnDepartureDate, b.status, 
                 p.packageName, b.bookingDate, b.pax, b.totalPrice, a.lName, a.fName, a.mName, br.branchName
        ORDER BY CAST(SUBSTRING_INDEX(b.transactNo, '-', -1) AS UNSIGNED)
[2025-08-13 03:29:50] Total records fetched: 98
[2025-08-13 03:29:54] WHERE clause: 
[2025-08-13 03:29:54] SQL Query: SELECT b.transactNo, DATE_FORMAT(f.flightDepartureDate, '%Y.%m.%d') AS departureDate, f.returnDepartureDate AS returnDate, 
        b.status AS bookingStatus, CONCAT(f.flightDepartureDate, ' | ', f.returnDepartureDate) AS FlightDate, 
        p.packageName AS PackageName, b.bookingDate, b.pax AS TotalPax,  
        b.totalPrice AS PackagePrice, br.branchName as branchName, COALESCE(SUM(pa.amount), 0) AS TotalAmountPaid,
        CONCAT(a.lName, ', ', a.fName, ' ', IFNULL(CONCAT(SUBSTRING(a.mName, 1, 1), '.'), '')) AS agentName,
        COALESCE(SUM(r.requestCost), 0) AS TotalRequestAmount
        FROM booking b
        JOIN branch br ON b.agentCode = br.branchAgentCode
        JOIN flight f ON f.flightId = b.flightId
        JOIN package p ON p.packageId = b.packageId
        LEFT JOIN agent a ON b.accountType = 'Agent' AND b.accountId = a.accountId
        LEFT JOIN company c ON a.companyId = c.companyId
        LEFT JOIN client cl ON b.accountType = 'Client' AND b.accountId = cl.accountId
        LEFT JOIN company cc ON cl.companyId = cc.companyId
        LEFT JOIN payment pa ON pa.transactNo = b.transactNo AND pa.paymentStatus = 'Approved'
        LEFT JOIN request r ON r.transactNo = b.transactNo AND r.requestStatus = 'Confirmed'
        
        GROUP BY b.transactNo, f.flightDepartureDate, f.returnDepartureDate, b.status, 
                 p.packageName, b.bookingDate, b.pax, b.totalPrice, a.lName, a.fName, a.mName, br.branchName
        ORDER BY CAST(SUBSTRING_INDEX(b.transactNo, '-', -1) AS UNSIGNED)
[2025-08-13 03:29:54] Total records fetched: 98
[2025-08-13 03:30:18] WHERE clause: 
[2025-08-13 03:30:18] SQL Query: SELECT b.transactNo, DATE_FORMAT(f.flightDepartureDate, '%Y.%m.%d') AS departureDate, f.returnDepartureDate AS returnDate, 
        b.status AS bookingStatus, CONCAT(f.flightDepartureDate, ' | ', f.returnDepartureDate) AS FlightDate, 
        p.packageName AS PackageName, b.bookingDate, b.pax AS TotalPax,  
        b.totalPrice AS PackagePrice, br.branchName as branchName, COALESCE(SUM(pa.amount), 0) AS TotalAmountPaid,
        CONCAT(a.lName, ', ', a.fName, ' ', IFNULL(CONCAT(SUBSTRING(a.mName, 1, 1), '.'), '')) AS agentName,
        COALESCE(SUM(r.requestCost), 0) AS TotalRequestAmount
        FROM booking b
        JOIN branch br ON b.agentCode = br.branchAgentCode
        JOIN flight f ON f.flightId = b.flightId
        JOIN package p ON p.packageId = b.packageId
        LEFT JOIN agent a ON b.accountType = 'Agent' AND b.accountId = a.accountId
        LEFT JOIN company c ON a.companyId = c.companyId
        LEFT JOIN client cl ON b.accountType = 'Client' AND b.accountId = cl.accountId
        LEFT JOIN company cc ON cl.companyId = cc.companyId
        LEFT JOIN payment pa ON pa.transactNo = b.transactNo AND pa.paymentStatus = 'Approved'
        LEFT JOIN request r ON r.transactNo = b.transactNo AND r.requestStatus = 'Confirmed'
        
        GROUP BY b.transactNo, f.flightDepartureDate, f.returnDepartureDate, b.status, 
                 p.packageName, b.bookingDate, b.pax, b.totalPrice, a.lName, a.fName, a.mName, br.branchName
        ORDER BY CAST(SUBSTRING_INDEX(b.transactNo, '-', -1) AS UNSIGNED)
[2025-08-13 03:30:18] Total records fetched: 98
[2025-08-13 03:30:26] WHERE clause: 
[2025-08-13 03:30:26] SQL Query: SELECT b.transactNo, DATE_FORMAT(f.flightDepartureDate, '%Y.%m.%d') AS departureDate, f.returnDepartureDate AS returnDate, 
        b.status AS bookingStatus, CONCAT(f.flightDepartureDate, ' | ', f.returnDepartureDate) AS FlightDate, 
        p.packageName AS PackageName, b.bookingDate, b.pax AS TotalPax,  
        b.totalPrice AS PackagePrice, br.branchName as branchName, COALESCE(SUM(pa.amount), 0) AS TotalAmountPaid,
        CONCAT(a.lName, ', ', a.fName, ' ', IFNULL(CONCAT(SUBSTRING(a.mName, 1, 1), '.'), '')) AS agentName,
        COALESCE(SUM(r.requestCost), 0) AS TotalRequestAmount
        FROM booking b
        JOIN branch br ON b.agentCode = br.branchAgentCode
        JOIN flight f ON f.flightId = b.flightId
        JOIN package p ON p.packageId = b.packageId
        LEFT JOIN agent a ON b.accountType = 'Agent' AND b.accountId = a.accountId
        LEFT JOIN company c ON a.companyId = c.companyId
        LEFT JOIN client cl ON b.accountType = 'Client' AND b.accountId = cl.accountId
        LEFT JOIN company cc ON cl.companyId = cc.companyId
        LEFT JOIN payment pa ON pa.transactNo = b.transactNo AND pa.paymentStatus = 'Approved'
        LEFT JOIN request r ON r.transactNo = b.transactNo AND r.requestStatus = 'Confirmed'
        
        GROUP BY b.transactNo, f.flightDepartureDate, f.returnDepartureDate, b.status, 
                 p.packageName, b.bookingDate, b.pax, b.totalPrice, a.lName, a.fName, a.mName, br.branchName
        ORDER BY CAST(SUBSTRING_INDEX(b.transactNo, '-', -1) AS UNSIGNED)
[2025-08-13 03:30:26] Total records fetched: 98
[2025-08-13 03:30:32] WHERE clause: 
[2025-08-13 03:30:32] SQL Query: SELECT b.transactNo, DATE_FORMAT(f.flightDepartureDate, '%Y.%m.%d') AS departureDate, f.returnDepartureDate AS returnDate, 
        b.status AS bookingStatus, CONCAT(f.flightDepartureDate, ' | ', f.returnDepartureDate) AS FlightDate, 
        p.packageName AS PackageName, b.bookingDate, b.pax AS TotalPax,  
        b.totalPrice AS PackagePrice, br.branchName as branchName, COALESCE(SUM(pa.amount), 0) AS TotalAmountPaid,
        CONCAT(a.lName, ', ', a.fName, ' ', IFNULL(CONCAT(SUBSTRING(a.mName, 1, 1), '.'), '')) AS agentName,
        COALESCE(SUM(r.requestCost), 0) AS TotalRequestAmount
        FROM booking b
        JOIN branch br ON b.agentCode = br.branchAgentCode
        JOIN flight f ON f.flightId = b.flightId
        JOIN package p ON p.packageId = b.packageId
        LEFT JOIN agent a ON b.accountType = 'Agent' AND b.accountId = a.accountId
        LEFT JOIN company c ON a.companyId = c.companyId
        LEFT JOIN client cl ON b.accountType = 'Client' AND b.accountId = cl.accountId
        LEFT JOIN company cc ON cl.companyId = cc.companyId
        LEFT JOIN payment pa ON pa.transactNo = b.transactNo AND pa.paymentStatus = 'Approved'
        LEFT JOIN request r ON r.transactNo = b.transactNo AND r.requestStatus = 'Confirmed'
        
        GROUP BY b.transactNo, f.flightDepartureDate, f.returnDepartureDate, b.status, 
                 p.packageName, b.bookingDate, b.pax, b.totalPrice, a.lName, a.fName, a.mName, br.branchName
        ORDER BY CAST(SUBSTRING_INDEX(b.transactNo, '-', -1) AS UNSIGNED)
[2025-08-13 03:30:32] Total records fetched: 98
[2025-08-13 03:36:06] WHERE clause: 
[2025-08-13 03:36:06] SQL Query: SELECT b.transactNo, DATE_FORMAT(f.flightDepartureDate, '%Y.%m.%d') AS departureDate, f.returnDepartureDate AS returnDate, 
        b.status AS bookingStatus, CONCAT(f.flightDepartureDate, ' | ', f.returnDepartureDate) AS FlightDate, 
        p.packageName AS PackageName, b.bookingDate, b.pax AS TotalPax,  
        b.totalPrice AS PackagePrice, br.branchName as branchName, COALESCE(SUM(pa.amount), 0) AS TotalAmountPaid,
        CONCAT(a.lName, ', ', a.fName, ' ', IFNULL(CONCAT(SUBSTRING(a.mName, 1, 1), '.'), '')) AS agentName,
        COALESCE(SUM(r.requestCost), 0) AS TotalRequestAmount
        FROM booking b
        JOIN branch br ON b.agentCode = br.branchAgentCode
        JOIN flight f ON f.flightId = b.flightId
        JOIN package p ON p.packageId = b.packageId
        LEFT JOIN agent a ON b.accountType = 'Agent' AND b.accountId = a.accountId
        LEFT JOIN company c ON a.companyId = c.companyId
        LEFT JOIN client cl ON b.accountType = 'Client' AND b.accountId = cl.accountId
        LEFT JOIN company cc ON cl.companyId = cc.companyId
        LEFT JOIN payment pa ON pa.transactNo = b.transactNo AND pa.paymentStatus = 'Approved'
        LEFT JOIN request r ON r.transactNo = b.transactNo AND r.requestStatus = 'Confirmed'
        
        GROUP BY b.transactNo, f.flightDepartureDate, f.returnDepartureDate, b.status, 
                 p.packageName, b.bookingDate, b.pax, b.totalPrice, a.lName, a.fName, a.mName, br.branchName
        ORDER BY CAST(SUBSTRING_INDEX(b.transactNo, '-', -1) AS UNSIGNED)
[2025-08-13 03:36:06] Total records fetched: 98
[2025-08-13 03:36:49] WHERE clause: 
[2025-08-13 03:36:49] SQL Query: SELECT b.transactNo, DATE_FORMAT(f.flightDepartureDate, '%Y.%m.%d') AS departureDate, f.returnDepartureDate AS returnDate, 
        b.status AS bookingStatus, CONCAT(f.flightDepartureDate, ' | ', f.returnDepartureDate) AS FlightDate, 
        p.packageName AS PackageName, b.bookingDate, b.pax AS TotalPax,  
        b.totalPrice AS PackagePrice, br.branchName as branchName, COALESCE(SUM(pa.amount), 0) AS TotalAmountPaid,
        CONCAT(a.lName, ', ', a.fName, ' ', IFNULL(CONCAT(SUBSTRING(a.mName, 1, 1), '.'), '')) AS agentName,
        COALESCE(SUM(r.requestCost), 0) AS TotalRequestAmount
        FROM booking b
        JOIN branch br ON b.agentCode = br.branchAgentCode
        JOIN flight f ON f.flightId = b.flightId
        JOIN package p ON p.packageId = b.packageId
        LEFT JOIN agent a ON b.accountType = 'Agent' AND b.accountId = a.accountId
        LEFT JOIN company c ON a.companyId = c.companyId
        LEFT JOIN client cl ON b.accountType = 'Client' AND b.accountId = cl.accountId
        LEFT JOIN company cc ON cl.companyId = cc.companyId
        LEFT JOIN payment pa ON pa.transactNo = b.transactNo AND pa.paymentStatus = 'Approved'
        LEFT JOIN request r ON r.transactNo = b.transactNo AND r.requestStatus = 'Confirmed'
        
        GROUP BY b.transactNo, f.flightDepartureDate, f.returnDepartureDate, b.status, 
                 p.packageName, b.bookingDate, b.pax, b.totalPrice, a.lName, a.fName, a.mName, br.branchName
        ORDER BY CAST(SUBSTRING_INDEX(b.transactNo, '-', -1) AS UNSIGNED)
[2025-08-13 03:36:49] Total records fetched: 98
[2025-08-13 03:47:44] WHERE clause: 
[2025-08-13 03:47:44] SQL Query: SELECT b.transactNo, DATE_FORMAT(f.flightDepartureDate, '%Y.%m.%d') AS departureDate, f.returnDepartureDate AS returnDate, 
        b.status AS bookingStatus, CONCAT(f.flightDepartureDate, ' | ', f.returnDepartureDate) AS FlightDate, 
        p.packageName AS PackageName, b.bookingDate, b.pax AS TotalPax,  
        b.totalPrice AS PackagePrice, br.branchName as branchName, COALESCE(SUM(pa.amount), 0) AS TotalAmountPaid,
        CONCAT(a.lName, ', ', a.fName, ' ', IFNULL(CONCAT(SUBSTRING(a.mName, 1, 1), '.'), '')) AS agentName,
        COALESCE(SUM(r.requestCost), 0) AS TotalRequestAmount
        FROM booking b
        JOIN branch br ON b.agentCode = br.branchAgentCode
        JOIN flight f ON f.flightId = b.flightId
        JOIN package p ON p.packageId = b.packageId
        LEFT JOIN agent a ON b.accountType = 'Agent' AND b.accountId = a.accountId
        LEFT JOIN company c ON a.companyId = c.companyId
        LEFT JOIN client cl ON b.accountType = 'Client' AND b.accountId = cl.accountId
        LEFT JOIN company cc ON cl.companyId = cc.companyId
        LEFT JOIN payment pa ON pa.transactNo = b.transactNo AND pa.paymentStatus = 'Approved'
        LEFT JOIN request r ON r.transactNo = b.transactNo AND r.requestStatus = 'Confirmed'
        
        GROUP BY b.transactNo, f.flightDepartureDate, f.returnDepartureDate, b.status, 
                 p.packageName, b.bookingDate, b.pax, b.totalPrice, a.lName, a.fName, a.mName, br.branchName
        ORDER BY CAST(SUBSTRING_INDEX(b.transactNo, '-', -1) AS UNSIGNED)
[2025-08-13 03:47:44] Total records fetched: 98
[2025-08-13 03:52:52] WHERE clause: 
[2025-08-13 03:52:52] SQL Query: SELECT b.transactNo, DATE_FORMAT(f.flightDepartureDate, '%Y.%m.%d') AS departureDate, f.returnDepartureDate AS returnDate, 
        b.status AS bookingStatus, CONCAT(f.flightDepartureDate, ' | ', f.returnDepartureDate) AS FlightDate, 
        p.packageName AS PackageName, b.bookingDate, b.pax AS TotalPax,  
        b.totalPrice AS PackagePrice, br.branchName as branchName, COALESCE(SUM(pa.amount), 0) AS TotalAmountPaid,
        CONCAT(a.lName, ', ', a.fName, ' ', IFNULL(CONCAT(SUBSTRING(a.mName, 1, 1), '.'), '')) AS agentName,
        COALESCE(SUM(r.requestCost), 0) AS TotalRequestAmount
        FROM booking b
        JOIN branch br ON b.agentCode = br.branchAgentCode
        JOIN flight f ON f.flightId = b.flightId
        JOIN package p ON p.packageId = b.packageId
        LEFT JOIN agent a ON b.accountType = 'Agent' AND b.accountId = a.accountId
        LEFT JOIN company c ON a.companyId = c.companyId
        LEFT JOIN client cl ON b.accountType = 'Client' AND b.accountId = cl.accountId
        LEFT JOIN company cc ON cl.companyId = cc.companyId
        LEFT JOIN payment pa ON pa.transactNo = b.transactNo AND pa.paymentStatus = 'Approved'
        LEFT JOIN request r ON r.transactNo = b.transactNo AND r.requestStatus = 'Confirmed'
        
        GROUP BY b.transactNo, f.flightDepartureDate, f.returnDepartureDate, b.status, 
                 p.packageName, b.bookingDate, b.pax, b.totalPrice, a.lName, a.fName, a.mName, br.branchName
        ORDER BY CAST(SUBSTRING_INDEX(b.transactNo, '-', -1) AS UNSIGNED)
[2025-08-13 03:52:52] Total records fetched: 98
[2025-08-13 03:52:53] WHERE clause: 
[2025-08-13 03:52:53] SQL Query: SELECT b.transactNo, DATE_FORMAT(f.flightDepartureDate, '%Y.%m.%d') AS departureDate, f.returnDepartureDate AS returnDate, 
        b.status AS bookingStatus, CONCAT(f.flightDepartureDate, ' | ', f.returnDepartureDate) AS FlightDate, 
        p.packageName AS PackageName, b.bookingDate, b.pax AS TotalPax,  
        b.totalPrice AS PackagePrice, br.branchName as branchName, COALESCE(SUM(pa.amount), 0) AS TotalAmountPaid,
        CONCAT(a.lName, ', ', a.fName, ' ', IFNULL(CONCAT(SUBSTRING(a.mName, 1, 1), '.'), '')) AS agentName,
        COALESCE(SUM(r.requestCost), 0) AS TotalRequestAmount
        FROM booking b
        JOIN branch br ON b.agentCode = br.branchAgentCode
        JOIN flight f ON f.flightId = b.flightId
        JOIN package p ON p.packageId = b.packageId
        LEFT JOIN agent a ON b.accountType = 'Agent' AND b.accountId = a.accountId
        LEFT JOIN company c ON a.companyId = c.companyId
        LEFT JOIN client cl ON b.accountType = 'Client' AND b.accountId = cl.accountId
        LEFT JOIN company cc ON cl.companyId = cc.companyId
        LEFT JOIN payment pa ON pa.transactNo = b.transactNo AND pa.paymentStatus = 'Approved'
        LEFT JOIN request r ON r.transactNo = b.transactNo AND r.requestStatus = 'Confirmed'
        
        GROUP BY b.transactNo, f.flightDepartureDate, f.returnDepartureDate, b.status, 
                 p.packageName, b.bookingDate, b.pax, b.totalPrice, a.lName, a.fName, a.mName, br.branchName
        ORDER BY CAST(SUBSTRING_INDEX(b.transactNo, '-', -1) AS UNSIGNED)
[2025-08-13 03:52:53] Total records fetched: 98
[2025-08-13 03:52:54] WHERE clause: 
[2025-08-13 03:52:54] SQL Query: SELECT b.transactNo, DATE_FORMAT(f.flightDepartureDate, '%Y.%m.%d') AS departureDate, f.returnDepartureDate AS returnDate, 
        b.status AS bookingStatus, CONCAT(f.flightDepartureDate, ' | ', f.returnDepartureDate) AS FlightDate, 
        p.packageName AS PackageName, b.bookingDate, b.pax AS TotalPax,  
        b.totalPrice AS PackagePrice, br.branchName as branchName, COALESCE(SUM(pa.amount), 0) AS TotalAmountPaid,
        CONCAT(a.lName, ', ', a.fName, ' ', IFNULL(CONCAT(SUBSTRING(a.mName, 1, 1), '.'), '')) AS agentName,
        COALESCE(SUM(r.requestCost), 0) AS TotalRequestAmount
        FROM booking b
        JOIN branch br ON b.agentCode = br.branchAgentCode
        JOIN flight f ON f.flightId = b.flightId
        JOIN package p ON p.packageId = b.packageId
        LEFT JOIN agent a ON b.accountType = 'Agent' AND b.accountId = a.accountId
        LEFT JOIN company c ON a.companyId = c.companyId
        LEFT JOIN client cl ON b.accountType = 'Client' AND b.accountId = cl.accountId
        LEFT JOIN company cc ON cl.companyId = cc.companyId
        LEFT JOIN payment pa ON pa.transactNo = b.transactNo AND pa.paymentStatus = 'Approved'
        LEFT JOIN request r ON r.transactNo = b.transactNo AND r.requestStatus = 'Confirmed'
        
        GROUP BY b.transactNo, f.flightDepartureDate, f.returnDepartureDate, b.status, 
                 p.packageName, b.bookingDate, b.pax, b.totalPrice, a.lName, a.fName, a.mName, br.branchName
        ORDER BY CAST(SUBSTRING_INDEX(b.transactNo, '-', -1) AS UNSIGNED)
[2025-08-13 03:52:54] Total records fetched: 98
[2025-08-13 04:00:56] WHERE clause: 
[2025-08-13 04:00:56] SQL Query: SELECT b.transactNo, DATE_FORMAT(f.flightDepartureDate, '%Y.%m.%d') AS departureDate, f.returnDepartureDate AS returnDate, 
        b.status AS bookingStatus, CONCAT(f.flightDepartureDate, ' | ', f.returnDepartureDate) AS FlightDate, 
        p.packageName AS PackageName, b.bookingDate, b.pax AS TotalPax,  
        b.totalPrice AS PackagePrice, br.branchName as branchName, COALESCE(SUM(pa.amount), 0) AS TotalAmountPaid,
        CONCAT(a.lName, ', ', a.fName, ' ', IFNULL(CONCAT(SUBSTRING(a.mName, 1, 1), '.'), '')) AS agentName,
        COALESCE(SUM(r.requestCost), 0) AS TotalRequestAmount
        FROM booking b
        JOIN branch br ON b.agentCode = br.branchAgentCode
        JOIN flight f ON f.flightId = b.flightId
        JOIN package p ON p.packageId = b.packageId
        LEFT JOIN agent a ON b.accountType = 'Agent' AND b.accountId = a.accountId
        LEFT JOIN company c ON a.companyId = c.companyId
        LEFT JOIN client cl ON b.accountType = 'Client' AND b.accountId = cl.accountId
        LEFT JOIN company cc ON cl.companyId = cc.companyId
        LEFT JOIN payment pa ON pa.transactNo = b.transactNo AND pa.paymentStatus = 'Approved'
        LEFT JOIN request r ON r.transactNo = b.transactNo AND r.requestStatus = 'Confirmed'
        
        GROUP BY b.transactNo, f.flightDepartureDate, f.returnDepartureDate, b.status, 
                 p.packageName, b.bookingDate, b.pax, b.totalPrice, a.lName, a.fName, a.mName, br.branchName
        ORDER BY CAST(SUBSTRING_INDEX(b.transactNo, '-', -1) AS UNSIGNED)
[2025-08-13 04:00:56] Total records fetched: 98
[2025-08-13 04:00:57] WHERE clause: 
[2025-08-13 04:00:57] SQL Query: SELECT b.transactNo, DATE_FORMAT(f.flightDepartureDate, '%Y.%m.%d') AS departureDate, f.returnDepartureDate AS returnDate, 
        b.status AS bookingStatus, CONCAT(f.flightDepartureDate, ' | ', f.returnDepartureDate) AS FlightDate, 
        p.packageName AS PackageName, b.bookingDate, b.pax AS TotalPax,  
        b.totalPrice AS PackagePrice, br.branchName as branchName, COALESCE(SUM(pa.amount), 0) AS TotalAmountPaid,
        CONCAT(a.lName, ', ', a.fName, ' ', IFNULL(CONCAT(SUBSTRING(a.mName, 1, 1), '.'), '')) AS agentName,
        COALESCE(SUM(r.requestCost), 0) AS TotalRequestAmount
        FROM booking b
        JOIN branch br ON b.agentCode = br.branchAgentCode
        JOIN flight f ON f.flightId = b.flightId
        JOIN package p ON p.packageId = b.packageId
        LEFT JOIN agent a ON b.accountType = 'Agent' AND b.accountId = a.accountId
        LEFT JOIN company c ON a.companyId = c.companyId
        LEFT JOIN client cl ON b.accountType = 'Client' AND b.accountId = cl.accountId
        LEFT JOIN company cc ON cl.companyId = cc.companyId
        LEFT JOIN payment pa ON pa.transactNo = b.transactNo AND pa.paymentStatus = 'Approved'
        LEFT JOIN request r ON r.transactNo = b.transactNo AND r.requestStatus = 'Confirmed'
        
        GROUP BY b.transactNo, f.flightDepartureDate, f.returnDepartureDate, b.status, 
                 p.packageName, b.bookingDate, b.pax, b.totalPrice, a.lName, a.fName, a.mName, br.branchName
        ORDER BY CAST(SUBSTRING_INDEX(b.transactNo, '-', -1) AS UNSIGNED)
[2025-08-13 04:00:57] Total records fetched: 98
[2025-08-13 04:00:58] WHERE clause: 
[2025-08-13 04:00:58] SQL Query: SELECT b.transactNo, DATE_FORMAT(f.flightDepartureDate, '%Y.%m.%d') AS departureDate, f.returnDepartureDate AS returnDate, 
        b.status AS bookingStatus, CONCAT(f.flightDepartureDate, ' | ', f.returnDepartureDate) AS FlightDate, 
        p.packageName AS PackageName, b.bookingDate, b.pax AS TotalPax,  
        b.totalPrice AS PackagePrice, br.branchName as branchName, COALESCE(SUM(pa.amount), 0) AS TotalAmountPaid,
        CONCAT(a.lName, ', ', a.fName, ' ', IFNULL(CONCAT(SUBSTRING(a.mName, 1, 1), '.'), '')) AS agentName,
        COALESCE(SUM(r.requestCost), 0) AS TotalRequestAmount
        FROM booking b
        JOIN branch br ON b.agentCode = br.branchAgentCode
        JOIN flight f ON f.flightId = b.flightId
        JOIN package p ON p.packageId = b.packageId
        LEFT JOIN agent a ON b.accountType = 'Agent' AND b.accountId = a.accountId
        LEFT JOIN company c ON a.companyId = c.companyId
        LEFT JOIN client cl ON b.accountType = 'Client' AND b.accountId = cl.accountId
        LEFT JOIN company cc ON cl.companyId = cc.companyId
        LEFT JOIN payment pa ON pa.transactNo = b.transactNo AND pa.paymentStatus = 'Approved'
        LEFT JOIN request r ON r.transactNo = b.transactNo AND r.requestStatus = 'Confirmed'
        
        GROUP BY b.transactNo, f.flightDepartureDate, f.returnDepartureDate, b.status, 
                 p.packageName, b.bookingDate, b.pax, b.totalPrice, a.lName, a.fName, a.mName, br.branchName
        ORDER BY CAST(SUBSTRING_INDEX(b.transactNo, '-', -1) AS UNSIGNED)
[2025-08-13 04:00:58] Total records fetched: 98
[2025-08-13 04:01:47] WHERE clause: 
[2025-08-13 04:01:47] SQL Query: SELECT b.transactNo, DATE_FORMAT(f.flightDepartureDate, '%Y.%m.%d') AS departureDate, f.returnDepartureDate AS returnDate, 
        b.status AS bookingStatus, CONCAT(f.flightDepartureDate, ' | ', f.returnDepartureDate) AS FlightDate, 
        p.packageName AS PackageName, b.bookingDate, b.pax AS TotalPax,  
        b.totalPrice AS PackagePrice, br.branchName as branchName, COALESCE(SUM(pa.amount), 0) AS TotalAmountPaid,
        CONCAT(a.lName, ', ', a.fName, ' ', IFNULL(CONCAT(SUBSTRING(a.mName, 1, 1), '.'), '')) AS agentName,
        COALESCE(SUM(r.requestCost), 0) AS TotalRequestAmount
        FROM booking b
        JOIN branch br ON b.agentCode = br.branchAgentCode
        JOIN flight f ON f.flightId = b.flightId
        JOIN package p ON p.packageId = b.packageId
        LEFT JOIN agent a ON b.accountType = 'Agent' AND b.accountId = a.accountId
        LEFT JOIN company c ON a.companyId = c.companyId
        LEFT JOIN client cl ON b.accountType = 'Client' AND b.accountId = cl.accountId
        LEFT JOIN company cc ON cl.companyId = cc.companyId
        LEFT JOIN payment pa ON pa.transactNo = b.transactNo AND pa.paymentStatus = 'Approved'
        LEFT JOIN request r ON r.transactNo = b.transactNo AND r.requestStatus = 'Confirmed'
        
        GROUP BY b.transactNo, f.flightDepartureDate, f.returnDepartureDate, b.status, 
                 p.packageName, b.bookingDate, b.pax, b.totalPrice, a.lName, a.fName, a.mName, br.branchName
        ORDER BY CAST(SUBSTRING_INDEX(b.transactNo, '-', -1) AS UNSIGNED)
[2025-08-13 04:01:47] Total records fetched: 98
[2025-08-13 04:01:56] WHERE clause: 
[2025-08-13 04:01:56] SQL Query: SELECT b.transactNo, DATE_FORMAT(f.flightDepartureDate, '%Y.%m.%d') AS departureDate, f.returnDepartureDate AS returnDate, 
        b.status AS bookingStatus, CONCAT(f.flightDepartureDate, ' | ', f.returnDepartureDate) AS FlightDate, 
        p.packageName AS PackageName, b.bookingDate, b.pax AS TotalPax,  
        b.totalPrice AS PackagePrice, br.branchName as branchName, COALESCE(SUM(pa.amount), 0) AS TotalAmountPaid,
        CONCAT(a.lName, ', ', a.fName, ' ', IFNULL(CONCAT(SUBSTRING(a.mName, 1, 1), '.'), '')) AS agentName,
        COALESCE(SUM(r.requestCost), 0) AS TotalRequestAmount
        FROM booking b
        JOIN branch br ON b.agentCode = br.branchAgentCode
        JOIN flight f ON f.flightId = b.flightId
        JOIN package p ON p.packageId = b.packageId
        LEFT JOIN agent a ON b.accountType = 'Agent' AND b.accountId = a.accountId
        LEFT JOIN company c ON a.companyId = c.companyId
        LEFT JOIN client cl ON b.accountType = 'Client' AND b.accountId = cl.accountId
        LEFT JOIN company cc ON cl.companyId = cc.companyId
        LEFT JOIN payment pa ON pa.transactNo = b.transactNo AND pa.paymentStatus = 'Approved'
        LEFT JOIN request r ON r.transactNo = b.transactNo AND r.requestStatus = 'Confirmed'
        
        GROUP BY b.transactNo, f.flightDepartureDate, f.returnDepartureDate, b.status, 
                 p.packageName, b.bookingDate, b.pax, b.totalPrice, a.lName, a.fName, a.mName, br.branchName
        ORDER BY CAST(SUBSTRING_INDEX(b.transactNo, '-', -1) AS UNSIGNED)
[2025-08-13 04:01:56] Total records fetched: 98
[2025-08-13 04:27:54] WHERE clause: 
[2025-08-13 04:27:54] SQL Query: SELECT b.transactNo, DATE_FORMAT(f.flightDepartureDate, '%Y.%m.%d') AS departureDate, f.returnDepartureDate AS returnDate, 
        b.status AS bookingStatus, CONCAT(f.flightDepartureDate, ' | ', f.returnDepartureDate) AS FlightDate, 
        p.packageName AS PackageName, b.bookingDate, b.pax AS TotalPax,  
        b.totalPrice AS PackagePrice, br.branchName as branchName, COALESCE(SUM(pa.amount), 0) AS TotalAmountPaid,
        CONCAT(a.lName, ', ', a.fName, ' ', IFNULL(CONCAT(SUBSTRING(a.mName, 1, 1), '.'), '')) AS agentName,
        COALESCE(SUM(r.requestCost), 0) AS TotalRequestAmount
        FROM booking b
        JOIN branch br ON b.agentCode = br.branchAgentCode
        JOIN flight f ON f.flightId = b.flightId
        JOIN package p ON p.packageId = b.packageId
        LEFT JOIN agent a ON b.accountType = 'Agent' AND b.accountId = a.accountId
        LEFT JOIN company c ON a.companyId = c.companyId
        LEFT JOIN client cl ON b.accountType = 'Client' AND b.accountId = cl.accountId
        LEFT JOIN company cc ON cl.companyId = cc.companyId
        LEFT JOIN payment pa ON pa.transactNo = b.transactNo AND pa.paymentStatus = 'Approved'
        LEFT JOIN request r ON r.transactNo = b.transactNo AND r.requestStatus = 'Confirmed'
        
        GROUP BY b.transactNo, f.flightDepartureDate, f.returnDepartureDate, b.status, 
                 p.packageName, b.bookingDate, b.pax, b.totalPrice, a.lName, a.fName, a.mName, br.branchName
        ORDER BY CAST(SUBSTRING_INDEX(b.transactNo, '-', -1) AS UNSIGNED)
[2025-08-13 04:27:54] Total records fetched: 98
[2025-08-13 04:36:54] WHERE clause: 
[2025-08-13 04:36:54] SQL Query: SELECT b.transactNo, DATE_FORMAT(f.flightDepartureDate, '%Y.%m.%d') AS departureDate, f.returnDepartureDate AS returnDate, 
        b.status AS bookingStatus, CONCAT(f.flightDepartureDate, ' | ', f.returnDepartureDate) AS FlightDate, 
        p.packageName AS PackageName, b.bookingDate, b.pax AS TotalPax,  
        b.totalPrice AS PackagePrice, br.branchName as branchName, COALESCE(SUM(pa.amount), 0) AS TotalAmountPaid,
        CONCAT(a.lName, ', ', a.fName, ' ', IFNULL(CONCAT(SUBSTRING(a.mName, 1, 1), '.'), '')) AS agentName,
        COALESCE(SUM(r.requestCost), 0) AS TotalRequestAmount
        FROM booking b
        JOIN branch br ON b.agentCode = br.branchAgentCode
        JOIN flight f ON f.flightId = b.flightId
        JOIN package p ON p.packageId = b.packageId
        LEFT JOIN agent a ON b.accountType = 'Agent' AND b.accountId = a.accountId
        LEFT JOIN company c ON a.companyId = c.companyId
        LEFT JOIN client cl ON b.accountType = 'Client' AND b.accountId = cl.accountId
        LEFT JOIN company cc ON cl.companyId = cc.companyId
        LEFT JOIN payment pa ON pa.transactNo = b.transactNo AND pa.paymentStatus = 'Approved'
        LEFT JOIN request r ON r.transactNo = b.transactNo AND r.requestStatus = 'Confirmed'
        
        GROUP BY b.transactNo, f.flightDepartureDate, f.returnDepartureDate, b.status, 
                 p.packageName, b.bookingDate, b.pax, b.totalPrice, a.lName, a.fName, a.mName, br.branchName
        ORDER BY CAST(SUBSTRING_INDEX(b.transactNo, '-', -1) AS UNSIGNED)
[2025-08-13 04:36:54] Total records fetched: 98
[2025-08-13 04:36:57] WHERE clause: 
[2025-08-13 04:36:57] SQL Query: SELECT b.transactNo, DATE_FORMAT(f.flightDepartureDate, '%Y.%m.%d') AS departureDate, f.returnDepartureDate AS returnDate, 
        b.status AS bookingStatus, CONCAT(f.flightDepartureDate, ' | ', f.returnDepartureDate) AS FlightDate, 
        p.packageName AS PackageName, b.bookingDate, b.pax AS TotalPax,  
        b.totalPrice AS PackagePrice, br.branchName as branchName, COALESCE(SUM(pa.amount), 0) AS TotalAmountPaid,
        CONCAT(a.lName, ', ', a.fName, ' ', IFNULL(CONCAT(SUBSTRING(a.mName, 1, 1), '.'), '')) AS agentName,
        COALESCE(SUM(r.requestCost), 0) AS TotalRequestAmount
        FROM booking b
        JOIN branch br ON b.agentCode = br.branchAgentCode
        JOIN flight f ON f.flightId = b.flightId
        JOIN package p ON p.packageId = b.packageId
        LEFT JOIN agent a ON b.accountType = 'Agent' AND b.accountId = a.accountId
        LEFT JOIN company c ON a.companyId = c.companyId
        LEFT JOIN client cl ON b.accountType = 'Client' AND b.accountId = cl.accountId
        LEFT JOIN company cc ON cl.companyId = cc.companyId
        LEFT JOIN payment pa ON pa.transactNo = b.transactNo AND pa.paymentStatus = 'Approved'
        LEFT JOIN request r ON r.transactNo = b.transactNo AND r.requestStatus = 'Confirmed'
        
        GROUP BY b.transactNo, f.flightDepartureDate, f.returnDepartureDate, b.status, 
                 p.packageName, b.bookingDate, b.pax, b.totalPrice, a.lName, a.fName, a.mName, br.branchName
        ORDER BY CAST(SUBSTRING_INDEX(b.transactNo, '-', -1) AS UNSIGNED)
[2025-08-13 04:36:57] Total records fetched: 98
[2025-08-13 04:40:37] WHERE clause: 
[2025-08-13 04:40:37] SQL Query: SELECT b.transactNo, DATE_FORMAT(f.flightDepartureDate, '%Y.%m.%d') AS departureDate, f.returnDepartureDate AS returnDate, 
        b.status AS bookingStatus, CONCAT(f.flightDepartureDate, ' | ', f.returnDepartureDate) AS FlightDate, 
        p.packageName AS PackageName, b.bookingDate, b.pax AS TotalPax,  
        b.totalPrice AS PackagePrice, br.branchName as branchName, COALESCE(SUM(pa.amount), 0) AS TotalAmountPaid,
        CONCAT(a.lName, ', ', a.fName, ' ', IFNULL(CONCAT(SUBSTRING(a.mName, 1, 1), '.'), '')) AS agentName,
        COALESCE(SUM(r.requestCost), 0) AS TotalRequestAmount
        FROM booking b
        JOIN branch br ON b.agentCode = br.branchAgentCode
        JOIN flight f ON f.flightId = b.flightId
        JOIN package p ON p.packageId = b.packageId
        LEFT JOIN agent a ON b.accountType = 'Agent' AND b.accountId = a.accountId
        LEFT JOIN company c ON a.companyId = c.companyId
        LEFT JOIN client cl ON b.accountType = 'Client' AND b.accountId = cl.accountId
        LEFT JOIN company cc ON cl.companyId = cc.companyId
        LEFT JOIN payment pa ON pa.transactNo = b.transactNo AND pa.paymentStatus = 'Approved'
        LEFT JOIN request r ON r.transactNo = b.transactNo AND r.requestStatus = 'Confirmed'
        
        GROUP BY b.transactNo, f.flightDepartureDate, f.returnDepartureDate, b.status, 
                 p.packageName, b.bookingDate, b.pax, b.totalPrice, a.lName, a.fName, a.mName, br.branchName
        ORDER BY CAST(SUBSTRING_INDEX(b.transactNo, '-', -1) AS UNSIGNED)
[2025-08-13 04:40:37] Total records fetched: 98
[2025-08-13 04:40:55] WHERE clause: 
[2025-08-13 04:40:55] SQL Query: SELECT b.transactNo, DATE_FORMAT(f.flightDepartureDate, '%Y.%m.%d') AS departureDate, f.returnDepartureDate AS returnDate, 
        b.status AS bookingStatus, CONCAT(f.flightDepartureDate, ' | ', f.returnDepartureDate) AS FlightDate, 
        p.packageName AS PackageName, b.bookingDate, b.pax AS TotalPax,  
        b.totalPrice AS PackagePrice, br.branchName as branchName, COALESCE(SUM(pa.amount), 0) AS TotalAmountPaid,
        CONCAT(a.lName, ', ', a.fName, ' ', IFNULL(CONCAT(SUBSTRING(a.mName, 1, 1), '.'), '')) AS agentName,
        COALESCE(SUM(r.requestCost), 0) AS TotalRequestAmount
        FROM booking b
        JOIN branch br ON b.agentCode = br.branchAgentCode
        JOIN flight f ON f.flightId = b.flightId
        JOIN package p ON p.packageId = b.packageId
        LEFT JOIN agent a ON b.accountType = 'Agent' AND b.accountId = a.accountId
        LEFT JOIN company c ON a.companyId = c.companyId
        LEFT JOIN client cl ON b.accountType = 'Client' AND b.accountId = cl.accountId
        LEFT JOIN company cc ON cl.companyId = cc.companyId
        LEFT JOIN payment pa ON pa.transactNo = b.transactNo AND pa.paymentStatus = 'Approved'
        LEFT JOIN request r ON r.transactNo = b.transactNo AND r.requestStatus = 'Confirmed'
        
        GROUP BY b.transactNo, f.flightDepartureDate, f.returnDepartureDate, b.status, 
                 p.packageName, b.bookingDate, b.pax, b.totalPrice, a.lName, a.fName, a.mName, br.branchName
        ORDER BY CAST(SUBSTRING_INDEX(b.transactNo, '-', -1) AS UNSIGNED)
[2025-08-13 04:40:55] Total records fetched: 98
[2025-08-13 04:41:45] WHERE clause: 
[2025-08-13 04:41:45] SQL Query: SELECT b.transactNo, DATE_FORMAT(f.flightDepartureDate, '%Y.%m.%d') AS departureDate, f.returnDepartureDate AS returnDate, 
        b.status AS bookingStatus, CONCAT(f.flightDepartureDate, ' | ', f.returnDepartureDate) AS FlightDate, 
        p.packageName AS PackageName, b.bookingDate, b.pax AS TotalPax,  
        b.totalPrice AS PackagePrice, br.branchName as branchName, COALESCE(SUM(pa.amount), 0) AS TotalAmountPaid,
        CONCAT(a.lName, ', ', a.fName, ' ', IFNULL(CONCAT(SUBSTRING(a.mName, 1, 1), '.'), '')) AS agentName,
        COALESCE(SUM(r.requestCost), 0) AS TotalRequestAmount
        FROM booking b
        JOIN branch br ON b.agentCode = br.branchAgentCode
        JOIN flight f ON f.flightId = b.flightId
        JOIN package p ON p.packageId = b.packageId
        LEFT JOIN agent a ON b.accountType = 'Agent' AND b.accountId = a.accountId
        LEFT JOIN company c ON a.companyId = c.companyId
        LEFT JOIN client cl ON b.accountType = 'Client' AND b.accountId = cl.accountId
        LEFT JOIN company cc ON cl.companyId = cc.companyId
        LEFT JOIN payment pa ON pa.transactNo = b.transactNo AND pa.paymentStatus = 'Approved'
        LEFT JOIN request r ON r.transactNo = b.transactNo AND r.requestStatus = 'Confirmed'
        
        GROUP BY b.transactNo, f.flightDepartureDate, f.returnDepartureDate, b.status, 
                 p.packageName, b.bookingDate, b.pax, b.totalPrice, a.lName, a.fName, a.mName, br.branchName
        ORDER BY CAST(SUBSTRING_INDEX(b.transactNo, '-', -1) AS UNSIGNED)
[2025-08-13 04:41:45] Total records fetched: 98
[2025-08-13 04:41:48] WHERE clause: 
[2025-08-13 04:41:48] SQL Query: SELECT b.transactNo, DATE_FORMAT(f.flightDepartureDate, '%Y.%m.%d') AS departureDate, f.returnDepartureDate AS returnDate, 
        b.status AS bookingStatus, CONCAT(f.flightDepartureDate, ' | ', f.returnDepartureDate) AS FlightDate, 
        p.packageName AS PackageName, b.bookingDate, b.pax AS TotalPax,  
        b.totalPrice AS PackagePrice, br.branchName as branchName, COALESCE(SUM(pa.amount), 0) AS TotalAmountPaid,
        CONCAT(a.lName, ', ', a.fName, ' ', IFNULL(CONCAT(SUBSTRING(a.mName, 1, 1), '.'), '')) AS agentName,
        COALESCE(SUM(r.requestCost), 0) AS TotalRequestAmount
        FROM booking b
        JOIN branch br ON b.agentCode = br.branchAgentCode
        JOIN flight f ON f.flightId = b.flightId
        JOIN package p ON p.packageId = b.packageId
        LEFT JOIN agent a ON b.accountType = 'Agent' AND b.accountId = a.accountId
        LEFT JOIN company c ON a.companyId = c.companyId
        LEFT JOIN client cl ON b.accountType = 'Client' AND b.accountId = cl.accountId
        LEFT JOIN company cc ON cl.companyId = cc.companyId
        LEFT JOIN payment pa ON pa.transactNo = b.transactNo AND pa.paymentStatus = 'Approved'
        LEFT JOIN request r ON r.transactNo = b.transactNo AND r.requestStatus = 'Confirmed'
        
        GROUP BY b.transactNo, f.flightDepartureDate, f.returnDepartureDate, b.status, 
                 p.packageName, b.bookingDate, b.pax, b.totalPrice, a.lName, a.fName, a.mName, br.branchName
        ORDER BY CAST(SUBSTRING_INDEX(b.transactNo, '-', -1) AS UNSIGNED)
[2025-08-13 04:41:48] Total records fetched: 98
[2025-08-13 04:43:28] WHERE clause: 
[2025-08-13 04:43:28] SQL Query: SELECT b.transactNo, DATE_FORMAT(f.flightDepartureDate, '%Y.%m.%d') AS departureDate, f.returnDepartureDate AS returnDate, 
        b.status AS bookingStatus, CONCAT(f.flightDepartureDate, ' | ', f.returnDepartureDate) AS FlightDate, 
        p.packageName AS PackageName, b.bookingDate, b.pax AS TotalPax,  
        b.totalPrice AS PackagePrice, br.branchName as branchName, COALESCE(SUM(pa.amount), 0) AS TotalAmountPaid,
        CONCAT(a.lName, ', ', a.fName, ' ', IFNULL(CONCAT(SUBSTRING(a.mName, 1, 1), '.'), '')) AS agentName,
        COALESCE(SUM(r.requestCost), 0) AS TotalRequestAmount
        FROM booking b
        JOIN branch br ON b.agentCode = br.branchAgentCode
        JOIN flight f ON f.flightId = b.flightId
        JOIN package p ON p.packageId = b.packageId
        LEFT JOIN agent a ON b.accountType = 'Agent' AND b.accountId = a.accountId
        LEFT JOIN company c ON a.companyId = c.companyId
        LEFT JOIN client cl ON b.accountType = 'Client' AND b.accountId = cl.accountId
        LEFT JOIN company cc ON cl.companyId = cc.companyId
        LEFT JOIN payment pa ON pa.transactNo = b.transactNo AND pa.paymentStatus = 'Approved'
        LEFT JOIN request r ON r.transactNo = b.transactNo AND r.requestStatus = 'Confirmed'
        
        GROUP BY b.transactNo, f.flightDepartureDate, f.returnDepartureDate, b.status, 
                 p.packageName, b.bookingDate, b.pax, b.totalPrice, a.lName, a.fName, a.mName, br.branchName
        ORDER BY CAST(SUBSTRING_INDEX(b.transactNo, '-', -1) AS UNSIGNED)
[2025-08-13 04:43:28] Total records fetched: 98
[2025-08-13 04:43:29] WHERE clause: 
[2025-08-13 04:43:29] SQL Query: SELECT b.transactNo, DATE_FORMAT(f.flightDepartureDate, '%Y.%m.%d') AS departureDate, f.returnDepartureDate AS returnDate, 
        b.status AS bookingStatus, CONCAT(f.flightDepartureDate, ' | ', f.returnDepartureDate) AS FlightDate, 
        p.packageName AS PackageName, b.bookingDate, b.pax AS TotalPax,  
        b.totalPrice AS PackagePrice, br.branchName as branchName, COALESCE(SUM(pa.amount), 0) AS TotalAmountPaid,
        CONCAT(a.lName, ', ', a.fName, ' ', IFNULL(CONCAT(SUBSTRING(a.mName, 1, 1), '.'), '')) AS agentName,
        COALESCE(SUM(r.requestCost), 0) AS TotalRequestAmount
        FROM booking b
        JOIN branch br ON b.agentCode = br.branchAgentCode
        JOIN flight f ON f.flightId = b.flightId
        JOIN package p ON p.packageId = b.packageId
        LEFT JOIN agent a ON b.accountType = 'Agent' AND b.accountId = a.accountId
        LEFT JOIN company c ON a.companyId = c.companyId
        LEFT JOIN client cl ON b.accountType = 'Client' AND b.accountId = cl.accountId
        LEFT JOIN company cc ON cl.companyId = cc.companyId
        LEFT JOIN payment pa ON pa.transactNo = b.transactNo AND pa.paymentStatus = 'Approved'
        LEFT JOIN request r ON r.transactNo = b.transactNo AND r.requestStatus = 'Confirmed'
        
        GROUP BY b.transactNo, f.flightDepartureDate, f.returnDepartureDate, b.status, 
                 p.packageName, b.bookingDate, b.pax, b.totalPrice, a.lName, a.fName, a.mName, br.branchName
        ORDER BY CAST(SUBSTRING_INDEX(b.transactNo, '-', -1) AS UNSIGNED)
[2025-08-13 04:43:29] Total records fetched: 98
[2025-08-13 04:43:29] WHERE clause: 
[2025-08-13 04:43:29] SQL Query: SELECT b.transactNo, DATE_FORMAT(f.flightDepartureDate, '%Y.%m.%d') AS departureDate, f.returnDepartureDate AS returnDate, 
        b.status AS bookingStatus, CONCAT(f.flightDepartureDate, ' | ', f.returnDepartureDate) AS FlightDate, 
        p.packageName AS PackageName, b.bookingDate, b.pax AS TotalPax,  
        b.totalPrice AS PackagePrice, br.branchName as branchName, COALESCE(SUM(pa.amount), 0) AS TotalAmountPaid,
        CONCAT(a.lName, ', ', a.fName, ' ', IFNULL(CONCAT(SUBSTRING(a.mName, 1, 1), '.'), '')) AS agentName,
        COALESCE(SUM(r.requestCost), 0) AS TotalRequestAmount
        FROM booking b
        JOIN branch br ON b.agentCode = br.branchAgentCode
        JOIN flight f ON f.flightId = b.flightId
        JOIN package p ON p.packageId = b.packageId
        LEFT JOIN agent a ON b.accountType = 'Agent' AND b.accountId = a.accountId
        LEFT JOIN company c ON a.companyId = c.companyId
        LEFT JOIN client cl ON b.accountType = 'Client' AND b.accountId = cl.accountId
        LEFT JOIN company cc ON cl.companyId = cc.companyId
        LEFT JOIN payment pa ON pa.transactNo = b.transactNo AND pa.paymentStatus = 'Approved'
        LEFT JOIN request r ON r.transactNo = b.transactNo AND r.requestStatus = 'Confirmed'
        
        GROUP BY b.transactNo, f.flightDepartureDate, f.returnDepartureDate, b.status, 
                 p.packageName, b.bookingDate, b.pax, b.totalPrice, a.lName, a.fName, a.mName, br.branchName
        ORDER BY CAST(SUBSTRING_INDEX(b.transactNo, '-', -1) AS UNSIGNED)
[2025-08-13 04:43:29] Total records fetched: 98
[2025-08-13 04:43:30] WHERE clause: 
[2025-08-13 04:43:30] SQL Query: SELECT b.transactNo, DATE_FORMAT(f.flightDepartureDate, '%Y.%m.%d') AS departureDate, f.returnDepartureDate AS returnDate, 
        b.status AS bookingStatus, CONCAT(f.flightDepartureDate, ' | ', f.returnDepartureDate) AS FlightDate, 
        p.packageName AS PackageName, b.bookingDate, b.pax AS TotalPax,  
        b.totalPrice AS PackagePrice, br.branchName as branchName, COALESCE(SUM(pa.amount), 0) AS TotalAmountPaid,
        CONCAT(a.lName, ', ', a.fName, ' ', IFNULL(CONCAT(SUBSTRING(a.mName, 1, 1), '.'), '')) AS agentName,
        COALESCE(SUM(r.requestCost), 0) AS TotalRequestAmount
        FROM booking b
        JOIN branch br ON b.agentCode = br.branchAgentCode
        JOIN flight f ON f.flightId = b.flightId
        JOIN package p ON p.packageId = b.packageId
        LEFT JOIN agent a ON b.accountType = 'Agent' AND b.accountId = a.accountId
        LEFT JOIN company c ON a.companyId = c.companyId
        LEFT JOIN client cl ON b.accountType = 'Client' AND b.accountId = cl.accountId
        LEFT JOIN company cc ON cl.companyId = cc.companyId
        LEFT JOIN payment pa ON pa.transactNo = b.transactNo AND pa.paymentStatus = 'Approved'
        LEFT JOIN request r ON r.transactNo = b.transactNo AND r.requestStatus = 'Confirmed'
        
        GROUP BY b.transactNo, f.flightDepartureDate, f.returnDepartureDate, b.status, 
                 p.packageName, b.bookingDate, b.pax, b.totalPrice, a.lName, a.fName, a.mName, br.branchName
        ORDER BY CAST(SUBSTRING_INDEX(b.transactNo, '-', -1) AS UNSIGNED)
[2025-08-13 04:43:30] Total records fetched: 98
[2025-08-13 04:43:30] WHERE clause: 
[2025-08-13 04:43:30] SQL Query: SELECT b.transactNo, DATE_FORMAT(f.flightDepartureDate, '%Y.%m.%d') AS departureDate, f.returnDepartureDate AS returnDate, 
        b.status AS bookingStatus, CONCAT(f.flightDepartureDate, ' | ', f.returnDepartureDate) AS FlightDate, 
        p.packageName AS PackageName, b.bookingDate, b.pax AS TotalPax,  
        b.totalPrice AS PackagePrice, br.branchName as branchName, COALESCE(SUM(pa.amount), 0) AS TotalAmountPaid,
        CONCAT(a.lName, ', ', a.fName, ' ', IFNULL(CONCAT(SUBSTRING(a.mName, 1, 1), '.'), '')) AS agentName,
        COALESCE(SUM(r.requestCost), 0) AS TotalRequestAmount
        FROM booking b
        JOIN branch br ON b.agentCode = br.branchAgentCode
        JOIN flight f ON f.flightId = b.flightId
        JOIN package p ON p.packageId = b.packageId
        LEFT JOIN agent a ON b.accountType = 'Agent' AND b.accountId = a.accountId
        LEFT JOIN company c ON a.companyId = c.companyId
        LEFT JOIN client cl ON b.accountType = 'Client' AND b.accountId = cl.accountId
        LEFT JOIN company cc ON cl.companyId = cc.companyId
        LEFT JOIN payment pa ON pa.transactNo = b.transactNo AND pa.paymentStatus = 'Approved'
        LEFT JOIN request r ON r.transactNo = b.transactNo AND r.requestStatus = 'Confirmed'
        
        GROUP BY b.transactNo, f.flightDepartureDate, f.returnDepartureDate, b.status, 
                 p.packageName, b.bookingDate, b.pax, b.totalPrice, a.lName, a.fName, a.mName, br.branchName
        ORDER BY CAST(SUBSTRING_INDEX(b.transactNo, '-', -1) AS UNSIGNED)
[2025-08-13 04:43:30] Total records fetched: 98
[2025-08-13 04:47:04] WHERE clause: 
[2025-08-13 04:47:04] SQL Query: SELECT b.transactNo, DATE_FORMAT(f.flightDepartureDate, '%Y.%m.%d') AS departureDate, f.returnDepartureDate AS returnDate, 
        b.status AS bookingStatus, CONCAT(f.flightDepartureDate, ' | ', f.returnDepartureDate) AS FlightDate, 
        p.packageName AS PackageName, b.bookingDate, b.pax AS TotalPax,  
        b.totalPrice AS PackagePrice, br.branchName as branchName, COALESCE(SUM(pa.amount), 0) AS TotalAmountPaid,
        CONCAT(a.lName, ', ', a.fName, ' ', IFNULL(CONCAT(SUBSTRING(a.mName, 1, 1), '.'), '')) AS agentName,
        COALESCE(SUM(r.requestCost), 0) AS TotalRequestAmount
        FROM booking b
        JOIN branch br ON b.agentCode = br.branchAgentCode
        JOIN flight f ON f.flightId = b.flightId
        JOIN package p ON p.packageId = b.packageId
        LEFT JOIN agent a ON b.accountType = 'Agent' AND b.accountId = a.accountId
        LEFT JOIN company c ON a.companyId = c.companyId
        LEFT JOIN client cl ON b.accountType = 'Client' AND b.accountId = cl.accountId
        LEFT JOIN company cc ON cl.companyId = cc.companyId
        LEFT JOIN payment pa ON pa.transactNo = b.transactNo AND pa.paymentStatus = 'Approved'
        LEFT JOIN request r ON r.transactNo = b.transactNo AND r.requestStatus = 'Confirmed'
        
        GROUP BY b.transactNo, f.flightDepartureDate, f.returnDepartureDate, b.status, 
                 p.packageName, b.bookingDate, b.pax, b.totalPrice, a.lName, a.fName, a.mName, br.branchName
        ORDER BY CAST(SUBSTRING_INDEX(b.transactNo, '-', -1) AS UNSIGNED)
[2025-08-13 04:47:04] Total records fetched: 98
[2025-08-13 04:47:07] WHERE clause: 
[2025-08-13 04:47:07] SQL Query: SELECT b.transactNo, DATE_FORMAT(f.flightDepartureDate, '%Y.%m.%d') AS departureDate, f.returnDepartureDate AS returnDate, 
        b.status AS bookingStatus, CONCAT(f.flightDepartureDate, ' | ', f.returnDepartureDate) AS FlightDate, 
        p.packageName AS PackageName, b.bookingDate, b.pax AS TotalPax,  
        b.totalPrice AS PackagePrice, br.branchName as branchName, COALESCE(SUM(pa.amount), 0) AS TotalAmountPaid,
        CONCAT(a.lName, ', ', a.fName, ' ', IFNULL(CONCAT(SUBSTRING(a.mName, 1, 1), '.'), '')) AS agentName,
        COALESCE(SUM(r.requestCost), 0) AS TotalRequestAmount
        FROM booking b
        JOIN branch br ON b.agentCode = br.branchAgentCode
        JOIN flight f ON f.flightId = b.flightId
        JOIN package p ON p.packageId = b.packageId
        LEFT JOIN agent a ON b.accountType = 'Agent' AND b.accountId = a.accountId
        LEFT JOIN company c ON a.companyId = c.companyId
        LEFT JOIN client cl ON b.accountType = 'Client' AND b.accountId = cl.accountId
        LEFT JOIN company cc ON cl.companyId = cc.companyId
        LEFT JOIN payment pa ON pa.transactNo = b.transactNo AND pa.paymentStatus = 'Approved'
        LEFT JOIN request r ON r.transactNo = b.transactNo AND r.requestStatus = 'Confirmed'
        
        GROUP BY b.transactNo, f.flightDepartureDate, f.returnDepartureDate, b.status, 
                 p.packageName, b.bookingDate, b.pax, b.totalPrice, a.lName, a.fName, a.mName, br.branchName
        ORDER BY CAST(SUBSTRING_INDEX(b.transactNo, '-', -1) AS UNSIGNED)
[2025-08-13 04:47:07] Total records fetched: 98
[2025-08-13 04:47:12] WHERE clause: 
[2025-08-13 04:47:12] SQL Query: SELECT b.transactNo, DATE_FORMAT(f.flightDepartureDate, '%Y.%m.%d') AS departureDate, f.returnDepartureDate AS returnDate, 
        b.status AS bookingStatus, CONCAT(f.flightDepartureDate, ' | ', f.returnDepartureDate) AS FlightDate, 
        p.packageName AS PackageName, b.bookingDate, b.pax AS TotalPax,  
        b.totalPrice AS PackagePrice, br.branchName as branchName, COALESCE(SUM(pa.amount), 0) AS TotalAmountPaid,
        CONCAT(a.lName, ', ', a.fName, ' ', IFNULL(CONCAT(SUBSTRING(a.mName, 1, 1), '.'), '')) AS agentName,
        COALESCE(SUM(r.requestCost), 0) AS TotalRequestAmount
        FROM booking b
        JOIN branch br ON b.agentCode = br.branchAgentCode
        JOIN flight f ON f.flightId = b.flightId
        JOIN package p ON p.packageId = b.packageId
        LEFT JOIN agent a ON b.accountType = 'Agent' AND b.accountId = a.accountId
        LEFT JOIN company c ON a.companyId = c.companyId
        LEFT JOIN client cl ON b.accountType = 'Client' AND b.accountId = cl.accountId
        LEFT JOIN company cc ON cl.companyId = cc.companyId
        LEFT JOIN payment pa ON pa.transactNo = b.transactNo AND pa.paymentStatus = 'Approved'
        LEFT JOIN request r ON r.transactNo = b.transactNo AND r.requestStatus = 'Confirmed'
        
        GROUP BY b.transactNo, f.flightDepartureDate, f.returnDepartureDate, b.status, 
                 p.packageName, b.bookingDate, b.pax, b.totalPrice, a.lName, a.fName, a.mName, br.branchName
        ORDER BY CAST(SUBSTRING_INDEX(b.transactNo, '-', -1) AS UNSIGNED)
[2025-08-13 04:47:12] Total records fetched: 98
[2025-08-13 04:47:12] WHERE clause: 
[2025-08-13 04:47:12] SQL Query: SELECT b.transactNo, DATE_FORMAT(f.flightDepartureDate, '%Y.%m.%d') AS departureDate, f.returnDepartureDate AS returnDate, 
        b.status AS bookingStatus, CONCAT(f.flightDepartureDate, ' | ', f.returnDepartureDate) AS FlightDate, 
        p.packageName AS PackageName, b.bookingDate, b.pax AS TotalPax,  
        b.totalPrice AS PackagePrice, br.branchName as branchName, COALESCE(SUM(pa.amount), 0) AS TotalAmountPaid,
        CONCAT(a.lName, ', ', a.fName, ' ', IFNULL(CONCAT(SUBSTRING(a.mName, 1, 1), '.'), '')) AS agentName,
        COALESCE(SUM(r.requestCost), 0) AS TotalRequestAmount
        FROM booking b
        JOIN branch br ON b.agentCode = br.branchAgentCode
        JOIN flight f ON f.flightId = b.flightId
        JOIN package p ON p.packageId = b.packageId
        LEFT JOIN agent a ON b.accountType = 'Agent' AND b.accountId = a.accountId
        LEFT JOIN company c ON a.companyId = c.companyId
        LEFT JOIN client cl ON b.accountType = 'Client' AND b.accountId = cl.accountId
        LEFT JOIN company cc ON cl.companyId = cc.companyId
        LEFT JOIN payment pa ON pa.transactNo = b.transactNo AND pa.paymentStatus = 'Approved'
        LEFT JOIN request r ON r.transactNo = b.transactNo AND r.requestStatus = 'Confirmed'
        
        GROUP BY b.transactNo, f.flightDepartureDate, f.returnDepartureDate, b.status, 
                 p.packageName, b.bookingDate, b.pax, b.totalPrice, a.lName, a.fName, a.mName, br.branchName
        ORDER BY CAST(SUBSTRING_INDEX(b.transactNo, '-', -1) AS UNSIGNED)
[2025-08-13 04:47:12] Total records fetched: 98
[2025-08-13 04:47:13] WHERE clause: 
[2025-08-13 04:47:13] SQL Query: SELECT b.transactNo, DATE_FORMAT(f.flightDepartureDate, '%Y.%m.%d') AS departureDate, f.returnDepartureDate AS returnDate, 
        b.status AS bookingStatus, CONCAT(f.flightDepartureDate, ' | ', f.returnDepartureDate) AS FlightDate, 
        p.packageName AS PackageName, b.bookingDate, b.pax AS TotalPax,  
        b.totalPrice AS PackagePrice, br.branchName as branchName, COALESCE(SUM(pa.amount), 0) AS TotalAmountPaid,
        CONCAT(a.lName, ', ', a.fName, ' ', IFNULL(CONCAT(SUBSTRING(a.mName, 1, 1), '.'), '')) AS agentName,
        COALESCE(SUM(r.requestCost), 0) AS TotalRequestAmount
        FROM booking b
        JOIN branch br ON b.agentCode = br.branchAgentCode
        JOIN flight f ON f.flightId = b.flightId
        JOIN package p ON p.packageId = b.packageId
        LEFT JOIN agent a ON b.accountType = 'Agent' AND b.accountId = a.accountId
        LEFT JOIN company c ON a.companyId = c.companyId
        LEFT JOIN client cl ON b.accountType = 'Client' AND b.accountId = cl.accountId
        LEFT JOIN company cc ON cl.companyId = cc.companyId
        LEFT JOIN payment pa ON pa.transactNo = b.transactNo AND pa.paymentStatus = 'Approved'
        LEFT JOIN request r ON r.transactNo = b.transactNo AND r.requestStatus = 'Confirmed'
        
        GROUP BY b.transactNo, f.flightDepartureDate, f.returnDepartureDate, b.status, 
                 p.packageName, b.bookingDate, b.pax, b.totalPrice, a.lName, a.fName, a.mName, br.branchName
        ORDER BY CAST(SUBSTRING_INDEX(b.transactNo, '-', -1) AS UNSIGNED)
[2025-08-13 04:47:13] Total records fetched: 98
[2025-08-13 04:47:14] WHERE clause: 
[2025-08-13 04:47:14] SQL Query: SELECT b.transactNo, DATE_FORMAT(f.flightDepartureDate, '%Y.%m.%d') AS departureDate, f.returnDepartureDate AS returnDate, 
        b.status AS bookingStatus, CONCAT(f.flightDepartureDate, ' | ', f.returnDepartureDate) AS FlightDate, 
        p.packageName AS PackageName, b.bookingDate, b.pax AS TotalPax,  
        b.totalPrice AS PackagePrice, br.branchName as branchName, COALESCE(SUM(pa.amount), 0) AS TotalAmountPaid,
        CONCAT(a.lName, ', ', a.fName, ' ', IFNULL(CONCAT(SUBSTRING(a.mName, 1, 1), '.'), '')) AS agentName,
        COALESCE(SUM(r.requestCost), 0) AS TotalRequestAmount
        FROM booking b
        JOIN branch br ON b.agentCode = br.branchAgentCode
        JOIN flight f ON f.flightId = b.flightId
        JOIN package p ON p.packageId = b.packageId
        LEFT JOIN agent a ON b.accountType = 'Agent' AND b.accountId = a.accountId
        LEFT JOIN company c ON a.companyId = c.companyId
        LEFT JOIN client cl ON b.accountType = 'Client' AND b.accountId = cl.accountId
        LEFT JOIN company cc ON cl.companyId = cc.companyId
        LEFT JOIN payment pa ON pa.transactNo = b.transactNo AND pa.paymentStatus = 'Approved'
        LEFT JOIN request r ON r.transactNo = b.transactNo AND r.requestStatus = 'Confirmed'
        
        GROUP BY b.transactNo, f.flightDepartureDate, f.returnDepartureDate, b.status, 
                 p.packageName, b.bookingDate, b.pax, b.totalPrice, a.lName, a.fName, a.mName, br.branchName
        ORDER BY CAST(SUBSTRING_INDEX(b.transactNo, '-', -1) AS UNSIGNED)
[2025-08-13 04:47:14] Total records fetched: 98
[2025-08-13 04:47:14] WHERE clause: 
[2025-08-13 04:47:14] SQL Query: SELECT b.transactNo, DATE_FORMAT(f.flightDepartureDate, '%Y.%m.%d') AS departureDate, f.returnDepartureDate AS returnDate, 
        b.status AS bookingStatus, CONCAT(f.flightDepartureDate, ' | ', f.returnDepartureDate) AS FlightDate, 
        p.packageName AS PackageName, b.bookingDate, b.pax AS TotalPax,  
        b.totalPrice AS PackagePrice, br.branchName as branchName, COALESCE(SUM(pa.amount), 0) AS TotalAmountPaid,
        CONCAT(a.lName, ', ', a.fName, ' ', IFNULL(CONCAT(SUBSTRING(a.mName, 1, 1), '.'), '')) AS agentName,
        COALESCE(SUM(r.requestCost), 0) AS TotalRequestAmount
        FROM booking b
        JOIN branch br ON b.agentCode = br.branchAgentCode
        JOIN flight f ON f.flightId = b.flightId
        JOIN package p ON p.packageId = b.packageId
        LEFT JOIN agent a ON b.accountType = 'Agent' AND b.accountId = a.accountId
        LEFT JOIN company c ON a.companyId = c.companyId
        LEFT JOIN client cl ON b.accountType = 'Client' AND b.accountId = cl.accountId
        LEFT JOIN company cc ON cl.companyId = cc.companyId
        LEFT JOIN payment pa ON pa.transactNo = b.transactNo AND pa.paymentStatus = 'Approved'
        LEFT JOIN request r ON r.transactNo = b.transactNo AND r.requestStatus = 'Confirmed'
        
        GROUP BY b.transactNo, f.flightDepartureDate, f.returnDepartureDate, b.status, 
                 p.packageName, b.bookingDate, b.pax, b.totalPrice, a.lName, a.fName, a.mName, br.branchName
        ORDER BY CAST(SUBSTRING_INDEX(b.transactNo, '-', -1) AS UNSIGNED)
[2025-08-13 04:47:14] Total records fetched: 98
[2025-08-13 04:47:15] WHERE clause: 
[2025-08-13 04:47:15] SQL Query: SELECT b.transactNo, DATE_FORMAT(f.flightDepartureDate, '%Y.%m.%d') AS departureDate, f.returnDepartureDate AS returnDate, 
        b.status AS bookingStatus, CONCAT(f.flightDepartureDate, ' | ', f.returnDepartureDate) AS FlightDate, 
        p.packageName AS PackageName, b.bookingDate, b.pax AS TotalPax,  
        b.totalPrice AS PackagePrice, br.branchName as branchName, COALESCE(SUM(pa.amount), 0) AS TotalAmountPaid,
        CONCAT(a.lName, ', ', a.fName, ' ', IFNULL(CONCAT(SUBSTRING(a.mName, 1, 1), '.'), '')) AS agentName,
        COALESCE(SUM(r.requestCost), 0) AS TotalRequestAmount
        FROM booking b
        JOIN branch br ON b.agentCode = br.branchAgentCode
        JOIN flight f ON f.flightId = b.flightId
        JOIN package p ON p.packageId = b.packageId
        LEFT JOIN agent a ON b.accountType = 'Agent' AND b.accountId = a.accountId
        LEFT JOIN company c ON a.companyId = c.companyId
        LEFT JOIN client cl ON b.accountType = 'Client' AND b.accountId = cl.accountId
        LEFT JOIN company cc ON cl.companyId = cc.companyId
        LEFT JOIN payment pa ON pa.transactNo = b.transactNo AND pa.paymentStatus = 'Approved'
        LEFT JOIN request r ON r.transactNo = b.transactNo AND r.requestStatus = 'Confirmed'
        
        GROUP BY b.transactNo, f.flightDepartureDate, f.returnDepartureDate, b.status, 
                 p.packageName, b.bookingDate, b.pax, b.totalPrice, a.lName, a.fName, a.mName, br.branchName
        ORDER BY CAST(SUBSTRING_INDEX(b.transactNo, '-', -1) AS UNSIGNED)
[2025-08-13 04:47:15] Total records fetched: 98
[2025-08-13 04:47:33] WHERE clause: 
[2025-08-13 04:47:33] SQL Query: SELECT b.transactNo, DATE_FORMAT(f.flightDepartureDate, '%Y.%m.%d') AS departureDate, f.returnDepartureDate AS returnDate, 
        b.status AS bookingStatus, CONCAT(f.flightDepartureDate, ' | ', f.returnDepartureDate) AS FlightDate, 
        p.packageName AS PackageName, b.bookingDate, b.pax AS TotalPax,  
        b.totalPrice AS PackagePrice, br.branchName as branchName, COALESCE(SUM(pa.amount), 0) AS TotalAmountPaid,
        CONCAT(a.lName, ', ', a.fName, ' ', IFNULL(CONCAT(SUBSTRING(a.mName, 1, 1), '.'), '')) AS agentName,
        COALESCE(SUM(r.requestCost), 0) AS TotalRequestAmount
        FROM booking b
        JOIN branch br ON b.agentCode = br.branchAgentCode
        JOIN flight f ON f.flightId = b.flightId
        JOIN package p ON p.packageId = b.packageId
        LEFT JOIN agent a ON b.accountType = 'Agent' AND b.accountId = a.accountId
        LEFT JOIN company c ON a.companyId = c.companyId
        LEFT JOIN client cl ON b.accountType = 'Client' AND b.accountId = cl.accountId
        LEFT JOIN company cc ON cl.companyId = cc.companyId
        LEFT JOIN payment pa ON pa.transactNo = b.transactNo AND pa.paymentStatus = 'Approved'
        LEFT JOIN request r ON r.transactNo = b.transactNo AND r.requestStatus = 'Confirmed'
        
        GROUP BY b.transactNo, f.flightDepartureDate, f.returnDepartureDate, b.status, 
                 p.packageName, b.bookingDate, b.pax, b.totalPrice, a.lName, a.fName, a.mName, br.branchName
        ORDER BY CAST(SUBSTRING_INDEX(b.transactNo, '-', -1) AS UNSIGNED)
[2025-08-13 04:47:33] Total records fetched: 98
[2025-08-13 04:47:34] WHERE clause: 
[2025-08-13 04:47:34] SQL Query: SELECT b.transactNo, DATE_FORMAT(f.flightDepartureDate, '%Y.%m.%d') AS departureDate, f.returnDepartureDate AS returnDate, 
        b.status AS bookingStatus, CONCAT(f.flightDepartureDate, ' | ', f.returnDepartureDate) AS FlightDate, 
        p.packageName AS PackageName, b.bookingDate, b.pax AS TotalPax,  
        b.totalPrice AS PackagePrice, br.branchName as branchName, COALESCE(SUM(pa.amount), 0) AS TotalAmountPaid,
        CONCAT(a.lName, ', ', a.fName, ' ', IFNULL(CONCAT(SUBSTRING(a.mName, 1, 1), '.'), '')) AS agentName,
        COALESCE(SUM(r.requestCost), 0) AS TotalRequestAmount
        FROM booking b
        JOIN branch br ON b.agentCode = br.branchAgentCode
        JOIN flight f ON f.flightId = b.flightId
        JOIN package p ON p.packageId = b.packageId
        LEFT JOIN agent a ON b.accountType = 'Agent' AND b.accountId = a.accountId
        LEFT JOIN company c ON a.companyId = c.companyId
        LEFT JOIN client cl ON b.accountType = 'Client' AND b.accountId = cl.accountId
        LEFT JOIN company cc ON cl.companyId = cc.companyId
        LEFT JOIN payment pa ON pa.transactNo = b.transactNo AND pa.paymentStatus = 'Approved'
        LEFT JOIN request r ON r.transactNo = b.transactNo AND r.requestStatus = 'Confirmed'
        
        GROUP BY b.transactNo, f.flightDepartureDate, f.returnDepartureDate, b.status, 
                 p.packageName, b.bookingDate, b.pax, b.totalPrice, a.lName, a.fName, a.mName, br.branchName
        ORDER BY CAST(SUBSTRING_INDEX(b.transactNo, '-', -1) AS UNSIGNED)
[2025-08-13 04:47:34] Total records fetched: 98
[2025-08-13 04:47:34] WHERE clause: 
[2025-08-13 04:47:34] SQL Query: SELECT b.transactNo, DATE_FORMAT(f.flightDepartureDate, '%Y.%m.%d') AS departureDate, f.returnDepartureDate AS returnDate, 
        b.status AS bookingStatus, CONCAT(f.flightDepartureDate, ' | ', f.returnDepartureDate) AS FlightDate, 
        p.packageName AS PackageName, b.bookingDate, b.pax AS TotalPax,  
        b.totalPrice AS PackagePrice, br.branchName as branchName, COALESCE(SUM(pa.amount), 0) AS TotalAmountPaid,
        CONCAT(a.lName, ', ', a.fName, ' ', IFNULL(CONCAT(SUBSTRING(a.mName, 1, 1), '.'), '')) AS agentName,
        COALESCE(SUM(r.requestCost), 0) AS TotalRequestAmount
        FROM booking b
        JOIN branch br ON b.agentCode = br.branchAgentCode
        JOIN flight f ON f.flightId = b.flightId
        JOIN package p ON p.packageId = b.packageId
        LEFT JOIN agent a ON b.accountType = 'Agent' AND b.accountId = a.accountId
        LEFT JOIN company c ON a.companyId = c.companyId
        LEFT JOIN client cl ON b.accountType = 'Client' AND b.accountId = cl.accountId
        LEFT JOIN company cc ON cl.companyId = cc.companyId
        LEFT JOIN payment pa ON pa.transactNo = b.transactNo AND pa.paymentStatus = 'Approved'
        LEFT JOIN request r ON r.transactNo = b.transactNo AND r.requestStatus = 'Confirmed'
        
        GROUP BY b.transactNo, f.flightDepartureDate, f.returnDepartureDate, b.status, 
                 p.packageName, b.bookingDate, b.pax, b.totalPrice, a.lName, a.fName, a.mName, br.branchName
        ORDER BY CAST(SUBSTRING_INDEX(b.transactNo, '-', -1) AS UNSIGNED)
[2025-08-13 04:47:34] Total records fetched: 98
[2025-08-13 04:47:34] WHERE clause: 
[2025-08-13 04:47:34] SQL Query: SELECT b.transactNo, DATE_FORMAT(f.flightDepartureDate, '%Y.%m.%d') AS departureDate, f.returnDepartureDate AS returnDate, 
        b.status AS bookingStatus, CONCAT(f.flightDepartureDate, ' | ', f.returnDepartureDate) AS FlightDate, 
        p.packageName AS PackageName, b.bookingDate, b.pax AS TotalPax,  
        b.totalPrice AS PackagePrice, br.branchName as branchName, COALESCE(SUM(pa.amount), 0) AS TotalAmountPaid,
        CONCAT(a.lName, ', ', a.fName, ' ', IFNULL(CONCAT(SUBSTRING(a.mName, 1, 1), '.'), '')) AS agentName,
        COALESCE(SUM(r.requestCost), 0) AS TotalRequestAmount
        FROM booking b
        JOIN branch br ON b.agentCode = br.branchAgentCode
        JOIN flight f ON f.flightId = b.flightId
        JOIN package p ON p.packageId = b.packageId
        LEFT JOIN agent a ON b.accountType = 'Agent' AND b.accountId = a.accountId
        LEFT JOIN company c ON a.companyId = c.companyId
        LEFT JOIN client cl ON b.accountType = 'Client' AND b.accountId = cl.accountId
        LEFT JOIN company cc ON cl.companyId = cc.companyId
        LEFT JOIN payment pa ON pa.transactNo = b.transactNo AND pa.paymentStatus = 'Approved'
        LEFT JOIN request r ON r.transactNo = b.transactNo AND r.requestStatus = 'Confirmed'
        
        GROUP BY b.transactNo, f.flightDepartureDate, f.returnDepartureDate, b.status, 
                 p.packageName, b.bookingDate, b.pax, b.totalPrice, a.lName, a.fName, a.mName, br.branchName
        ORDER BY CAST(SUBSTRING_INDEX(b.transactNo, '-', -1) AS UNSIGNED)
[2025-08-13 04:47:34] Total records fetched: 98
[2025-08-13 04:47:34] WHERE clause: 
[2025-08-13 04:47:34] SQL Query: SELECT b.transactNo, DATE_FORMAT(f.flightDepartureDate, '%Y.%m.%d') AS departureDate, f.returnDepartureDate AS returnDate, 
        b.status AS bookingStatus, CONCAT(f.flightDepartureDate, ' | ', f.returnDepartureDate) AS FlightDate, 
        p.packageName AS PackageName, b.bookingDate, b.pax AS TotalPax,  
        b.totalPrice AS PackagePrice, br.branchName as branchName, COALESCE(SUM(pa.amount), 0) AS TotalAmountPaid,
        CONCAT(a.lName, ', ', a.fName, ' ', IFNULL(CONCAT(SUBSTRING(a.mName, 1, 1), '.'), '')) AS agentName,
        COALESCE(SUM(r.requestCost), 0) AS TotalRequestAmount
        FROM booking b
        JOIN branch br ON b.agentCode = br.branchAgentCode
        JOIN flight f ON f.flightId = b.flightId
        JOIN package p ON p.packageId = b.packageId
        LEFT JOIN agent a ON b.accountType = 'Agent' AND b.accountId = a.accountId
        LEFT JOIN company c ON a.companyId = c.companyId
        LEFT JOIN client cl ON b.accountType = 'Client' AND b.accountId = cl.accountId
        LEFT JOIN company cc ON cl.companyId = cc.companyId
        LEFT JOIN payment pa ON pa.transactNo = b.transactNo AND pa.paymentStatus = 'Approved'
        LEFT JOIN request r ON r.transactNo = b.transactNo AND r.requestStatus = 'Confirmed'
        
        GROUP BY b.transactNo, f.flightDepartureDate, f.returnDepartureDate, b.status, 
                 p.packageName, b.bookingDate, b.pax, b.totalPrice, a.lName, a.fName, a.mName, br.branchName
        ORDER BY CAST(SUBSTRING_INDEX(b.transactNo, '-', -1) AS UNSIGNED)
[2025-08-13 04:47:34] Total records fetched: 98
[2025-08-13 04:54:03] WHERE clause: 
[2025-08-13 04:54:03] SQL Query: SELECT b.transactNo, DATE_FORMAT(f.flightDepartureDate, '%Y.%m.%d') AS departureDate, f.returnDepartureDate AS returnDate, 
        b.status AS bookingStatus, CONCAT(f.flightDepartureDate, ' | ', f.returnDepartureDate) AS FlightDate, 
        p.packageName AS PackageName, b.bookingDate, b.pax AS TotalPax,  
        b.totalPrice AS PackagePrice, br.branchName as branchName, COALESCE(SUM(pa.amount), 0) AS TotalAmountPaid,
        CONCAT(a.lName, ', ', a.fName, ' ', IFNULL(CONCAT(SUBSTRING(a.mName, 1, 1), '.'), '')) AS agentName,
        COALESCE(SUM(r.requestCost), 0) AS TotalRequestAmount
        FROM booking b
        JOIN branch br ON b.agentCode = br.branchAgentCode
        JOIN flight f ON f.flightId = b.flightId
        JOIN package p ON p.packageId = b.packageId
        LEFT JOIN agent a ON b.accountType = 'Agent' AND b.accountId = a.accountId
        LEFT JOIN company c ON a.companyId = c.companyId
        LEFT JOIN client cl ON b.accountType = 'Client' AND b.accountId = cl.accountId
        LEFT JOIN company cc ON cl.companyId = cc.companyId
        LEFT JOIN payment pa ON pa.transactNo = b.transactNo AND pa.paymentStatus = 'Approved'
        LEFT JOIN request r ON r.transactNo = b.transactNo AND r.requestStatus = 'Confirmed'
        
        GROUP BY b.transactNo, f.flightDepartureDate, f.returnDepartureDate, b.status, 
                 p.packageName, b.bookingDate, b.pax, b.totalPrice, a.lName, a.fName, a.mName, br.branchName
        ORDER BY CAST(SUBSTRING_INDEX(b.transactNo, '-', -1) AS UNSIGNED)
[2025-08-13 04:54:03] Total records fetched: 98
[2025-08-13 04:54:04] WHERE clause: 
[2025-08-13 04:54:04] SQL Query: SELECT b.transactNo, DATE_FORMAT(f.flightDepartureDate, '%Y.%m.%d') AS departureDate, f.returnDepartureDate AS returnDate, 
        b.status AS bookingStatus, CONCAT(f.flightDepartureDate, ' | ', f.returnDepartureDate) AS FlightDate, 
        p.packageName AS PackageName, b.bookingDate, b.pax AS TotalPax,  
        b.totalPrice AS PackagePrice, br.branchName as branchName, COALESCE(SUM(pa.amount), 0) AS TotalAmountPaid,
        CONCAT(a.lName, ', ', a.fName, ' ', IFNULL(CONCAT(SUBSTRING(a.mName, 1, 1), '.'), '')) AS agentName,
        COALESCE(SUM(r.requestCost), 0) AS TotalRequestAmount
        FROM booking b
        JOIN branch br ON b.agentCode = br.branchAgentCode
        JOIN flight f ON f.flightId = b.flightId
        JOIN package p ON p.packageId = b.packageId
        LEFT JOIN agent a ON b.accountType = 'Agent' AND b.accountId = a.accountId
        LEFT JOIN company c ON a.companyId = c.companyId
        LEFT JOIN client cl ON b.accountType = 'Client' AND b.accountId = cl.accountId
        LEFT JOIN company cc ON cl.companyId = cc.companyId
        LEFT JOIN payment pa ON pa.transactNo = b.transactNo AND pa.paymentStatus = 'Approved'
        LEFT JOIN request r ON r.transactNo = b.transactNo AND r.requestStatus = 'Confirmed'
        
        GROUP BY b.transactNo, f.flightDepartureDate, f.returnDepartureDate, b.status, 
                 p.packageName, b.bookingDate, b.pax, b.totalPrice, a.lName, a.fName, a.mName, br.branchName
        ORDER BY CAST(SUBSTRING_INDEX(b.transactNo, '-', -1) AS UNSIGNED)
[2025-08-13 04:54:04] Total records fetched: 98
[2025-08-13 04:54:05] WHERE clause: 
[2025-08-13 04:54:05] SQL Query: SELECT b.transactNo, DATE_FORMAT(f.flightDepartureDate, '%Y.%m.%d') AS departureDate, f.returnDepartureDate AS returnDate, 
        b.status AS bookingStatus, CONCAT(f.flightDepartureDate, ' | ', f.returnDepartureDate) AS FlightDate, 
        p.packageName AS PackageName, b.bookingDate, b.pax AS TotalPax,  
        b.totalPrice AS PackagePrice, br.branchName as branchName, COALESCE(SUM(pa.amount), 0) AS TotalAmountPaid,
        CONCAT(a.lName, ', ', a.fName, ' ', IFNULL(CONCAT(SUBSTRING(a.mName, 1, 1), '.'), '')) AS agentName,
        COALESCE(SUM(r.requestCost), 0) AS TotalRequestAmount
        FROM booking b
        JOIN branch br ON b.agentCode = br.branchAgentCode
        JOIN flight f ON f.flightId = b.flightId
        JOIN package p ON p.packageId = b.packageId
        LEFT JOIN agent a ON b.accountType = 'Agent' AND b.accountId = a.accountId
        LEFT JOIN company c ON a.companyId = c.companyId
        LEFT JOIN client cl ON b.accountType = 'Client' AND b.accountId = cl.accountId
        LEFT JOIN company cc ON cl.companyId = cc.companyId
        LEFT JOIN payment pa ON pa.transactNo = b.transactNo AND pa.paymentStatus = 'Approved'
        LEFT JOIN request r ON r.transactNo = b.transactNo AND r.requestStatus = 'Confirmed'
        
        GROUP BY b.transactNo, f.flightDepartureDate, f.returnDepartureDate, b.status, 
                 p.packageName, b.bookingDate, b.pax, b.totalPrice, a.lName, a.fName, a.mName, br.branchName
        ORDER BY CAST(SUBSTRING_INDEX(b.transactNo, '-', -1) AS UNSIGNED)
[2025-08-13 04:54:05] Total records fetched: 98
[2025-08-13 04:57:21] WHERE clause: 
[2025-08-13 04:57:21] SQL Query: SELECT b.transactNo, DATE_FORMAT(f.flightDepartureDate, '%Y.%m.%d') AS departureDate, f.returnDepartureDate AS returnDate, 
        b.status AS bookingStatus, CONCAT(f.flightDepartureDate, ' | ', f.returnDepartureDate) AS FlightDate, 
        p.packageName AS PackageName, b.bookingDate, b.pax AS TotalPax,  
        b.totalPrice AS PackagePrice, br.branchName as branchName, COALESCE(SUM(pa.amount), 0) AS TotalAmountPaid,
        CONCAT(a.lName, ', ', a.fName, ' ', IFNULL(CONCAT(SUBSTRING(a.mName, 1, 1), '.'), '')) AS agentName,
        COALESCE(SUM(r.requestCost), 0) AS TotalRequestAmount
        FROM booking b
        JOIN branch br ON b.agentCode = br.branchAgentCode
        JOIN flight f ON f.flightId = b.flightId
        JOIN package p ON p.packageId = b.packageId
        LEFT JOIN agent a ON b.accountType = 'Agent' AND b.accountId = a.accountId
        LEFT JOIN company c ON a.companyId = c.companyId
        LEFT JOIN client cl ON b.accountType = 'Client' AND b.accountId = cl.accountId
        LEFT JOIN company cc ON cl.companyId = cc.companyId
        LEFT JOIN payment pa ON pa.transactNo = b.transactNo AND pa.paymentStatus = 'Approved'
        LEFT JOIN request r ON r.transactNo = b.transactNo AND r.requestStatus = 'Confirmed'
        
        GROUP BY b.transactNo, f.flightDepartureDate, f.returnDepartureDate, b.status, 
                 p.packageName, b.bookingDate, b.pax, b.totalPrice, a.lName, a.fName, a.mName, br.branchName
        ORDER BY CAST(SUBSTRING_INDEX(b.transactNo, '-', -1) AS UNSIGNED)
[2025-08-13 04:57:21] Total records fetched: 98
[2025-08-13 04:57:21] WHERE clause: 
[2025-08-13 04:57:21] SQL Query: SELECT b.transactNo, DATE_FORMAT(f.flightDepartureDate, '%Y.%m.%d') AS departureDate, f.returnDepartureDate AS returnDate, 
        b.status AS bookingStatus, CONCAT(f.flightDepartureDate, ' | ', f.returnDepartureDate) AS FlightDate, 
        p.packageName AS PackageName, b.bookingDate, b.pax AS TotalPax,  
        b.totalPrice AS PackagePrice, br.branchName as branchName, COALESCE(SUM(pa.amount), 0) AS TotalAmountPaid,
        CONCAT(a.lName, ', ', a.fName, ' ', IFNULL(CONCAT(SUBSTRING(a.mName, 1, 1), '.'), '')) AS agentName,
        COALESCE(SUM(r.requestCost), 0) AS TotalRequestAmount
        FROM booking b
        JOIN branch br ON b.agentCode = br.branchAgentCode
        JOIN flight f ON f.flightId = b.flightId
        JOIN package p ON p.packageId = b.packageId
        LEFT JOIN agent a ON b.accountType = 'Agent' AND b.accountId = a.accountId
        LEFT JOIN company c ON a.companyId = c.companyId
        LEFT JOIN client cl ON b.accountType = 'Client' AND b.accountId = cl.accountId
        LEFT JOIN company cc ON cl.companyId = cc.companyId
        LEFT JOIN payment pa ON pa.transactNo = b.transactNo AND pa.paymentStatus = 'Approved'
        LEFT JOIN request r ON r.transactNo = b.transactNo AND r.requestStatus = 'Confirmed'
        
        GROUP BY b.transactNo, f.flightDepartureDate, f.returnDepartureDate, b.status, 
                 p.packageName, b.bookingDate, b.pax, b.totalPrice, a.lName, a.fName, a.mName, br.branchName
        ORDER BY CAST(SUBSTRING_INDEX(b.transactNo, '-', -1) AS UNSIGNED)
[2025-08-13 04:57:21] Total records fetched: 98
[2025-08-13 04:57:58] WHERE clause: 
[2025-08-13 04:57:58] SQL Query: SELECT b.transactNo, DATE_FORMAT(f.flightDepartureDate, '%Y.%m.%d') AS departureDate, f.returnDepartureDate AS returnDate, 
        b.status AS bookingStatus, CONCAT(f.flightDepartureDate, ' | ', f.returnDepartureDate) AS FlightDate, 
        p.packageName AS PackageName, b.bookingDate, b.pax AS TotalPax,  
        b.totalPrice AS PackagePrice, br.branchName as branchName, COALESCE(SUM(pa.amount), 0) AS TotalAmountPaid,
        CONCAT(a.lName, ', ', a.fName, ' ', IFNULL(CONCAT(SUBSTRING(a.mName, 1, 1), '.'), '')) AS agentName,
        COALESCE(SUM(r.requestCost), 0) AS TotalRequestAmount
        FROM booking b
        JOIN branch br ON b.agentCode = br.branchAgentCode
        JOIN flight f ON f.flightId = b.flightId
        JOIN package p ON p.packageId = b.packageId
        LEFT JOIN agent a ON b.accountType = 'Agent' AND b.accountId = a.accountId
        LEFT JOIN company c ON a.companyId = c.companyId
        LEFT JOIN client cl ON b.accountType = 'Client' AND b.accountId = cl.accountId
        LEFT JOIN company cc ON cl.companyId = cc.companyId
        LEFT JOIN payment pa ON pa.transactNo = b.transactNo AND pa.paymentStatus = 'Approved'
        LEFT JOIN request r ON r.transactNo = b.transactNo AND r.requestStatus = 'Confirmed'
        
        GROUP BY b.transactNo, f.flightDepartureDate, f.returnDepartureDate, b.status, 
                 p.packageName, b.bookingDate, b.pax, b.totalPrice, a.lName, a.fName, a.mName, br.branchName
        ORDER BY CAST(SUBSTRING_INDEX(b.transactNo, '-', -1) AS UNSIGNED)
[2025-08-13 04:57:58] Total records fetched: 98
[2025-08-13 04:57:59] WHERE clause: 
[2025-08-13 04:57:59] SQL Query: SELECT b.transactNo, DATE_FORMAT(f.flightDepartureDate, '%Y.%m.%d') AS departureDate, f.returnDepartureDate AS returnDate, 
        b.status AS bookingStatus, CONCAT(f.flightDepartureDate, ' | ', f.returnDepartureDate) AS FlightDate, 
        p.packageName AS PackageName, b.bookingDate, b.pax AS TotalPax,  
        b.totalPrice AS PackagePrice, br.branchName as branchName, COALESCE(SUM(pa.amount), 0) AS TotalAmountPaid,
        CONCAT(a.lName, ', ', a.fName, ' ', IFNULL(CONCAT(SUBSTRING(a.mName, 1, 1), '.'), '')) AS agentName,
        COALESCE(SUM(r.requestCost), 0) AS TotalRequestAmount
        FROM booking b
        JOIN branch br ON b.agentCode = br.branchAgentCode
        JOIN flight f ON f.flightId = b.flightId
        JOIN package p ON p.packageId = b.packageId
        LEFT JOIN agent a ON b.accountType = 'Agent' AND b.accountId = a.accountId
        LEFT JOIN company c ON a.companyId = c.companyId
        LEFT JOIN client cl ON b.accountType = 'Client' AND b.accountId = cl.accountId
        LEFT JOIN company cc ON cl.companyId = cc.companyId
        LEFT JOIN payment pa ON pa.transactNo = b.transactNo AND pa.paymentStatus = 'Approved'
        LEFT JOIN request r ON r.transactNo = b.transactNo AND r.requestStatus = 'Confirmed'
        
        GROUP BY b.transactNo, f.flightDepartureDate, f.returnDepartureDate, b.status, 
                 p.packageName, b.bookingDate, b.pax, b.totalPrice, a.lName, a.fName, a.mName, br.branchName
        ORDER BY CAST(SUBSTRING_INDEX(b.transactNo, '-', -1) AS UNSIGNED)
[2025-08-13 04:57:59] Total records fetched: 98
[2025-08-13 04:58:00] WHERE clause: 
[2025-08-13 04:58:00] SQL Query: SELECT b.transactNo, DATE_FORMAT(f.flightDepartureDate, '%Y.%m.%d') AS departureDate, f.returnDepartureDate AS returnDate, 
        b.status AS bookingStatus, CONCAT(f.flightDepartureDate, ' | ', f.returnDepartureDate) AS FlightDate, 
        p.packageName AS PackageName, b.bookingDate, b.pax AS TotalPax,  
        b.totalPrice AS PackagePrice, br.branchName as branchName, COALESCE(SUM(pa.amount), 0) AS TotalAmountPaid,
        CONCAT(a.lName, ', ', a.fName, ' ', IFNULL(CONCAT(SUBSTRING(a.mName, 1, 1), '.'), '')) AS agentName,
        COALESCE(SUM(r.requestCost), 0) AS TotalRequestAmount
        FROM booking b
        JOIN branch br ON b.agentCode = br.branchAgentCode
        JOIN flight f ON f.flightId = b.flightId
        JOIN package p ON p.packageId = b.packageId
        LEFT JOIN agent a ON b.accountType = 'Agent' AND b.accountId = a.accountId
        LEFT JOIN company c ON a.companyId = c.companyId
        LEFT JOIN client cl ON b.accountType = 'Client' AND b.accountId = cl.accountId
        LEFT JOIN company cc ON cl.companyId = cc.companyId
        LEFT JOIN payment pa ON pa.transactNo = b.transactNo AND pa.paymentStatus = 'Approved'
        LEFT JOIN request r ON r.transactNo = b.transactNo AND r.requestStatus = 'Confirmed'
        
        GROUP BY b.transactNo, f.flightDepartureDate, f.returnDepartureDate, b.status, 
                 p.packageName, b.bookingDate, b.pax, b.totalPrice, a.lName, a.fName, a.mName, br.branchName
        ORDER BY CAST(SUBSTRING_INDEX(b.transactNo, '-', -1) AS UNSIGNED)
[2025-08-13 04:58:00] Total records fetched: 98
[2025-08-13 04:58:00] WHERE clause: 
[2025-08-13 04:58:00] SQL Query: SELECT b.transactNo, DATE_FORMAT(f.flightDepartureDate, '%Y.%m.%d') AS departureDate, f.returnDepartureDate AS returnDate, 
        b.status AS bookingStatus, CONCAT(f.flightDepartureDate, ' | ', f.returnDepartureDate) AS FlightDate, 
        p.packageName AS PackageName, b.bookingDate, b.pax AS TotalPax,  
        b.totalPrice AS PackagePrice, br.branchName as branchName, COALESCE(SUM(pa.amount), 0) AS TotalAmountPaid,
        CONCAT(a.lName, ', ', a.fName, ' ', IFNULL(CONCAT(SUBSTRING(a.mName, 1, 1), '.'), '')) AS agentName,
        COALESCE(SUM(r.requestCost), 0) AS TotalRequestAmount
        FROM booking b
        JOIN branch br ON b.agentCode = br.branchAgentCode
        JOIN flight f ON f.flightId = b.flightId
        JOIN package p ON p.packageId = b.packageId
        LEFT JOIN agent a ON b.accountType = 'Agent' AND b.accountId = a.accountId
        LEFT JOIN company c ON a.companyId = c.companyId
        LEFT JOIN client cl ON b.accountType = 'Client' AND b.accountId = cl.accountId
        LEFT JOIN company cc ON cl.companyId = cc.companyId
        LEFT JOIN payment pa ON pa.transactNo = b.transactNo AND pa.paymentStatus = 'Approved'
        LEFT JOIN request r ON r.transactNo = b.transactNo AND r.requestStatus = 'Confirmed'
        
        GROUP BY b.transactNo, f.flightDepartureDate, f.returnDepartureDate, b.status, 
                 p.packageName, b.bookingDate, b.pax, b.totalPrice, a.lName, a.fName, a.mName, br.branchName
        ORDER BY CAST(SUBSTRING_INDEX(b.transactNo, '-', -1) AS UNSIGNED)
[2025-08-13 04:58:00] Total records fetched: 98
[2025-08-13 04:58:00] WHERE clause: 
[2025-08-13 04:58:00] SQL Query: SELECT b.transactNo, DATE_FORMAT(f.flightDepartureDate, '%Y.%m.%d') AS departureDate, f.returnDepartureDate AS returnDate, 
        b.status AS bookingStatus, CONCAT(f.flightDepartureDate, ' | ', f.returnDepartureDate) AS FlightDate, 
        p.packageName AS PackageName, b.bookingDate, b.pax AS TotalPax,  
        b.totalPrice AS PackagePrice, br.branchName as branchName, COALESCE(SUM(pa.amount), 0) AS TotalAmountPaid,
        CONCAT(a.lName, ', ', a.fName, ' ', IFNULL(CONCAT(SUBSTRING(a.mName, 1, 1), '.'), '')) AS agentName,
        COALESCE(SUM(r.requestCost), 0) AS TotalRequestAmount
        FROM booking b
        JOIN branch br ON b.agentCode = br.branchAgentCode
        JOIN flight f ON f.flightId = b.flightId
        JOIN package p ON p.packageId = b.packageId
        LEFT JOIN agent a ON b.accountType = 'Agent' AND b.accountId = a.accountId
        LEFT JOIN company c ON a.companyId = c.companyId
        LEFT JOIN client cl ON b.accountType = 'Client' AND b.accountId = cl.accountId
        LEFT JOIN company cc ON cl.companyId = cc.companyId
        LEFT JOIN payment pa ON pa.transactNo = b.transactNo AND pa.paymentStatus = 'Approved'
        LEFT JOIN request r ON r.transactNo = b.transactNo AND r.requestStatus = 'Confirmed'
        
        GROUP BY b.transactNo, f.flightDepartureDate, f.returnDepartureDate, b.status, 
                 p.packageName, b.bookingDate, b.pax, b.totalPrice, a.lName, a.fName, a.mName, br.branchName
        ORDER BY CAST(SUBSTRING_INDEX(b.transactNo, '-', -1) AS UNSIGNED)
[2025-08-13 04:58:00] Total records fetched: 98
[2025-08-13 04:59:11] WHERE clause: 
[2025-08-13 04:59:11] SQL Query: SELECT b.transactNo, DATE_FORMAT(f.flightDepartureDate, '%Y.%m.%d') AS departureDate, f.returnDepartureDate AS returnDate, 
        b.status AS bookingStatus, CONCAT(f.flightDepartureDate, ' | ', f.returnDepartureDate) AS FlightDate, 
        p.packageName AS PackageName, b.bookingDate, b.pax AS TotalPax,  
        b.totalPrice AS PackagePrice, br.branchName as branchName, COALESCE(SUM(pa.amount), 0) AS TotalAmountPaid,
        CONCAT(a.lName, ', ', a.fName, ' ', IFNULL(CONCAT(SUBSTRING(a.mName, 1, 1), '.'), '')) AS agentName,
        COALESCE(SUM(r.requestCost), 0) AS TotalRequestAmount
        FROM booking b
        JOIN branch br ON b.agentCode = br.branchAgentCode
        JOIN flight f ON f.flightId = b.flightId
        JOIN package p ON p.packageId = b.packageId
        LEFT JOIN agent a ON b.accountType = 'Agent' AND b.accountId = a.accountId
        LEFT JOIN company c ON a.companyId = c.companyId
        LEFT JOIN client cl ON b.accountType = 'Client' AND b.accountId = cl.accountId
        LEFT JOIN company cc ON cl.companyId = cc.companyId
        LEFT JOIN payment pa ON pa.transactNo = b.transactNo AND pa.paymentStatus = 'Approved'
        LEFT JOIN request r ON r.transactNo = b.transactNo AND r.requestStatus = 'Confirmed'
        
        GROUP BY b.transactNo, f.flightDepartureDate, f.returnDepartureDate, b.status, 
                 p.packageName, b.bookingDate, b.pax, b.totalPrice, a.lName, a.fName, a.mName, br.branchName
        ORDER BY CAST(SUBSTRING_INDEX(b.transactNo, '-', -1) AS UNSIGNED)
[2025-08-13 04:59:11] WHERE clause: 
[2025-08-13 04:59:11] SQL Query: SELECT b.transactNo, DATE_FORMAT(f.flightDepartureDate, '%Y.%m.%d') AS departureDate, f.returnDepartureDate AS returnDate, 
        b.status AS bookingStatus, CONCAT(f.flightDepartureDate, ' | ', f.returnDepartureDate) AS FlightDate, 
        p.packageName AS PackageName, b.bookingDate, b.pax AS TotalPax,  
        b.totalPrice AS PackagePrice, br.branchName as branchName, COALESCE(SUM(pa.amount), 0) AS TotalAmountPaid,
        CONCAT(a.lName, ', ', a.fName, ' ', IFNULL(CONCAT(SUBSTRING(a.mName, 1, 1), '.'), '')) AS agentName,
        COALESCE(SUM(r.requestCost), 0) AS TotalRequestAmount
        FROM booking b
        JOIN branch br ON b.agentCode = br.branchAgentCode
        JOIN flight f ON f.flightId = b.flightId
        JOIN package p ON p.packageId = b.packageId
        LEFT JOIN agent a ON b.accountType = 'Agent' AND b.accountId = a.accountId
        LEFT JOIN company c ON a.companyId = c.companyId
        LEFT JOIN client cl ON b.accountType = 'Client' AND b.accountId = cl.accountId
        LEFT JOIN company cc ON cl.companyId = cc.companyId
        LEFT JOIN payment pa ON pa.transactNo = b.transactNo AND pa.paymentStatus = 'Approved'
        LEFT JOIN request r ON r.transactNo = b.transactNo AND r.requestStatus = 'Confirmed'
        
        GROUP BY b.transactNo, f.flightDepartureDate, f.returnDepartureDate, b.status, 
                 p.packageName, b.bookingDate, b.pax, b.totalPrice, a.lName, a.fName, a.mName, br.branchName
        ORDER BY CAST(SUBSTRING_INDEX(b.transactNo, '-', -1) AS UNSIGNED)
[2025-08-13 04:59:11] Total records fetched: 98
[2025-08-13 04:59:11] Total records fetched: 98
[2025-08-13 04:59:16] WHERE clause: 
[2025-08-13 04:59:16] WHERE clause: 
[2025-08-13 04:59:16] SQL Query: SELECT b.transactNo, DATE_FORMAT(f.flightDepartureDate, '%Y.%m.%d') AS departureDate, f.returnDepartureDate AS returnDate, 
        b.status AS bookingStatus, CONCAT(f.flightDepartureDate, ' | ', f.returnDepartureDate) AS FlightDate, 
        p.packageName AS PackageName, b.bookingDate, b.pax AS TotalPax,  
        b.totalPrice AS PackagePrice, br.branchName as branchName, COALESCE(SUM(pa.amount), 0) AS TotalAmountPaid,
        CONCAT(a.lName, ', ', a.fName, ' ', IFNULL(CONCAT(SUBSTRING(a.mName, 1, 1), '.'), '')) AS agentName,
        COALESCE(SUM(r.requestCost), 0) AS TotalRequestAmount
        FROM booking b
        JOIN branch br ON b.agentCode = br.branchAgentCode
        JOIN flight f ON f.flightId = b.flightId
        JOIN package p ON p.packageId = b.packageId
        LEFT JOIN agent a ON b.accountType = 'Agent' AND b.accountId = a.accountId
        LEFT JOIN company c ON a.companyId = c.companyId
        LEFT JOIN client cl ON b.accountType = 'Client' AND b.accountId = cl.accountId
        LEFT JOIN company cc ON cl.companyId = cc.companyId
        LEFT JOIN payment pa ON pa.transactNo = b.transactNo AND pa.paymentStatus = 'Approved'
        LEFT JOIN request r ON r.transactNo = b.transactNo AND r.requestStatus = 'Confirmed'
        
        GROUP BY b.transactNo, f.flightDepartureDate, f.returnDepartureDate, b.status, 
                 p.packageName, b.bookingDate, b.pax, b.totalPrice, a.lName, a.fName, a.mName, br.branchName
        ORDER BY CAST(SUBSTRING_INDEX(b.transactNo, '-', -1) AS UNSIGNED)
[2025-08-13 04:59:16] SQL Query: SELECT b.transactNo, DATE_FORMAT(f.flightDepartureDate, '%Y.%m.%d') AS departureDate, f.returnDepartureDate AS returnDate, 
        b.status AS bookingStatus, CONCAT(f.flightDepartureDate, ' | ', f.returnDepartureDate) AS FlightDate, 
        p.packageName AS PackageName, b.bookingDate, b.pax AS TotalPax,  
        b.totalPrice AS PackagePrice, br.branchName as branchName, COALESCE(SUM(pa.amount), 0) AS TotalAmountPaid,
        CONCAT(a.lName, ', ', a.fName, ' ', IFNULL(CONCAT(SUBSTRING(a.mName, 1, 1), '.'), '')) AS agentName,
        COALESCE(SUM(r.requestCost), 0) AS TotalRequestAmount
        FROM booking b
        JOIN branch br ON b.agentCode = br.branchAgentCode
        JOIN flight f ON f.flightId = b.flightId
        JOIN package p ON p.packageId = b.packageId
        LEFT JOIN agent a ON b.accountType = 'Agent' AND b.accountId = a.accountId
        LEFT JOIN company c ON a.companyId = c.companyId
        LEFT JOIN client cl ON b.accountType = 'Client' AND b.accountId = cl.accountId
        LEFT JOIN company cc ON cl.companyId = cc.companyId
        LEFT JOIN payment pa ON pa.transactNo = b.transactNo AND pa.paymentStatus = 'Approved'
        LEFT JOIN request r ON r.transactNo = b.transactNo AND r.requestStatus = 'Confirmed'
        
        GROUP BY b.transactNo, f.flightDepartureDate, f.returnDepartureDate, b.status, 
                 p.packageName, b.bookingDate, b.pax, b.totalPrice, a.lName, a.fName, a.mName, br.branchName
        ORDER BY CAST(SUBSTRING_INDEX(b.transactNo, '-', -1) AS UNSIGNED)
[2025-08-13 04:59:16] Total records fetched: 98
[2025-08-13 04:59:16] Total records fetched: 98
[2025-08-13 05:00:37] WHERE clause: 
[2025-08-13 05:00:37] SQL Query: SELECT b.transactNo, DATE_FORMAT(f.flightDepartureDate, '%Y.%m.%d') AS departureDate, f.returnDepartureDate AS returnDate, 
        b.status AS bookingStatus, CONCAT(f.flightDepartureDate, ' | ', f.returnDepartureDate) AS FlightDate, 
        p.packageName AS PackageName, b.bookingDate, b.pax AS TotalPax,  
        b.totalPrice AS PackagePrice, br.branchName as branchName, COALESCE(SUM(pa.amount), 0) AS TotalAmountPaid,
        CONCAT(a.lName, ', ', a.fName, ' ', IFNULL(CONCAT(SUBSTRING(a.mName, 1, 1), '.'), '')) AS agentName,
        COALESCE(SUM(r.requestCost), 0) AS TotalRequestAmount
        FROM booking b
        JOIN branch br ON b.agentCode = br.branchAgentCode
        JOIN flight f ON f.flightId = b.flightId
        JOIN package p ON p.packageId = b.packageId
        LEFT JOIN agent a ON b.accountType = 'Agent' AND b.accountId = a.accountId
        LEFT JOIN company c ON a.companyId = c.companyId
        LEFT JOIN client cl ON b.accountType = 'Client' AND b.accountId = cl.accountId
        LEFT JOIN company cc ON cl.companyId = cc.companyId
        LEFT JOIN payment pa ON pa.transactNo = b.transactNo AND pa.paymentStatus = 'Approved'
        LEFT JOIN request r ON r.transactNo = b.transactNo AND r.requestStatus = 'Confirmed'
        
        GROUP BY b.transactNo, f.flightDepartureDate, f.returnDepartureDate, b.status, 
                 p.packageName, b.bookingDate, b.pax, b.totalPrice, a.lName, a.fName, a.mName, br.branchName
        ORDER BY CAST(SUBSTRING_INDEX(b.transactNo, '-', -1) AS UNSIGNED)
[2025-08-13 05:00:37] Total records fetched: 98
[2025-08-13 05:00:37] WHERE clause: 
[2025-08-13 05:00:37] SQL Query: SELECT b.transactNo, DATE_FORMAT(f.flightDepartureDate, '%Y.%m.%d') AS departureDate, f.returnDepartureDate AS returnDate, 
        b.status AS bookingStatus, CONCAT(f.flightDepartureDate, ' | ', f.returnDepartureDate) AS FlightDate, 
        p.packageName AS PackageName, b.bookingDate, b.pax AS TotalPax,  
        b.totalPrice AS PackagePrice, br.branchName as branchName, COALESCE(SUM(pa.amount), 0) AS TotalAmountPaid,
        CONCAT(a.lName, ', ', a.fName, ' ', IFNULL(CONCAT(SUBSTRING(a.mName, 1, 1), '.'), '')) AS agentName,
        COALESCE(SUM(r.requestCost), 0) AS TotalRequestAmount
        FROM booking b
        JOIN branch br ON b.agentCode = br.branchAgentCode
        JOIN flight f ON f.flightId = b.flightId
        JOIN package p ON p.packageId = b.packageId
        LEFT JOIN agent a ON b.accountType = 'Agent' AND b.accountId = a.accountId
        LEFT JOIN company c ON a.companyId = c.companyId
        LEFT JOIN client cl ON b.accountType = 'Client' AND b.accountId = cl.accountId
        LEFT JOIN company cc ON cl.companyId = cc.companyId
        LEFT JOIN payment pa ON pa.transactNo = b.transactNo AND pa.paymentStatus = 'Approved'
        LEFT JOIN request r ON r.transactNo = b.transactNo AND r.requestStatus = 'Confirmed'
        
        GROUP BY b.transactNo, f.flightDepartureDate, f.returnDepartureDate, b.status, 
                 p.packageName, b.bookingDate, b.pax, b.totalPrice, a.lName, a.fName, a.mName, br.branchName
        ORDER BY CAST(SUBSTRING_INDEX(b.transactNo, '-', -1) AS UNSIGNED)
[2025-08-13 05:00:37] Total records fetched: 98
[2025-08-13 05:05:36] WHERE clause: 
[2025-08-13 05:05:36] SQL Query: SELECT b.transactNo, DATE_FORMAT(f.flightDepartureDate, '%Y.%m.%d') AS departureDate, f.returnDepartureDate AS returnDate, 
        b.status AS bookingStatus, CONCAT(f.flightDepartureDate, ' | ', f.returnDepartureDate) AS FlightDate, 
        p.packageName AS PackageName, b.bookingDate, b.pax AS TotalPax,  
        b.totalPrice AS PackagePrice, br.branchName as branchName, COALESCE(SUM(pa.amount), 0) AS TotalAmountPaid,
        CONCAT(a.lName, ', ', a.fName, ' ', IFNULL(CONCAT(SUBSTRING(a.mName, 1, 1), '.'), '')) AS agentName,
        COALESCE(SUM(r.requestCost), 0) AS TotalRequestAmount
        FROM booking b
        JOIN branch br ON b.agentCode = br.branchAgentCode
        JOIN flight f ON f.flightId = b.flightId
        JOIN package p ON p.packageId = b.packageId
        LEFT JOIN agent a ON b.accountType = 'Agent' AND b.accountId = a.accountId
        LEFT JOIN company c ON a.companyId = c.companyId
        LEFT JOIN client cl ON b.accountType = 'Client' AND b.accountId = cl.accountId
        LEFT JOIN company cc ON cl.companyId = cc.companyId
        LEFT JOIN payment pa ON pa.transactNo = b.transactNo AND pa.paymentStatus = 'Approved'
        LEFT JOIN request r ON r.transactNo = b.transactNo AND r.requestStatus = 'Confirmed'
        
        GROUP BY b.transactNo, f.flightDepartureDate, f.returnDepartureDate, b.status, 
                 p.packageName, b.bookingDate, b.pax, b.totalPrice, a.lName, a.fName, a.mName, br.branchName
        ORDER BY CAST(SUBSTRING_INDEX(b.transactNo, '-', -1) AS UNSIGNED)
[2025-08-13 05:05:36] Total records fetched: 98
[2025-08-13 05:05:36] WHERE clause: 
[2025-08-13 05:05:36] SQL Query: SELECT b.transactNo, DATE_FORMAT(f.flightDepartureDate, '%Y.%m.%d') AS departureDate, f.returnDepartureDate AS returnDate, 
        b.status AS bookingStatus, CONCAT(f.flightDepartureDate, ' | ', f.returnDepartureDate) AS FlightDate, 
        p.packageName AS PackageName, b.bookingDate, b.pax AS TotalPax,  
        b.totalPrice AS PackagePrice, br.branchName as branchName, COALESCE(SUM(pa.amount), 0) AS TotalAmountPaid,
        CONCAT(a.lName, ', ', a.fName, ' ', IFNULL(CONCAT(SUBSTRING(a.mName, 1, 1), '.'), '')) AS agentName,
        COALESCE(SUM(r.requestCost), 0) AS TotalRequestAmount
        FROM booking b
        JOIN branch br ON b.agentCode = br.branchAgentCode
        JOIN flight f ON f.flightId = b.flightId
        JOIN package p ON p.packageId = b.packageId
        LEFT JOIN agent a ON b.accountType = 'Agent' AND b.accountId = a.accountId
        LEFT JOIN company c ON a.companyId = c.companyId
        LEFT JOIN client cl ON b.accountType = 'Client' AND b.accountId = cl.accountId
        LEFT JOIN company cc ON cl.companyId = cc.companyId
        LEFT JOIN payment pa ON pa.transactNo = b.transactNo AND pa.paymentStatus = 'Approved'
        LEFT JOIN request r ON r.transactNo = b.transactNo AND r.requestStatus = 'Confirmed'
        
        GROUP BY b.transactNo, f.flightDepartureDate, f.returnDepartureDate, b.status, 
                 p.packageName, b.bookingDate, b.pax, b.totalPrice, a.lName, a.fName, a.mName, br.branchName
        ORDER BY CAST(SUBSTRING_INDEX(b.transactNo, '-', -1) AS UNSIGNED)
[2025-08-13 05:05:36] Total records fetched: 98
[2025-08-13 05:05:37] WHERE clause: 
[2025-08-13 05:05:37] WHERE clause: 
[2025-08-13 05:05:37] SQL Query: SELECT b.transactNo, DATE_FORMAT(f.flightDepartureDate, '%Y.%m.%d') AS departureDate, f.returnDepartureDate AS returnDate, 
        b.status AS bookingStatus, CONCAT(f.flightDepartureDate, ' | ', f.returnDepartureDate) AS FlightDate, 
        p.packageName AS PackageName, b.bookingDate, b.pax AS TotalPax,  
        b.totalPrice AS PackagePrice, br.branchName as branchName, COALESCE(SUM(pa.amount), 0) AS TotalAmountPaid,
        CONCAT(a.lName, ', ', a.fName, ' ', IFNULL(CONCAT(SUBSTRING(a.mName, 1, 1), '.'), '')) AS agentName,
        COALESCE(SUM(r.requestCost), 0) AS TotalRequestAmount
        FROM booking b
        JOIN branch br ON b.agentCode = br.branchAgentCode
        JOIN flight f ON f.flightId = b.flightId
        JOIN package p ON p.packageId = b.packageId
        LEFT JOIN agent a ON b.accountType = 'Agent' AND b.accountId = a.accountId
        LEFT JOIN company c ON a.companyId = c.companyId
        LEFT JOIN client cl ON b.accountType = 'Client' AND b.accountId = cl.accountId
        LEFT JOIN company cc ON cl.companyId = cc.companyId
        LEFT JOIN payment pa ON pa.transactNo = b.transactNo AND pa.paymentStatus = 'Approved'
        LEFT JOIN request r ON r.transactNo = b.transactNo AND r.requestStatus = 'Confirmed'
        
        GROUP BY b.transactNo, f.flightDepartureDate, f.returnDepartureDate, b.status, 
                 p.packageName, b.bookingDate, b.pax, b.totalPrice, a.lName, a.fName, a.mName, br.branchName
        ORDER BY CAST(SUBSTRING_INDEX(b.transactNo, '-', -1) AS UNSIGNED)
[2025-08-13 05:05:37] SQL Query: SELECT b.transactNo, DATE_FORMAT(f.flightDepartureDate, '%Y.%m.%d') AS departureDate, f.returnDepartureDate AS returnDate, 
        b.status AS bookingStatus, CONCAT(f.flightDepartureDate, ' | ', f.returnDepartureDate) AS FlightDate, 
        p.packageName AS PackageName, b.bookingDate, b.pax AS TotalPax,  
        b.totalPrice AS PackagePrice, br.branchName as branchName, COALESCE(SUM(pa.amount), 0) AS TotalAmountPaid,
        CONCAT(a.lName, ', ', a.fName, ' ', IFNULL(CONCAT(SUBSTRING(a.mName, 1, 1), '.'), '')) AS agentName,
        COALESCE(SUM(r.requestCost), 0) AS TotalRequestAmount
        FROM booking b
        JOIN branch br ON b.agentCode = br.branchAgentCode
        JOIN flight f ON f.flightId = b.flightId
        JOIN package p ON p.packageId = b.packageId
        LEFT JOIN agent a ON b.accountType = 'Agent' AND b.accountId = a.accountId
        LEFT JOIN company c ON a.companyId = c.companyId
        LEFT JOIN client cl ON b.accountType = 'Client' AND b.accountId = cl.accountId
        LEFT JOIN company cc ON cl.companyId = cc.companyId
        LEFT JOIN payment pa ON pa.transactNo = b.transactNo AND pa.paymentStatus = 'Approved'
        LEFT JOIN request r ON r.transactNo = b.transactNo AND r.requestStatus = 'Confirmed'
        
        GROUP BY b.transactNo, f.flightDepartureDate, f.returnDepartureDate, b.status, 
                 p.packageName, b.bookingDate, b.pax, b.totalPrice, a.lName, a.fName, a.mName, br.branchName
        ORDER BY CAST(SUBSTRING_INDEX(b.transactNo, '-', -1) AS UNSIGNED)
[2025-08-13 05:05:37] Total records fetched: 98
[2025-08-13 05:05:37] Total records fetched: 98
[2025-08-13 05:05:38] WHERE clause: 
[2025-08-13 05:05:38] SQL Query: SELECT b.transactNo, DATE_FORMAT(f.flightDepartureDate, '%Y.%m.%d') AS departureDate, f.returnDepartureDate AS returnDate, 
        b.status AS bookingStatus, CONCAT(f.flightDepartureDate, ' | ', f.returnDepartureDate) AS FlightDate, 
        p.packageName AS PackageName, b.bookingDate, b.pax AS TotalPax,  
        b.totalPrice AS PackagePrice, br.branchName as branchName, COALESCE(SUM(pa.amount), 0) AS TotalAmountPaid,
        CONCAT(a.lName, ', ', a.fName, ' ', IFNULL(CONCAT(SUBSTRING(a.mName, 1, 1), '.'), '')) AS agentName,
        COALESCE(SUM(r.requestCost), 0) AS TotalRequestAmount
        FROM booking b
        JOIN branch br ON b.agentCode = br.branchAgentCode
        JOIN flight f ON f.flightId = b.flightId
        JOIN package p ON p.packageId = b.packageId
        LEFT JOIN agent a ON b.accountType = 'Agent' AND b.accountId = a.accountId
        LEFT JOIN company c ON a.companyId = c.companyId
        LEFT JOIN client cl ON b.accountType = 'Client' AND b.accountId = cl.accountId
        LEFT JOIN company cc ON cl.companyId = cc.companyId
        LEFT JOIN payment pa ON pa.transactNo = b.transactNo AND pa.paymentStatus = 'Approved'
        LEFT JOIN request r ON r.transactNo = b.transactNo AND r.requestStatus = 'Confirmed'
        
        GROUP BY b.transactNo, f.flightDepartureDate, f.returnDepartureDate, b.status, 
                 p.packageName, b.bookingDate, b.pax, b.totalPrice, a.lName, a.fName, a.mName, br.branchName
        ORDER BY CAST(SUBSTRING_INDEX(b.transactNo, '-', -1) AS UNSIGNED)
[2025-08-13 05:05:38] WHERE clause: 
[2025-08-13 05:05:38] SQL Query: SELECT b.transactNo, DATE_FORMAT(f.flightDepartureDate, '%Y.%m.%d') AS departureDate, f.returnDepartureDate AS returnDate, 
        b.status AS bookingStatus, CONCAT(f.flightDepartureDate, ' | ', f.returnDepartureDate) AS FlightDate, 
        p.packageName AS PackageName, b.bookingDate, b.pax AS TotalPax,  
        b.totalPrice AS PackagePrice, br.branchName as branchName, COALESCE(SUM(pa.amount), 0) AS TotalAmountPaid,
        CONCAT(a.lName, ', ', a.fName, ' ', IFNULL(CONCAT(SUBSTRING(a.mName, 1, 1), '.'), '')) AS agentName,
        COALESCE(SUM(r.requestCost), 0) AS TotalRequestAmount
        FROM booking b
        JOIN branch br ON b.agentCode = br.branchAgentCode
        JOIN flight f ON f.flightId = b.flightId
        JOIN package p ON p.packageId = b.packageId
        LEFT JOIN agent a ON b.accountType = 'Agent' AND b.accountId = a.accountId
        LEFT JOIN company c ON a.companyId = c.companyId
        LEFT JOIN client cl ON b.accountType = 'Client' AND b.accountId = cl.accountId
        LEFT JOIN company cc ON cl.companyId = cc.companyId
        LEFT JOIN payment pa ON pa.transactNo = b.transactNo AND pa.paymentStatus = 'Approved'
        LEFT JOIN request r ON r.transactNo = b.transactNo AND r.requestStatus = 'Confirmed'
        
        GROUP BY b.transactNo, f.flightDepartureDate, f.returnDepartureDate, b.status, 
                 p.packageName, b.bookingDate, b.pax, b.totalPrice, a.lName, a.fName, a.mName, br.branchName
        ORDER BY CAST(SUBSTRING_INDEX(b.transactNo, '-', -1) AS UNSIGNED)
[2025-08-13 05:05:38] Total records fetched: 98
[2025-08-13 05:05:39] WHERE clause: 
[2025-08-13 05:05:39] WHERE clause: 
[2025-08-13 05:05:39] SQL Query: SELECT b.transactNo, DATE_FORMAT(f.flightDepartureDate, '%Y.%m.%d') AS departureDate, f.returnDepartureDate AS returnDate, 
        b.status AS bookingStatus, CONCAT(f.flightDepartureDate, ' | ', f.returnDepartureDate) AS FlightDate, 
        p.packageName AS PackageName, b.bookingDate, b.pax AS TotalPax,  
        b.totalPrice AS PackagePrice, br.branchName as branchName, COALESCE(SUM(pa.amount), 0) AS TotalAmountPaid,
        CONCAT(a.lName, ', ', a.fName, ' ', IFNULL(CONCAT(SUBSTRING(a.mName, 1, 1), '.'), '')) AS agentName,
        COALESCE(SUM(r.requestCost), 0) AS TotalRequestAmount
        FROM booking b
        JOIN branch br ON b.agentCode = br.branchAgentCode
        JOIN flight f ON f.flightId = b.flightId
        JOIN package p ON p.packageId = b.packageId
        LEFT JOIN agent a ON b.accountType = 'Agent' AND b.accountId = a.accountId
        LEFT JOIN company c ON a.companyId = c.companyId
        LEFT JOIN client cl ON b.accountType = 'Client' AND b.accountId = cl.accountId
        LEFT JOIN company cc ON cl.companyId = cc.companyId
        LEFT JOIN payment pa ON pa.transactNo = b.transactNo AND pa.paymentStatus = 'Approved'
        LEFT JOIN request r ON r.transactNo = b.transactNo AND r.requestStatus = 'Confirmed'
        
        GROUP BY b.transactNo, f.flightDepartureDate, f.returnDepartureDate, b.status, 
                 p.packageName, b.bookingDate, b.pax, b.totalPrice, a.lName, a.fName, a.mName, br.branchName
        ORDER BY CAST(SUBSTRING_INDEX(b.transactNo, '-', -1) AS UNSIGNED)
[2025-08-13 05:05:39] SQL Query: SELECT b.transactNo, DATE_FORMAT(f.flightDepartureDate, '%Y.%m.%d') AS departureDate, f.returnDepartureDate AS returnDate, 
        b.status AS bookingStatus, CONCAT(f.flightDepartureDate, ' | ', f.returnDepartureDate) AS FlightDate, 
        p.packageName AS PackageName, b.bookingDate, b.pax AS TotalPax,  
        b.totalPrice AS PackagePrice, br.branchName as branchName, COALESCE(SUM(pa.amount), 0) AS TotalAmountPaid,
        CONCAT(a.lName, ', ', a.fName, ' ', IFNULL(CONCAT(SUBSTRING(a.mName, 1, 1), '.'), '')) AS agentName,
        COALESCE(SUM(r.requestCost), 0) AS TotalRequestAmount
        FROM booking b
        JOIN branch br ON b.agentCode = br.branchAgentCode
        JOIN flight f ON f.flightId = b.flightId
        JOIN package p ON p.packageId = b.packageId
        LEFT JOIN agent a ON b.accountType = 'Agent' AND b.accountId = a.accountId
        LEFT JOIN company c ON a.companyId = c.companyId
        LEFT JOIN client cl ON b.accountType = 'Client' AND b.accountId = cl.accountId
        LEFT JOIN company cc ON cl.companyId = cc.companyId
        LEFT JOIN payment pa ON pa.transactNo = b.transactNo AND pa.paymentStatus = 'Approved'
        LEFT JOIN request r ON r.transactNo = b.transactNo AND r.requestStatus = 'Confirmed'
        
        GROUP BY b.transactNo, f.flightDepartureDate, f.returnDepartureDate, b.status, 
                 p.packageName, b.bookingDate, b.pax, b.totalPrice, a.lName, a.fName, a.mName, br.branchName
        ORDER BY CAST(SUBSTRING_INDEX(b.transactNo, '-', -1) AS UNSIGNED)
[2025-08-13 05:05:39] Total records fetched: 98
[2025-08-13 05:05:40] WHERE clause: 
[2025-08-13 05:05:40] SQL Query: SELECT b.transactNo, DATE_FORMAT(f.flightDepartureDate, '%Y.%m.%d') AS departureDate, f.returnDepartureDate AS returnDate, 
        b.status AS bookingStatus, CONCAT(f.flightDepartureDate, ' | ', f.returnDepartureDate) AS FlightDate, 
        p.packageName AS PackageName, b.bookingDate, b.pax AS TotalPax,  
        b.totalPrice AS PackagePrice, br.branchName as branchName, COALESCE(SUM(pa.amount), 0) AS TotalAmountPaid,
        CONCAT(a.lName, ', ', a.fName, ' ', IFNULL(CONCAT(SUBSTRING(a.mName, 1, 1), '.'), '')) AS agentName,
        COALESCE(SUM(r.requestCost), 0) AS TotalRequestAmount
        FROM booking b
        JOIN branch br ON b.agentCode = br.branchAgentCode
        JOIN flight f ON f.flightId = b.flightId
        JOIN package p ON p.packageId = b.packageId
        LEFT JOIN agent a ON b.accountType = 'Agent' AND b.accountId = a.accountId
        LEFT JOIN company c ON a.companyId = c.companyId
        LEFT JOIN client cl ON b.accountType = 'Client' AND b.accountId = cl.accountId
        LEFT JOIN company cc ON cl.companyId = cc.companyId
        LEFT JOIN payment pa ON pa.transactNo = b.transactNo AND pa.paymentStatus = 'Approved'
        LEFT JOIN request r ON r.transactNo = b.transactNo AND r.requestStatus = 'Confirmed'
        
        GROUP BY b.transactNo, f.flightDepartureDate, f.returnDepartureDate, b.status, 
                 p.packageName, b.bookingDate, b.pax, b.totalPrice, a.lName, a.fName, a.mName, br.branchName
        ORDER BY CAST(SUBSTRING_INDEX(b.transactNo, '-', -1) AS UNSIGNED)
[2025-08-13 05:05:40] SQL Query: SELECT b.transactNo, DATE_FORMAT(f.flightDepartureDate, '%Y.%m.%d') AS departureDate, f.returnDepartureDate AS returnDate, 
        b.status AS bookingStatus, CONCAT(f.flightDepartureDate, ' | ', f.returnDepartureDate) AS FlightDate, 
        p.packageName AS PackageName, b.bookingDate, b.pax AS TotalPax,  
        b.totalPrice AS PackagePrice, br.branchName as branchName, COALESCE(SUM(pa.amount), 0) AS TotalAmountPaid,
        CONCAT(a.lName, ', ', a.fName, ' ', IFNULL(CONCAT(SUBSTRING(a.mName, 1, 1), '.'), '')) AS agentName,
        COALESCE(SUM(r.requestCost), 0) AS TotalRequestAmount
        FROM booking b
        JOIN branch br ON b.agentCode = br.branchAgentCode
        JOIN flight f ON f.flightId = b.flightId
        JOIN package p ON p.packageId = b.packageId
        LEFT JOIN agent a ON b.accountType = 'Agent' AND b.accountId = a.accountId
        LEFT JOIN company c ON a.companyId = c.companyId
        LEFT JOIN client cl ON b.accountType = 'Client' AND b.accountId = cl.accountId
        LEFT JOIN company cc ON cl.companyId = cc.companyId
        LEFT JOIN payment pa ON pa.transactNo = b.transactNo AND pa.paymentStatus = 'Approved'
        LEFT JOIN request r ON r.transactNo = b.transactNo AND r.requestStatus = 'Confirmed'
        
        GROUP BY b.transactNo, f.flightDepartureDate, f.returnDepartureDate, b.status, 
                 p.packageName, b.bookingDate, b.pax, b.totalPrice, a.lName, a.fName, a.mName, br.branchName
        ORDER BY CAST(SUBSTRING_INDEX(b.transactNo, '-', -1) AS UNSIGNED)
[2025-08-13 05:05:40] Total records fetched: 98
[2025-08-13 05:09:56] WHERE clause: 
[2025-08-13 05:09:56] SQL Query: SELECT b.transactNo, DATE_FORMAT(f.flightDepartureDate, '%Y.%m.%d') AS departureDate, f.returnDepartureDate AS returnDate, 
        b.status AS bookingStatus, CONCAT(f.flightDepartureDate, ' | ', f.returnDepartureDate) AS FlightDate, 
        p.packageName AS PackageName, b.bookingDate, b.pax AS TotalPax,  
        b.totalPrice AS PackagePrice, br.branchName as branchName, COALESCE(SUM(pa.amount), 0) AS TotalAmountPaid,
        CONCAT(a.lName, ', ', a.fName, ' ', IFNULL(CONCAT(SUBSTRING(a.mName, 1, 1), '.'), '')) AS agentName,
        COALESCE(SUM(r.requestCost), 0) AS TotalRequestAmount
        FROM booking b
        JOIN branch br ON b.agentCode = br.branchAgentCode
        JOIN flight f ON f.flightId = b.flightId
        JOIN package p ON p.packageId = b.packageId
        LEFT JOIN agent a ON b.accountType = 'Agent' AND b.accountId = a.accountId
        LEFT JOIN company c ON a.companyId = c.companyId
        LEFT JOIN client cl ON b.accountType = 'Client' AND b.accountId = cl.accountId
        LEFT JOIN company cc ON cl.companyId = cc.companyId
        LEFT JOIN payment pa ON pa.transactNo = b.transactNo AND pa.paymentStatus = 'Approved'
        LEFT JOIN request r ON r.transactNo = b.transactNo AND r.requestStatus = 'Confirmed'
        
        GROUP BY b.transactNo, f.flightDepartureDate, f.returnDepartureDate, b.status, 
                 p.packageName, b.bookingDate, b.pax, b.totalPrice, a.lName, a.fName, a.mName, br.branchName
        ORDER BY CAST(SUBSTRING_INDEX(b.transactNo, '-', -1) AS UNSIGNED)
[2025-08-13 05:09:56] WHERE clause: 
[2025-08-13 05:09:56] SQL Query: SELECT b.transactNo, DATE_FORMAT(f.flightDepartureDate, '%Y.%m.%d') AS departureDate, f.returnDepartureDate AS returnDate, 
        b.status AS bookingStatus, CONCAT(f.flightDepartureDate, ' | ', f.returnDepartureDate) AS FlightDate, 
        p.packageName AS PackageName, b.bookingDate, b.pax AS TotalPax,  
        b.totalPrice AS PackagePrice, br.branchName as branchName, COALESCE(SUM(pa.amount), 0) AS TotalAmountPaid,
        CONCAT(a.lName, ', ', a.fName, ' ', IFNULL(CONCAT(SUBSTRING(a.mName, 1, 1), '.'), '')) AS agentName,
        COALESCE(SUM(r.requestCost), 0) AS TotalRequestAmount
        FROM booking b
        JOIN branch br ON b.agentCode = br.branchAgentCode
        JOIN flight f ON f.flightId = b.flightId
        JOIN package p ON p.packageId = b.packageId
        LEFT JOIN agent a ON b.accountType = 'Agent' AND b.accountId = a.accountId
        LEFT JOIN company c ON a.companyId = c.companyId
        LEFT JOIN client cl ON b.accountType = 'Client' AND b.accountId = cl.accountId
        LEFT JOIN company cc ON cl.companyId = cc.companyId
        LEFT JOIN payment pa ON pa.transactNo = b.transactNo AND pa.paymentStatus = 'Approved'
        LEFT JOIN request r ON r.transactNo = b.transactNo AND r.requestStatus = 'Confirmed'
        
        GROUP BY b.transactNo, f.flightDepartureDate, f.returnDepartureDate, b.status, 
                 p.packageName, b.bookingDate, b.pax, b.totalPrice, a.lName, a.fName, a.mName, br.branchName
        ORDER BY CAST(SUBSTRING_INDEX(b.transactNo, '-', -1) AS UNSIGNED)
[2025-08-13 05:09:56] Total records fetched: 98
[2025-08-13 05:09:56] Total records fetched: 98
[2025-08-13 05:09:58] WHERE clause: 
[2025-08-13 05:09:58] SQL Query: SELECT b.transactNo, DATE_FORMAT(f.flightDepartureDate, '%Y.%m.%d') AS departureDate, f.returnDepartureDate AS returnDate, 
        b.status AS bookingStatus, CONCAT(f.flightDepartureDate, ' | ', f.returnDepartureDate) AS FlightDate, 
        p.packageName AS PackageName, b.bookingDate, b.pax AS TotalPax,  
        b.totalPrice AS PackagePrice, br.branchName as branchName, COALESCE(SUM(pa.amount), 0) AS TotalAmountPaid,
        CONCAT(a.lName, ', ', a.fName, ' ', IFNULL(CONCAT(SUBSTRING(a.mName, 1, 1), '.'), '')) AS agentName,
        COALESCE(SUM(r.requestCost), 0) AS TotalRequestAmount
        FROM booking b
        JOIN branch br ON b.agentCode = br.branchAgentCode
        JOIN flight f ON f.flightId = b.flightId
        JOIN package p ON p.packageId = b.packageId
        LEFT JOIN agent a ON b.accountType = 'Agent' AND b.accountId = a.accountId
        LEFT JOIN company c ON a.companyId = c.companyId
        LEFT JOIN client cl ON b.accountType = 'Client' AND b.accountId = cl.accountId
        LEFT JOIN company cc ON cl.companyId = cc.companyId
        LEFT JOIN payment pa ON pa.transactNo = b.transactNo AND pa.paymentStatus = 'Approved'
        LEFT JOIN request r ON r.transactNo = b.transactNo AND r.requestStatus = 'Confirmed'
        
        GROUP BY b.transactNo, f.flightDepartureDate, f.returnDepartureDate, b.status, 
                 p.packageName, b.bookingDate, b.pax, b.totalPrice, a.lName, a.fName, a.mName, br.branchName
        ORDER BY CAST(SUBSTRING_INDEX(b.transactNo, '-', -1) AS UNSIGNED)
[2025-08-13 05:09:58] WHERE clause: 
[2025-08-13 05:09:58] SQL Query: SELECT b.transactNo, DATE_FORMAT(f.flightDepartureDate, '%Y.%m.%d') AS departureDate, f.returnDepartureDate AS returnDate, 
        b.status AS bookingStatus, CONCAT(f.flightDepartureDate, ' | ', f.returnDepartureDate) AS FlightDate, 
        p.packageName AS PackageName, b.bookingDate, b.pax AS TotalPax,  
        b.totalPrice AS PackagePrice, br.branchName as branchName, COALESCE(SUM(pa.amount), 0) AS TotalAmountPaid,
        CONCAT(a.lName, ', ', a.fName, ' ', IFNULL(CONCAT(SUBSTRING(a.mName, 1, 1), '.'), '')) AS agentName,
        COALESCE(SUM(r.requestCost), 0) AS TotalRequestAmount
        FROM booking b
        JOIN branch br ON b.agentCode = br.branchAgentCode
        JOIN flight f ON f.flightId = b.flightId
        JOIN package p ON p.packageId = b.packageId
        LEFT JOIN agent a ON b.accountType = 'Agent' AND b.accountId = a.accountId
        LEFT JOIN company c ON a.companyId = c.companyId
        LEFT JOIN client cl ON b.accountType = 'Client' AND b.accountId = cl.accountId
        LEFT JOIN company cc ON cl.companyId = cc.companyId
        LEFT JOIN payment pa ON pa.transactNo = b.transactNo AND pa.paymentStatus = 'Approved'
        LEFT JOIN request r ON r.transactNo = b.transactNo AND r.requestStatus = 'Confirmed'
        
        GROUP BY b.transactNo, f.flightDepartureDate, f.returnDepartureDate, b.status, 
                 p.packageName, b.bookingDate, b.pax, b.totalPrice, a.lName, a.fName, a.mName, br.branchName
        ORDER BY CAST(SUBSTRING_INDEX(b.transactNo, '-', -1) AS UNSIGNED)
[2025-08-13 05:09:58] Total records fetched: 98
[2025-08-13 05:09:58] Total records fetched: 98
[2025-08-13 05:13:52] WHERE clause: 
[2025-08-13 05:13:52] SQL Query: SELECT b.transactNo, DATE_FORMAT(f.flightDepartureDate, '%Y.%m.%d') AS departureDate, f.returnDepartureDate AS returnDate, 
        b.status AS bookingStatus, CONCAT(f.flightDepartureDate, ' | ', f.returnDepartureDate) AS FlightDate, 
        p.packageName AS PackageName, b.bookingDate, b.pax AS TotalPax,  
        b.totalPrice AS PackagePrice, br.branchName as branchName, COALESCE(SUM(pa.amount), 0) AS TotalAmountPaid,
        CONCAT(a.lName, ', ', a.fName, ' ', IFNULL(CONCAT(SUBSTRING(a.mName, 1, 1), '.'), '')) AS agentName,
        COALESCE(SUM(r.requestCost), 0) AS TotalRequestAmount
        FROM booking b
        JOIN branch br ON b.agentCode = br.branchAgentCode
        JOIN flight f ON f.flightId = b.flightId
        JOIN package p ON p.packageId = b.packageId
        LEFT JOIN agent a ON b.accountType = 'Agent' AND b.accountId = a.accountId
        LEFT JOIN company c ON a.companyId = c.companyId
        LEFT JOIN client cl ON b.accountType = 'Client' AND b.accountId = cl.accountId
        LEFT JOIN company cc ON cl.companyId = cc.companyId
        LEFT JOIN payment pa ON pa.transactNo = b.transactNo AND pa.paymentStatus = 'Approved'
        LEFT JOIN request r ON r.transactNo = b.transactNo AND r.requestStatus = 'Confirmed'
        
        GROUP BY b.transactNo, f.flightDepartureDate, f.returnDepartureDate, b.status, 
                 p.packageName, b.bookingDate, b.pax, b.totalPrice, a.lName, a.fName, a.mName, br.branchName
        ORDER BY CAST(SUBSTRING_INDEX(b.transactNo, '-', -1) AS UNSIGNED)
[2025-08-13 05:13:52] WHERE clause: 
[2025-08-13 05:13:52] SQL Query: SELECT b.transactNo, DATE_FORMAT(f.flightDepartureDate, '%Y.%m.%d') AS departureDate, f.returnDepartureDate AS returnDate, 
        b.status AS bookingStatus, CONCAT(f.flightDepartureDate, ' | ', f.returnDepartureDate) AS FlightDate, 
        p.packageName AS PackageName, b.bookingDate, b.pax AS TotalPax,  
        b.totalPrice AS PackagePrice, br.branchName as branchName, COALESCE(SUM(pa.amount), 0) AS TotalAmountPaid,
        CONCAT(a.lName, ', ', a.fName, ' ', IFNULL(CONCAT(SUBSTRING(a.mName, 1, 1), '.'), '')) AS agentName,
        COALESCE(SUM(r.requestCost), 0) AS TotalRequestAmount
        FROM booking b
        JOIN branch br ON b.agentCode = br.branchAgentCode
        JOIN flight f ON f.flightId = b.flightId
        JOIN package p ON p.packageId = b.packageId
        LEFT JOIN agent a ON b.accountType = 'Agent' AND b.accountId = a.accountId
        LEFT JOIN company c ON a.companyId = c.companyId
        LEFT JOIN client cl ON b.accountType = 'Client' AND b.accountId = cl.accountId
        LEFT JOIN company cc ON cl.companyId = cc.companyId
        LEFT JOIN payment pa ON pa.transactNo = b.transactNo AND pa.paymentStatus = 'Approved'
        LEFT JOIN request r ON r.transactNo = b.transactNo AND r.requestStatus = 'Confirmed'
        
        GROUP BY b.transactNo, f.flightDepartureDate, f.returnDepartureDate, b.status, 
                 p.packageName, b.bookingDate, b.pax, b.totalPrice, a.lName, a.fName, a.mName, br.branchName
        ORDER BY CAST(SUBSTRING_INDEX(b.transactNo, '-', -1) AS UNSIGNED)
[2025-08-13 05:13:52] Total records fetched: 98
[2025-08-13 05:13:52] Total records fetched: 98
[2025-08-13 05:13:53] WHERE clause: 
[2025-08-13 05:13:53] WHERE clause: 
[2025-08-13 05:13:53] SQL Query: SELECT b.transactNo, DATE_FORMAT(f.flightDepartureDate, '%Y.%m.%d') AS departureDate, f.returnDepartureDate AS returnDate, 
        b.status AS bookingStatus, CONCAT(f.flightDepartureDate, ' | ', f.returnDepartureDate) AS FlightDate, 
        p.packageName AS PackageName, b.bookingDate, b.pax AS TotalPax,  
        b.totalPrice AS PackagePrice, br.branchName as branchName, COALESCE(SUM(pa.amount), 0) AS TotalAmountPaid,
        CONCAT(a.lName, ', ', a.fName, ' ', IFNULL(CONCAT(SUBSTRING(a.mName, 1, 1), '.'), '')) AS agentName,
        COALESCE(SUM(r.requestCost), 0) AS TotalRequestAmount
        FROM booking b
        JOIN branch br ON b.agentCode = br.branchAgentCode
        JOIN flight f ON f.flightId = b.flightId
        JOIN package p ON p.packageId = b.packageId
        LEFT JOIN agent a ON b.accountType = 'Agent' AND b.accountId = a.accountId
        LEFT JOIN company c ON a.companyId = c.companyId
        LEFT JOIN client cl ON b.accountType = 'Client' AND b.accountId = cl.accountId
        LEFT JOIN company cc ON cl.companyId = cc.companyId
        LEFT JOIN payment pa ON pa.transactNo = b.transactNo AND pa.paymentStatus = 'Approved'
        LEFT JOIN request r ON r.transactNo = b.transactNo AND r.requestStatus = 'Confirmed'
        
        GROUP BY b.transactNo, f.flightDepartureDate, f.returnDepartureDate, b.status, 
                 p.packageName, b.bookingDate, b.pax, b.totalPrice, a.lName, a.fName, a.mName, br.branchName
        ORDER BY CAST(SUBSTRING_INDEX(b.transactNo, '-', -1) AS UNSIGNED)
[2025-08-13 05:13:53] SQL Query: SELECT b.transactNo, DATE_FORMAT(f.flightDepartureDate, '%Y.%m.%d') AS departureDate, f.returnDepartureDate AS returnDate, 
        b.status AS bookingStatus, CONCAT(f.flightDepartureDate, ' | ', f.returnDepartureDate) AS FlightDate, 
        p.packageName AS PackageName, b.bookingDate, b.pax AS TotalPax,  
        b.totalPrice AS PackagePrice, br.branchName as branchName, COALESCE(SUM(pa.amount), 0) AS TotalAmountPaid,
        CONCAT(a.lName, ', ', a.fName, ' ', IFNULL(CONCAT(SUBSTRING(a.mName, 1, 1), '.'), '')) AS agentName,
        COALESCE(SUM(r.requestCost), 0) AS TotalRequestAmount
        FROM booking b
        JOIN branch br ON b.agentCode = br.branchAgentCode
        JOIN flight f ON f.flightId = b.flightId
        JOIN package p ON p.packageId = b.packageId
        LEFT JOIN agent a ON b.accountType = 'Agent' AND b.accountId = a.accountId
        LEFT JOIN company c ON a.companyId = c.companyId
        LEFT JOIN client cl ON b.accountType = 'Client' AND b.accountId = cl.accountId
        LEFT JOIN company cc ON cl.companyId = cc.companyId
        LEFT JOIN payment pa ON pa.transactNo = b.transactNo AND pa.paymentStatus = 'Approved'
        LEFT JOIN request r ON r.transactNo = b.transactNo AND r.requestStatus = 'Confirmed'
        
        GROUP BY b.transactNo, f.flightDepartureDate, f.returnDepartureDate, b.status, 
                 p.packageName, b.bookingDate, b.pax, b.totalPrice, a.lName, a.fName, a.mName, br.branchName
        ORDER BY CAST(SUBSTRING_INDEX(b.transactNo, '-', -1) AS UNSIGNED)
[2025-08-13 05:13:53] Total records fetched: 98
[2025-08-13 05:13:54] WHERE clause: 
[2025-08-13 05:13:54] SQL Query: SELECT b.transactNo, DATE_FORMAT(f.flightDepartureDate, '%Y.%m.%d') AS departureDate, f.returnDepartureDate AS returnDate, 
        b.status AS bookingStatus, CONCAT(f.flightDepartureDate, ' | ', f.returnDepartureDate) AS FlightDate, 
        p.packageName AS PackageName, b.bookingDate, b.pax AS TotalPax,  
        b.totalPrice AS PackagePrice, br.branchName as branchName, COALESCE(SUM(pa.amount), 0) AS TotalAmountPaid,
        CONCAT(a.lName, ', ', a.fName, ' ', IFNULL(CONCAT(SUBSTRING(a.mName, 1, 1), '.'), '')) AS agentName,
        COALESCE(SUM(r.requestCost), 0) AS TotalRequestAmount
        FROM booking b
        JOIN branch br ON b.agentCode = br.branchAgentCode
        JOIN flight f ON f.flightId = b.flightId
        JOIN package p ON p.packageId = b.packageId
        LEFT JOIN agent a ON b.accountType = 'Agent' AND b.accountId = a.accountId
        LEFT JOIN company c ON a.companyId = c.companyId
        LEFT JOIN client cl ON b.accountType = 'Client' AND b.accountId = cl.accountId
        LEFT JOIN company cc ON cl.companyId = cc.companyId
        LEFT JOIN payment pa ON pa.transactNo = b.transactNo AND pa.paymentStatus = 'Approved'
        LEFT JOIN request r ON r.transactNo = b.transactNo AND r.requestStatus = 'Confirmed'
        
        GROUP BY b.transactNo, f.flightDepartureDate, f.returnDepartureDate, b.status, 
                 p.packageName, b.bookingDate, b.pax, b.totalPrice, a.lName, a.fName, a.mName, br.branchName
        ORDER BY CAST(SUBSTRING_INDEX(b.transactNo, '-', -1) AS UNSIGNED)
[2025-08-13 05:13:54] WHERE clause: 
[2025-08-13 05:13:54] SQL Query: SELECT b.transactNo, DATE_FORMAT(f.flightDepartureDate, '%Y.%m.%d') AS departureDate, f.returnDepartureDate AS returnDate, 
        b.status AS bookingStatus, CONCAT(f.flightDepartureDate, ' | ', f.returnDepartureDate) AS FlightDate, 
        p.packageName AS PackageName, b.bookingDate, b.pax AS TotalPax,  
        b.totalPrice AS PackagePrice, br.branchName as branchName, COALESCE(SUM(pa.amount), 0) AS TotalAmountPaid,
        CONCAT(a.lName, ', ', a.fName, ' ', IFNULL(CONCAT(SUBSTRING(a.mName, 1, 1), '.'), '')) AS agentName,
        COALESCE(SUM(r.requestCost), 0) AS TotalRequestAmount
        FROM booking b
        JOIN branch br ON b.agentCode = br.branchAgentCode
        JOIN flight f ON f.flightId = b.flightId
        JOIN package p ON p.packageId = b.packageId
        LEFT JOIN agent a ON b.accountType = 'Agent' AND b.accountId = a.accountId
        LEFT JOIN company c ON a.companyId = c.companyId
        LEFT JOIN client cl ON b.accountType = 'Client' AND b.accountId = cl.accountId
        LEFT JOIN company cc ON cl.companyId = cc.companyId
        LEFT JOIN payment pa ON pa.transactNo = b.transactNo AND pa.paymentStatus = 'Approved'
        LEFT JOIN request r ON r.transactNo = b.transactNo AND r.requestStatus = 'Confirmed'
        
        GROUP BY b.transactNo, f.flightDepartureDate, f.returnDepartureDate, b.status, 
                 p.packageName, b.bookingDate, b.pax, b.totalPrice, a.lName, a.fName, a.mName, br.branchName
        ORDER BY CAST(SUBSTRING_INDEX(b.transactNo, '-', -1) AS UNSIGNED)
[2025-08-13 05:13:54] Total records fetched: 98
[2025-08-13 05:13:54] Total records fetched: 98
[2025-08-13 05:13:54] WHERE clause: 
[2025-08-13 05:13:54] SQL Query: SELECT b.transactNo, DATE_FORMAT(f.flightDepartureDate, '%Y.%m.%d') AS departureDate, f.returnDepartureDate AS returnDate, 
        b.status AS bookingStatus, CONCAT(f.flightDepartureDate, ' | ', f.returnDepartureDate) AS FlightDate, 
        p.packageName AS PackageName, b.bookingDate, b.pax AS TotalPax,  
        b.totalPrice AS PackagePrice, br.branchName as branchName, COALESCE(SUM(pa.amount), 0) AS TotalAmountPaid,
        CONCAT(a.lName, ', ', a.fName, ' ', IFNULL(CONCAT(SUBSTRING(a.mName, 1, 1), '.'), '')) AS agentName,
        COALESCE(SUM(r.requestCost), 0) AS TotalRequestAmount
        FROM booking b
        JOIN branch br ON b.agentCode = br.branchAgentCode
        JOIN flight f ON f.flightId = b.flightId
        JOIN package p ON p.packageId = b.packageId
        LEFT JOIN agent a ON b.accountType = 'Agent' AND b.accountId = a.accountId
        LEFT JOIN company c ON a.companyId = c.companyId
        LEFT JOIN client cl ON b.accountType = 'Client' AND b.accountId = cl.accountId
        LEFT JOIN company cc ON cl.companyId = cc.companyId
        LEFT JOIN payment pa ON pa.transactNo = b.transactNo AND pa.paymentStatus = 'Approved'
        LEFT JOIN request r ON r.transactNo = b.transactNo AND r.requestStatus = 'Confirmed'
        
        GROUP BY b.transactNo, f.flightDepartureDate, f.returnDepartureDate, b.status, 
                 p.packageName, b.bookingDate, b.pax, b.totalPrice, a.lName, a.fName, a.mName, br.branchName
        ORDER BY CAST(SUBSTRING_INDEX(b.transactNo, '-', -1) AS UNSIGNED)
[2025-08-13 05:13:54] Total records fetched: 98
[2025-08-13 05:13:54] WHERE clause: 
[2025-08-13 05:13:54] SQL Query: SELECT b.transactNo, DATE_FORMAT(f.flightDepartureDate, '%Y.%m.%d') AS departureDate, f.returnDepartureDate AS returnDate, 
        b.status AS bookingStatus, CONCAT(f.flightDepartureDate, ' | ', f.returnDepartureDate) AS FlightDate, 
        p.packageName AS PackageName, b.bookingDate, b.pax AS TotalPax,  
        b.totalPrice AS PackagePrice, br.branchName as branchName, COALESCE(SUM(pa.amount), 0) AS TotalAmountPaid,
        CONCAT(a.lName, ', ', a.fName, ' ', IFNULL(CONCAT(SUBSTRING(a.mName, 1, 1), '.'), '')) AS agentName,
        COALESCE(SUM(r.requestCost), 0) AS TotalRequestAmount
        FROM booking b
        JOIN branch br ON b.agentCode = br.branchAgentCode
        JOIN flight f ON f.flightId = b.flightId
        JOIN package p ON p.packageId = b.packageId
        LEFT JOIN agent a ON b.accountType = 'Agent' AND b.accountId = a.accountId
        LEFT JOIN company c ON a.companyId = c.companyId
        LEFT JOIN client cl ON b.accountType = 'Client' AND b.accountId = cl.accountId
        LEFT JOIN company cc ON cl.companyId = cc.companyId
        LEFT JOIN payment pa ON pa.transactNo = b.transactNo AND pa.paymentStatus = 'Approved'
        LEFT JOIN request r ON r.transactNo = b.transactNo AND r.requestStatus = 'Confirmed'
        
        GROUP BY b.transactNo, f.flightDepartureDate, f.returnDepartureDate, b.status, 
                 p.packageName, b.bookingDate, b.pax, b.totalPrice, a.lName, a.fName, a.mName, br.branchName
        ORDER BY CAST(SUBSTRING_INDEX(b.transactNo, '-', -1) AS UNSIGNED)
[2025-08-13 05:13:54] Total records fetched: 98
[2025-08-13 05:13:54] WHERE clause: 
[2025-08-13 05:13:54] SQL Query: SELECT b.transactNo, DATE_FORMAT(f.flightDepartureDate, '%Y.%m.%d') AS departureDate, f.returnDepartureDate AS returnDate, 
        b.status AS bookingStatus, CONCAT(f.flightDepartureDate, ' | ', f.returnDepartureDate) AS FlightDate, 
        p.packageName AS PackageName, b.bookingDate, b.pax AS TotalPax,  
        b.totalPrice AS PackagePrice, br.branchName as branchName, COALESCE(SUM(pa.amount), 0) AS TotalAmountPaid,
        CONCAT(a.lName, ', ', a.fName, ' ', IFNULL(CONCAT(SUBSTRING(a.mName, 1, 1), '.'), '')) AS agentName,
        COALESCE(SUM(r.requestCost), 0) AS TotalRequestAmount
        FROM booking b
        JOIN branch br ON b.agentCode = br.branchAgentCode
        JOIN flight f ON f.flightId = b.flightId
        JOIN package p ON p.packageId = b.packageId
        LEFT JOIN agent a ON b.accountType = 'Agent' AND b.accountId = a.accountId
        LEFT JOIN company c ON a.companyId = c.companyId
        LEFT JOIN client cl ON b.accountType = 'Client' AND b.accountId = cl.accountId
        LEFT JOIN company cc ON cl.companyId = cc.companyId
        LEFT JOIN payment pa ON pa.transactNo = b.transactNo AND pa.paymentStatus = 'Approved'
        LEFT JOIN request r ON r.transactNo = b.transactNo AND r.requestStatus = 'Confirmed'
        
        GROUP BY b.transactNo, f.flightDepartureDate, f.returnDepartureDate, b.status, 
                 p.packageName, b.bookingDate, b.pax, b.totalPrice, a.lName, a.fName, a.mName, br.branchName
        ORDER BY CAST(SUBSTRING_INDEX(b.transactNo, '-', -1) AS UNSIGNED)
[2025-08-13 05:13:54] SQL Query: SELECT b.transactNo, DATE_FORMAT(f.flightDepartureDate, '%Y.%m.%d') AS departureDate, f.returnDepartureDate AS returnDate, 
        b.status AS bookingStatus, CONCAT(f.flightDepartureDate, ' | ', f.returnDepartureDate) AS FlightDate, 
        p.packageName AS PackageName, b.bookingDate, b.pax AS TotalPax,  
        b.totalPrice AS PackagePrice, br.branchName as branchName, COALESCE(SUM(pa.amount), 0) AS TotalAmountPaid,
        CONCAT(a.lName, ', ', a.fName, ' ', IFNULL(CONCAT(SUBSTRING(a.mName, 1, 1), '.'), '')) AS agentName,
        COALESCE(SUM(r.requestCost), 0) AS TotalRequestAmount
        FROM booking b
        JOIN branch br ON b.agentCode = br.branchAgentCode
        JOIN flight f ON f.flightId = b.flightId
        JOIN package p ON p.packageId = b.packageId
        LEFT JOIN agent a ON b.accountType = 'Agent' AND b.accountId = a.accountId
        LEFT JOIN company c ON a.companyId = c.companyId
        LEFT JOIN client cl ON b.accountType = 'Client' AND b.accountId = cl.accountId
        LEFT JOIN company cc ON cl.companyId = cc.companyId
        LEFT JOIN payment pa ON pa.transactNo = b.transactNo AND pa.paymentStatus = 'Approved'
        LEFT JOIN request r ON r.transactNo = b.transactNo AND r.requestStatus = 'Confirmed'
        
        GROUP BY b.transactNo, f.flightDepartureDate, f.returnDepartureDate, b.status, 
                 p.packageName, b.bookingDate, b.pax, b.totalPrice, a.lName, a.fName, a.mName, br.branchName
        ORDER BY CAST(SUBSTRING_INDEX(b.transactNo, '-', -1) AS UNSIGNED)
[2025-08-13 05:13:54] Total records fetched: 98
[2025-08-13 05:13:54] Total records fetched: 98
[2025-08-13 05:13:54] WHERE clause: 
[2025-08-13 05:13:54] SQL Query: SELECT b.transactNo, DATE_FORMAT(f.flightDepartureDate, '%Y.%m.%d') AS departureDate, f.returnDepartureDate AS returnDate, 
        b.status AS bookingStatus, CONCAT(f.flightDepartureDate, ' | ', f.returnDepartureDate) AS FlightDate, 
        p.packageName AS PackageName, b.bookingDate, b.pax AS TotalPax,  
        b.totalPrice AS PackagePrice, br.branchName as branchName, COALESCE(SUM(pa.amount), 0) AS TotalAmountPaid,
        CONCAT(a.lName, ', ', a.fName, ' ', IFNULL(CONCAT(SUBSTRING(a.mName, 1, 1), '.'), '')) AS agentName,
        COALESCE(SUM(r.requestCost), 0) AS TotalRequestAmount
        FROM booking b
        JOIN branch br ON b.agentCode = br.branchAgentCode
        JOIN flight f ON f.flightId = b.flightId
        JOIN package p ON p.packageId = b.packageId
        LEFT JOIN agent a ON b.accountType = 'Agent' AND b.accountId = a.accountId
        LEFT JOIN company c ON a.companyId = c.companyId
        LEFT JOIN client cl ON b.accountType = 'Client' AND b.accountId = cl.accountId
        LEFT JOIN company cc ON cl.companyId = cc.companyId
        LEFT JOIN payment pa ON pa.transactNo = b.transactNo AND pa.paymentStatus = 'Approved'
        LEFT JOIN request r ON r.transactNo = b.transactNo AND r.requestStatus = 'Confirmed'
        
        GROUP BY b.transactNo, f.flightDepartureDate, f.returnDepartureDate, b.status, 
                 p.packageName, b.bookingDate, b.pax, b.totalPrice, a.lName, a.fName, a.mName, br.branchName
        ORDER BY CAST(SUBSTRING_INDEX(b.transactNo, '-', -1) AS UNSIGNED)
[2025-08-13 05:13:54] Total records fetched: 98
[2025-08-13 05:13:55] WHERE clause: 
[2025-08-13 05:13:55] SQL Query: SELECT b.transactNo, DATE_FORMAT(f.flightDepartureDate, '%Y.%m.%d') AS departureDate, f.returnDepartureDate AS returnDate, 
        b.status AS bookingStatus, CONCAT(f.flightDepartureDate, ' | ', f.returnDepartureDate) AS FlightDate, 
        p.packageName AS PackageName, b.bookingDate, b.pax AS TotalPax,  
        b.totalPrice AS PackagePrice, br.branchName as branchName, COALESCE(SUM(pa.amount), 0) AS TotalAmountPaid,
        CONCAT(a.lName, ', ', a.fName, ' ', IFNULL(CONCAT(SUBSTRING(a.mName, 1, 1), '.'), '')) AS agentName,
        COALESCE(SUM(r.requestCost), 0) AS TotalRequestAmount
        FROM booking b
        JOIN branch br ON b.agentCode = br.branchAgentCode
        JOIN flight f ON f.flightId = b.flightId
        JOIN package p ON p.packageId = b.packageId
        LEFT JOIN agent a ON b.accountType = 'Agent' AND b.accountId = a.accountId
        LEFT JOIN company c ON a.companyId = c.companyId
        LEFT JOIN client cl ON b.accountType = 'Client' AND b.accountId = cl.accountId
        LEFT JOIN company cc ON cl.companyId = cc.companyId
        LEFT JOIN payment pa ON pa.transactNo = b.transactNo AND pa.paymentStatus = 'Approved'
        LEFT JOIN request r ON r.transactNo = b.transactNo AND r.requestStatus = 'Confirmed'
        
        GROUP BY b.transactNo, f.flightDepartureDate, f.returnDepartureDate, b.status, 
                 p.packageName, b.bookingDate, b.pax, b.totalPrice, a.lName, a.fName, a.mName, br.branchName
        ORDER BY CAST(SUBSTRING_INDEX(b.transactNo, '-', -1) AS UNSIGNED)
[2025-08-13 05:13:55] Total records fetched: 98
[2025-08-13 05:13:55] WHERE clause: 
[2025-08-13 05:13:55] SQL Query: SELECT b.transactNo, DATE_FORMAT(f.flightDepartureDate, '%Y.%m.%d') AS departureDate, f.returnDepartureDate AS returnDate, 
        b.status AS bookingStatus, CONCAT(f.flightDepartureDate, ' | ', f.returnDepartureDate) AS FlightDate, 
        p.packageName AS PackageName, b.bookingDate, b.pax AS TotalPax,  
        b.totalPrice AS PackagePrice, br.branchName as branchName, COALESCE(SUM(pa.amount), 0) AS TotalAmountPaid,
        CONCAT(a.lName, ', ', a.fName, ' ', IFNULL(CONCAT(SUBSTRING(a.mName, 1, 1), '.'), '')) AS agentName,
        COALESCE(SUM(r.requestCost), 0) AS TotalRequestAmount
        FROM booking b
        JOIN branch br ON b.agentCode = br.branchAgentCode
        JOIN flight f ON f.flightId = b.flightId
        JOIN package p ON p.packageId = b.packageId
        LEFT JOIN agent a ON b.accountType = 'Agent' AND b.accountId = a.accountId
        LEFT JOIN company c ON a.companyId = c.companyId
        LEFT JOIN client cl ON b.accountType = 'Client' AND b.accountId = cl.accountId
        LEFT JOIN company cc ON cl.companyId = cc.companyId
        LEFT JOIN payment pa ON pa.transactNo = b.transactNo AND pa.paymentStatus = 'Approved'
        LEFT JOIN request r ON r.transactNo = b.transactNo AND r.requestStatus = 'Confirmed'
        
        GROUP BY b.transactNo, f.flightDepartureDate, f.returnDepartureDate, b.status, 
                 p.packageName, b.bookingDate, b.pax, b.totalPrice, a.lName, a.fName, a.mName, br.branchName
        ORDER BY CAST(SUBSTRING_INDEX(b.transactNo, '-', -1) AS UNSIGNED)
[2025-08-13 05:13:55] Total records fetched: 98
[2025-08-13 05:13:55] WHERE clause: 
[2025-08-13 05:13:55] SQL Query: SELECT b.transactNo, DATE_FORMAT(f.flightDepartureDate, '%Y.%m.%d') AS departureDate, f.returnDepartureDate AS returnDate, 
        b.status AS bookingStatus, CONCAT(f.flightDepartureDate, ' | ', f.returnDepartureDate) AS FlightDate, 
        p.packageName AS PackageName, b.bookingDate, b.pax AS TotalPax,  
        b.totalPrice AS PackagePrice, br.branchName as branchName, COALESCE(SUM(pa.amount), 0) AS TotalAmountPaid,
        CONCAT(a.lName, ', ', a.fName, ' ', IFNULL(CONCAT(SUBSTRING(a.mName, 1, 1), '.'), '')) AS agentName,
        COALESCE(SUM(r.requestCost), 0) AS TotalRequestAmount
        FROM booking b
        JOIN branch br ON b.agentCode = br.branchAgentCode
        JOIN flight f ON f.flightId = b.flightId
        JOIN package p ON p.packageId = b.packageId
        LEFT JOIN agent a ON b.accountType = 'Agent' AND b.accountId = a.accountId
        LEFT JOIN company c ON a.companyId = c.companyId
        LEFT JOIN client cl ON b.accountType = 'Client' AND b.accountId = cl.accountId
        LEFT JOIN company cc ON cl.companyId = cc.companyId
        LEFT JOIN payment pa ON pa.transactNo = b.transactNo AND pa.paymentStatus = 'Approved'
        LEFT JOIN request r ON r.transactNo = b.transactNo AND r.requestStatus = 'Confirmed'
        
        GROUP BY b.transactNo, f.flightDepartureDate, f.returnDepartureDate, b.status, 
                 p.packageName, b.bookingDate, b.pax, b.totalPrice, a.lName, a.fName, a.mName, br.branchName
        ORDER BY CAST(SUBSTRING_INDEX(b.transactNo, '-', -1) AS UNSIGNED)
[2025-08-13 05:13:55] Total records fetched: 98
[2025-08-13 05:13:55] WHERE clause: 
[2025-08-13 05:13:55] WHERE clause: 
[2025-08-13 05:13:55] SQL Query: SELECT b.transactNo, DATE_FORMAT(f.flightDepartureDate, '%Y.%m.%d') AS departureDate, f.returnDepartureDate AS returnDate, 
        b.status AS bookingStatus, CONCAT(f.flightDepartureDate, ' | ', f.returnDepartureDate) AS FlightDate, 
        p.packageName AS PackageName, b.bookingDate, b.pax AS TotalPax,  
        b.totalPrice AS PackagePrice, br.branchName as branchName, COALESCE(SUM(pa.amount), 0) AS TotalAmountPaid,
        CONCAT(a.lName, ', ', a.fName, ' ', IFNULL(CONCAT(SUBSTRING(a.mName, 1, 1), '.'), '')) AS agentName,
        COALESCE(SUM(r.requestCost), 0) AS TotalRequestAmount
        FROM booking b
        JOIN branch br ON b.agentCode = br.branchAgentCode
        JOIN flight f ON f.flightId = b.flightId
        JOIN package p ON p.packageId = b.packageId
        LEFT JOIN agent a ON b.accountType = 'Agent' AND b.accountId = a.accountId
        LEFT JOIN company c ON a.companyId = c.companyId
        LEFT JOIN client cl ON b.accountType = 'Client' AND b.accountId = cl.accountId
        LEFT JOIN company cc ON cl.companyId = cc.companyId
        LEFT JOIN payment pa ON pa.transactNo = b.transactNo AND pa.paymentStatus = 'Approved'
        LEFT JOIN request r ON r.transactNo = b.transactNo AND r.requestStatus = 'Confirmed'
        
        GROUP BY b.transactNo, f.flightDepartureDate, f.returnDepartureDate, b.status, 
                 p.packageName, b.bookingDate, b.pax, b.totalPrice, a.lName, a.fName, a.mName, br.branchName
        ORDER BY CAST(SUBSTRING_INDEX(b.transactNo, '-', -1) AS UNSIGNED)
[2025-08-13 05:13:55] SQL Query: SELECT b.transactNo, DATE_FORMAT(f.flightDepartureDate, '%Y.%m.%d') AS departureDate, f.returnDepartureDate AS returnDate, 
        b.status AS bookingStatus, CONCAT(f.flightDepartureDate, ' | ', f.returnDepartureDate) AS FlightDate, 
        p.packageName AS PackageName, b.bookingDate, b.pax AS TotalPax,  
        b.totalPrice AS PackagePrice, br.branchName as branchName, COALESCE(SUM(pa.amount), 0) AS TotalAmountPaid,
        CONCAT(a.lName, ', ', a.fName, ' ', IFNULL(CONCAT(SUBSTRING(a.mName, 1, 1), '.'), '')) AS agentName,
        COALESCE(SUM(r.requestCost), 0) AS TotalRequestAmount
        FROM booking b
        JOIN branch br ON b.agentCode = br.branchAgentCode
        JOIN flight f ON f.flightId = b.flightId
        JOIN package p ON p.packageId = b.packageId
        LEFT JOIN agent a ON b.accountType = 'Agent' AND b.accountId = a.accountId
        LEFT JOIN company c ON a.companyId = c.companyId
        LEFT JOIN client cl ON b.accountType = 'Client' AND b.accountId = cl.accountId
        LEFT JOIN company cc ON cl.companyId = cc.companyId
        LEFT JOIN payment pa ON pa.transactNo = b.transactNo AND pa.paymentStatus = 'Approved'
        LEFT JOIN request r ON r.transactNo = b.transactNo AND r.requestStatus = 'Confirmed'
        
        GROUP BY b.transactNo, f.flightDepartureDate, f.returnDepartureDate, b.status, 
                 p.packageName, b.bookingDate, b.pax, b.totalPrice, a.lName, a.fName, a.mName, br.branchName
        ORDER BY CAST(SUBSTRING_INDEX(b.transactNo, '-', -1) AS UNSIGNED)
[2025-08-13 05:13:55] Total records fetched: 98
[2025-08-13 05:13:55] WHERE clause: 
[2025-08-13 05:13:55] WHERE clause: 
[2025-08-13 05:13:55] SQL Query: SELECT b.transactNo, DATE_FORMAT(f.flightDepartureDate, '%Y.%m.%d') AS departureDate, f.returnDepartureDate AS returnDate, 
        b.status AS bookingStatus, CONCAT(f.flightDepartureDate, ' | ', f.returnDepartureDate) AS FlightDate, 
        p.packageName AS PackageName, b.bookingDate, b.pax AS TotalPax,  
        b.totalPrice AS PackagePrice, br.branchName as branchName, COALESCE(SUM(pa.amount), 0) AS TotalAmountPaid,
        CONCAT(a.lName, ', ', a.fName, ' ', IFNULL(CONCAT(SUBSTRING(a.mName, 1, 1), '.'), '')) AS agentName,
        COALESCE(SUM(r.requestCost), 0) AS TotalRequestAmount
        FROM booking b
        JOIN branch br ON b.agentCode = br.branchAgentCode
        JOIN flight f ON f.flightId = b.flightId
        JOIN package p ON p.packageId = b.packageId
        LEFT JOIN agent a ON b.accountType = 'Agent' AND b.accountId = a.accountId
        LEFT JOIN company c ON a.companyId = c.companyId
        LEFT JOIN client cl ON b.accountType = 'Client' AND b.accountId = cl.accountId
        LEFT JOIN company cc ON cl.companyId = cc.companyId
        LEFT JOIN payment pa ON pa.transactNo = b.transactNo AND pa.paymentStatus = 'Approved'
        LEFT JOIN request r ON r.transactNo = b.transactNo AND r.requestStatus = 'Confirmed'
        
        GROUP BY b.transactNo, f.flightDepartureDate, f.returnDepartureDate, b.status, 
                 p.packageName, b.bookingDate, b.pax, b.totalPrice, a.lName, a.fName, a.mName, br.branchName
        ORDER BY CAST(SUBSTRING_INDEX(b.transactNo, '-', -1) AS UNSIGNED)
[2025-08-13 05:13:55] SQL Query: SELECT b.transactNo, DATE_FORMAT(f.flightDepartureDate, '%Y.%m.%d') AS departureDate, f.returnDepartureDate AS returnDate, 
        b.status AS bookingStatus, CONCAT(f.flightDepartureDate, ' | ', f.returnDepartureDate) AS FlightDate, 
        p.packageName AS PackageName, b.bookingDate, b.pax AS TotalPax,  
        b.totalPrice AS PackagePrice, br.branchName as branchName, COALESCE(SUM(pa.amount), 0) AS TotalAmountPaid,
        CONCAT(a.lName, ', ', a.fName, ' ', IFNULL(CONCAT(SUBSTRING(a.mName, 1, 1), '.'), '')) AS agentName,
        COALESCE(SUM(r.requestCost), 0) AS TotalRequestAmount
        FROM booking b
        JOIN branch br ON b.agentCode = br.branchAgentCode
        JOIN flight f ON f.flightId = b.flightId
        JOIN package p ON p.packageId = b.packageId
        LEFT JOIN agent a ON b.accountType = 'Agent' AND b.accountId = a.accountId
        LEFT JOIN company c ON a.companyId = c.companyId
        LEFT JOIN client cl ON b.accountType = 'Client' AND b.accountId = cl.accountId
        LEFT JOIN company cc ON cl.companyId = cc.companyId
        LEFT JOIN payment pa ON pa.transactNo = b.transactNo AND pa.paymentStatus = 'Approved'
        LEFT JOIN request r ON r.transactNo = b.transactNo AND r.requestStatus = 'Confirmed'
        
        GROUP BY b.transactNo, f.flightDepartureDate, f.returnDepartureDate, b.status, 
                 p.packageName, b.bookingDate, b.pax, b.totalPrice, a.lName, a.fName, a.mName, br.branchName
        ORDER BY CAST(SUBSTRING_INDEX(b.transactNo, '-', -1) AS UNSIGNED)
[2025-08-13 05:13:55] Total records fetched: 98
[2025-08-13 05:13:56] WHERE clause: 
[2025-08-13 05:13:56] SQL Query: SELECT b.transactNo, DATE_FORMAT(f.flightDepartureDate, '%Y.%m.%d') AS departureDate, f.returnDepartureDate AS returnDate, 
        b.status AS bookingStatus, CONCAT(f.flightDepartureDate, ' | ', f.returnDepartureDate) AS FlightDate, 
        p.packageName AS PackageName, b.bookingDate, b.pax AS TotalPax,  
        b.totalPrice AS PackagePrice, br.branchName as branchName, COALESCE(SUM(pa.amount), 0) AS TotalAmountPaid,
        CONCAT(a.lName, ', ', a.fName, ' ', IFNULL(CONCAT(SUBSTRING(a.mName, 1, 1), '.'), '')) AS agentName,
        COALESCE(SUM(r.requestCost), 0) AS TotalRequestAmount
        FROM booking b
        JOIN branch br ON b.agentCode = br.branchAgentCode
        JOIN flight f ON f.flightId = b.flightId
        JOIN package p ON p.packageId = b.packageId
        LEFT JOIN agent a ON b.accountType = 'Agent' AND b.accountId = a.accountId
        LEFT JOIN company c ON a.companyId = c.companyId
        LEFT JOIN client cl ON b.accountType = 'Client' AND b.accountId = cl.accountId
        LEFT JOIN company cc ON cl.companyId = cc.companyId
        LEFT JOIN payment pa ON pa.transactNo = b.transactNo AND pa.paymentStatus = 'Approved'
        LEFT JOIN request r ON r.transactNo = b.transactNo AND r.requestStatus = 'Confirmed'
        
        GROUP BY b.transactNo, f.flightDepartureDate, f.returnDepartureDate, b.status, 
                 p.packageName, b.bookingDate, b.pax, b.totalPrice, a.lName, a.fName, a.mName, br.branchName
        ORDER BY CAST(SUBSTRING_INDEX(b.transactNo, '-', -1) AS UNSIGNED)
[2025-08-13 05:13:56] WHERE clause: 
[2025-08-13 05:13:56] SQL Query: SELECT b.transactNo, DATE_FORMAT(f.flightDepartureDate, '%Y.%m.%d') AS departureDate, f.returnDepartureDate AS returnDate, 
        b.status AS bookingStatus, CONCAT(f.flightDepartureDate, ' | ', f.returnDepartureDate) AS FlightDate, 
        p.packageName AS PackageName, b.bookingDate, b.pax AS TotalPax,  
        b.totalPrice AS PackagePrice, br.branchName as branchName, COALESCE(SUM(pa.amount), 0) AS TotalAmountPaid,
        CONCAT(a.lName, ', ', a.fName, ' ', IFNULL(CONCAT(SUBSTRING(a.mName, 1, 1), '.'), '')) AS agentName,
        COALESCE(SUM(r.requestCost), 0) AS TotalRequestAmount
        FROM booking b
        JOIN branch br ON b.agentCode = br.branchAgentCode
        JOIN flight f ON f.flightId = b.flightId
        JOIN package p ON p.packageId = b.packageId
        LEFT JOIN agent a ON b.accountType = 'Agent' AND b.accountId = a.accountId
        LEFT JOIN company c ON a.companyId = c.companyId
        LEFT JOIN client cl ON b.accountType = 'Client' AND b.accountId = cl.accountId
        LEFT JOIN company cc ON cl.companyId = cc.companyId
        LEFT JOIN payment pa ON pa.transactNo = b.transactNo AND pa.paymentStatus = 'Approved'
        LEFT JOIN request r ON r.transactNo = b.transactNo AND r.requestStatus = 'Confirmed'
        
        GROUP BY b.transactNo, f.flightDepartureDate, f.returnDepartureDate, b.status, 
                 p.packageName, b.bookingDate, b.pax, b.totalPrice, a.lName, a.fName, a.mName, br.branchName
        ORDER BY CAST(SUBSTRING_INDEX(b.transactNo, '-', -1) AS UNSIGNED)
[2025-08-13 05:13:56] Total records fetched: 98
[2025-08-13 05:13:56] Total records fetched: 98
[2025-08-13 05:13:56] WHERE clause: 
[2025-08-13 05:13:56] WHERE clause: 
[2025-08-13 05:13:56] SQL Query: SELECT b.transactNo, DATE_FORMAT(f.flightDepartureDate, '%Y.%m.%d') AS departureDate, f.returnDepartureDate AS returnDate, 
        b.status AS bookingStatus, CONCAT(f.flightDepartureDate, ' | ', f.returnDepartureDate) AS FlightDate, 
        p.packageName AS PackageName, b.bookingDate, b.pax AS TotalPax,  
        b.totalPrice AS PackagePrice, br.branchName as branchName, COALESCE(SUM(pa.amount), 0) AS TotalAmountPaid,
        CONCAT(a.lName, ', ', a.fName, ' ', IFNULL(CONCAT(SUBSTRING(a.mName, 1, 1), '.'), '')) AS agentName,
        COALESCE(SUM(r.requestCost), 0) AS TotalRequestAmount
        FROM booking b
        JOIN branch br ON b.agentCode = br.branchAgentCode
        JOIN flight f ON f.flightId = b.flightId
        JOIN package p ON p.packageId = b.packageId
        LEFT JOIN agent a ON b.accountType = 'Agent' AND b.accountId = a.accountId
        LEFT JOIN company c ON a.companyId = c.companyId
        LEFT JOIN client cl ON b.accountType = 'Client' AND b.accountId = cl.accountId
        LEFT JOIN company cc ON cl.companyId = cc.companyId
        LEFT JOIN payment pa ON pa.transactNo = b.transactNo AND pa.paymentStatus = 'Approved'
        LEFT JOIN request r ON r.transactNo = b.transactNo AND r.requestStatus = 'Confirmed'
        
        GROUP BY b.transactNo, f.flightDepartureDate, f.returnDepartureDate, b.status, 
                 p.packageName, b.bookingDate, b.pax, b.totalPrice, a.lName, a.fName, a.mName, br.branchName
        ORDER BY CAST(SUBSTRING_INDEX(b.transactNo, '-', -1) AS UNSIGNED)
[2025-08-13 05:13:56] Total records fetched: 98
[2025-08-13 05:13:56] WHERE clause: 
[2025-08-13 05:13:56] WHERE clause: 
[2025-08-13 05:13:56] SQL Query: SELECT b.transactNo, DATE_FORMAT(f.flightDepartureDate, '%Y.%m.%d') AS departureDate, f.returnDepartureDate AS returnDate, 
        b.status AS bookingStatus, CONCAT(f.flightDepartureDate, ' | ', f.returnDepartureDate) AS FlightDate, 
        p.packageName AS PackageName, b.bookingDate, b.pax AS TotalPax,  
        b.totalPrice AS PackagePrice, br.branchName as branchName, COALESCE(SUM(pa.amount), 0) AS TotalAmountPaid,
        CONCAT(a.lName, ', ', a.fName, ' ', IFNULL(CONCAT(SUBSTRING(a.mName, 1, 1), '.'), '')) AS agentName,
        COALESCE(SUM(r.requestCost), 0) AS TotalRequestAmount
        FROM booking b
        JOIN branch br ON b.agentCode = br.branchAgentCode
        JOIN flight f ON f.flightId = b.flightId
        JOIN package p ON p.packageId = b.packageId
        LEFT JOIN agent a ON b.accountType = 'Agent' AND b.accountId = a.accountId
        LEFT JOIN company c ON a.companyId = c.companyId
        LEFT JOIN client cl ON b.accountType = 'Client' AND b.accountId = cl.accountId
        LEFT JOIN company cc ON cl.companyId = cc.companyId
        LEFT JOIN payment pa ON pa.transactNo = b.transactNo AND pa.paymentStatus = 'Approved'
        LEFT JOIN request r ON r.transactNo = b.transactNo AND r.requestStatus = 'Confirmed'
        
        GROUP BY b.transactNo, f.flightDepartureDate, f.returnDepartureDate, b.status, 
                 p.packageName, b.bookingDate, b.pax, b.totalPrice, a.lName, a.fName, a.mName, br.branchName
        ORDER BY CAST(SUBSTRING_INDEX(b.transactNo, '-', -1) AS UNSIGNED)
[2025-08-13 05:13:56] SQL Query: SELECT b.transactNo, DATE_FORMAT(f.flightDepartureDate, '%Y.%m.%d') AS departureDate, f.returnDepartureDate AS returnDate, 
        b.status AS bookingStatus, CONCAT(f.flightDepartureDate, ' | ', f.returnDepartureDate) AS FlightDate, 
        p.packageName AS PackageName, b.bookingDate, b.pax AS TotalPax,  
        b.totalPrice AS PackagePrice, br.branchName as branchName, COALESCE(SUM(pa.amount), 0) AS TotalAmountPaid,
        CONCAT(a.lName, ', ', a.fName, ' ', IFNULL(CONCAT(SUBSTRING(a.mName, 1, 1), '.'), '')) AS agentName,
        COALESCE(SUM(r.requestCost), 0) AS TotalRequestAmount
        FROM booking b
        JOIN branch br ON b.agentCode = br.branchAgentCode
        JOIN flight f ON f.flightId = b.flightId
        JOIN package p ON p.packageId = b.packageId
        LEFT JOIN agent a ON b.accountType = 'Agent' AND b.accountId = a.accountId
        LEFT JOIN company c ON a.companyId = c.companyId
        LEFT JOIN client cl ON b.accountType = 'Client' AND b.accountId = cl.accountId
        LEFT JOIN company cc ON cl.companyId = cc.companyId
        LEFT JOIN payment pa ON pa.transactNo = b.transactNo AND pa.paymentStatus = 'Approved'
        LEFT JOIN request r ON r.transactNo = b.transactNo AND r.requestStatus = 'Confirmed'
        
        GROUP BY b.transactNo, f.flightDepartureDate, f.returnDepartureDate, b.status, 
                 p.packageName, b.bookingDate, b.pax, b.totalPrice, a.lName, a.fName, a.mName, br.branchName
        ORDER BY CAST(SUBSTRING_INDEX(b.transactNo, '-', -1) AS UNSIGNED)
[2025-08-13 05:13:56] Total records fetched: 98
[2025-08-13 05:14:15] WHERE clause: 
[2025-08-13 05:14:15] SQL Query: SELECT b.transactNo, DATE_FORMAT(f.flightDepartureDate, '%Y.%m.%d') AS departureDate, f.returnDepartureDate AS returnDate, 
        b.status AS bookingStatus, CONCAT(f.flightDepartureDate, ' | ', f.returnDepartureDate) AS FlightDate, 
        p.packageName AS PackageName, b.bookingDate, b.pax AS TotalPax,  
        b.totalPrice AS PackagePrice, br.branchName as branchName, COALESCE(SUM(pa.amount), 0) AS TotalAmountPaid,
        CONCAT(a.lName, ', ', a.fName, ' ', IFNULL(CONCAT(SUBSTRING(a.mName, 1, 1), '.'), '')) AS agentName,
        COALESCE(SUM(r.requestCost), 0) AS TotalRequestAmount
        FROM booking b
        JOIN branch br ON b.agentCode = br.branchAgentCode
        JOIN flight f ON f.flightId = b.flightId
        JOIN package p ON p.packageId = b.packageId
        LEFT JOIN agent a ON b.accountType = 'Agent' AND b.accountId = a.accountId
        LEFT JOIN company c ON a.companyId = c.companyId
        LEFT JOIN client cl ON b.accountType = 'Client' AND b.accountId = cl.accountId
        LEFT JOIN company cc ON cl.companyId = cc.companyId
        LEFT JOIN payment pa ON pa.transactNo = b.transactNo AND pa.paymentStatus = 'Approved'
        LEFT JOIN request r ON r.transactNo = b.transactNo AND r.requestStatus = 'Confirmed'
        
        GROUP BY b.transactNo, f.flightDepartureDate, f.returnDepartureDate, b.status, 
                 p.packageName, b.bookingDate, b.pax, b.totalPrice, a.lName, a.fName, a.mName, br.branchName
        ORDER BY CAST(SUBSTRING_INDEX(b.transactNo, '-', -1) AS UNSIGNED)
[2025-08-13 05:14:15] WHERE clause: 
[2025-08-13 05:14:15] SQL Query: SELECT b.transactNo, DATE_FORMAT(f.flightDepartureDate, '%Y.%m.%d') AS departureDate, f.returnDepartureDate AS returnDate, 
        b.status AS bookingStatus, CONCAT(f.flightDepartureDate, ' | ', f.returnDepartureDate) AS FlightDate, 
        p.packageName AS PackageName, b.bookingDate, b.pax AS TotalPax,  
        b.totalPrice AS PackagePrice, br.branchName as branchName, COALESCE(SUM(pa.amount), 0) AS TotalAmountPaid,
        CONCAT(a.lName, ', ', a.fName, ' ', IFNULL(CONCAT(SUBSTRING(a.mName, 1, 1), '.'), '')) AS agentName,
        COALESCE(SUM(r.requestCost), 0) AS TotalRequestAmount
        FROM booking b
        JOIN branch br ON b.agentCode = br.branchAgentCode
        JOIN flight f ON f.flightId = b.flightId
        JOIN package p ON p.packageId = b.packageId
        LEFT JOIN agent a ON b.accountType = 'Agent' AND b.accountId = a.accountId
        LEFT JOIN company c ON a.companyId = c.companyId
        LEFT JOIN client cl ON b.accountType = 'Client' AND b.accountId = cl.accountId
        LEFT JOIN company cc ON cl.companyId = cc.companyId
        LEFT JOIN payment pa ON pa.transactNo = b.transactNo AND pa.paymentStatus = 'Approved'
        LEFT JOIN request r ON r.transactNo = b.transactNo AND r.requestStatus = 'Confirmed'
        
        GROUP BY b.transactNo, f.flightDepartureDate, f.returnDepartureDate, b.status, 
                 p.packageName, b.bookingDate, b.pax, b.totalPrice, a.lName, a.fName, a.mName, br.branchName
        ORDER BY CAST(SUBSTRING_INDEX(b.transactNo, '-', -1) AS UNSIGNED)
[2025-08-13 05:14:15] Total records fetched: 98
[2025-08-13 05:14:15] Total records fetched: 98
[2025-08-13 05:14:46] WHERE clause: 
[2025-08-13 05:14:46] SQL Query: SELECT b.transactNo, DATE_FORMAT(f.flightDepartureDate, '%Y.%m.%d') AS departureDate, f.returnDepartureDate AS returnDate, 
        b.status AS bookingStatus, CONCAT(f.flightDepartureDate, ' | ', f.returnDepartureDate) AS FlightDate, 
        p.packageName AS PackageName, b.bookingDate, b.pax AS TotalPax,  
        b.totalPrice AS PackagePrice, br.branchName as branchName, COALESCE(SUM(pa.amount), 0) AS TotalAmountPaid,
        CONCAT(a.lName, ', ', a.fName, ' ', IFNULL(CONCAT(SUBSTRING(a.mName, 1, 1), '.'), '')) AS agentName,
        COALESCE(SUM(r.requestCost), 0) AS TotalRequestAmount
        FROM booking b
        JOIN branch br ON b.agentCode = br.branchAgentCode
        JOIN flight f ON f.flightId = b.flightId
        JOIN package p ON p.packageId = b.packageId
        LEFT JOIN agent a ON b.accountType = 'Agent' AND b.accountId = a.accountId
        LEFT JOIN company c ON a.companyId = c.companyId
        LEFT JOIN client cl ON b.accountType = 'Client' AND b.accountId = cl.accountId
        LEFT JOIN company cc ON cl.companyId = cc.companyId
        LEFT JOIN payment pa ON pa.transactNo = b.transactNo AND pa.paymentStatus = 'Approved'
        LEFT JOIN request r ON r.transactNo = b.transactNo AND r.requestStatus = 'Confirmed'
        
        GROUP BY b.transactNo, f.flightDepartureDate, f.returnDepartureDate, b.status, 
                 p.packageName, b.bookingDate, b.pax, b.totalPrice, a.lName, a.fName, a.mName, br.branchName
        ORDER BY CAST(SUBSTRING_INDEX(b.transactNo, '-', -1) AS UNSIGNED)
[2025-08-13 05:14:46] Total records fetched: 98
[2025-08-13 05:17:21] WHERE clause: 
[2025-08-13 05:17:21] SQL Query: SELECT b.transactNo, DATE_FORMAT(f.flightDepartureDate, '%Y.%m.%d') AS departureDate, f.returnDepartureDate AS returnDate, 
        b.status AS bookingStatus, CONCAT(f.flightDepartureDate, ' | ', f.returnDepartureDate) AS FlightDate, 
        p.packageName AS PackageName, b.bookingDate, b.pax AS TotalPax,  
        b.totalPrice AS PackagePrice, br.branchName as branchName, COALESCE(SUM(pa.amount), 0) AS TotalAmountPaid,
        CONCAT(a.lName, ', ', a.fName, ' ', IFNULL(CONCAT(SUBSTRING(a.mName, 1, 1), '.'), '')) AS agentName,
        COALESCE(SUM(r.requestCost), 0) AS TotalRequestAmount
        FROM booking b
        JOIN branch br ON b.agentCode = br.branchAgentCode
        JOIN flight f ON f.flightId = b.flightId
        JOIN package p ON p.packageId = b.packageId
        LEFT JOIN agent a ON b.accountType = 'Agent' AND b.accountId = a.accountId
        LEFT JOIN company c ON a.companyId = c.companyId
        LEFT JOIN client cl ON b.accountType = 'Client' AND b.accountId = cl.accountId
        LEFT JOIN company cc ON cl.companyId = cc.companyId
        LEFT JOIN payment pa ON pa.transactNo = b.transactNo AND pa.paymentStatus = 'Approved'
        LEFT JOIN request r ON r.transactNo = b.transactNo AND r.requestStatus = 'Confirmed'
        
        GROUP BY b.transactNo, f.flightDepartureDate, f.returnDepartureDate, b.status, 
                 p.packageName, b.bookingDate, b.pax, b.totalPrice, a.lName, a.fName, a.mName, br.branchName
        ORDER BY CAST(SUBSTRING_INDEX(b.transactNo, '-', -1) AS UNSIGNED)
[2025-08-13 05:17:21] WHERE clause: 
[2025-08-13 05:17:21] SQL Query: SELECT b.transactNo, DATE_FORMAT(f.flightDepartureDate, '%Y.%m.%d') AS departureDate, f.returnDepartureDate AS returnDate, 
        b.status AS bookingStatus, CONCAT(f.flightDepartureDate, ' | ', f.returnDepartureDate) AS FlightDate, 
        p.packageName AS PackageName, b.bookingDate, b.pax AS TotalPax,  
        b.totalPrice AS PackagePrice, br.branchName as branchName, COALESCE(SUM(pa.amount), 0) AS TotalAmountPaid,
        CONCAT(a.lName, ', ', a.fName, ' ', IFNULL(CONCAT(SUBSTRING(a.mName, 1, 1), '.'), '')) AS agentName,
        COALESCE(SUM(r.requestCost), 0) AS TotalRequestAmount
        FROM booking b
        JOIN branch br ON b.agentCode = br.branchAgentCode
        JOIN flight f ON f.flightId = b.flightId
        JOIN package p ON p.packageId = b.packageId
        LEFT JOIN agent a ON b.accountType = 'Agent' AND b.accountId = a.accountId
        LEFT JOIN company c ON a.companyId = c.companyId
        LEFT JOIN client cl ON b.accountType = 'Client' AND b.accountId = cl.accountId
        LEFT JOIN company cc ON cl.companyId = cc.companyId
        LEFT JOIN payment pa ON pa.transactNo = b.transactNo AND pa.paymentStatus = 'Approved'
        LEFT JOIN request r ON r.transactNo = b.transactNo AND r.requestStatus = 'Confirmed'
        
        GROUP BY b.transactNo, f.flightDepartureDate, f.returnDepartureDate, b.status, 
                 p.packageName, b.bookingDate, b.pax, b.totalPrice, a.lName, a.fName, a.mName, br.branchName
        ORDER BY CAST(SUBSTRING_INDEX(b.transactNo, '-', -1) AS UNSIGNED)
[2025-08-13 05:17:21] Total records fetched: 98
[2025-08-13 05:19:00] WHERE clause: 
[2025-08-13 05:19:00] SQL Query: SELECT b.transactNo, DATE_FORMAT(f.flightDepartureDate, '%Y.%m.%d') AS departureDate, f.returnDepartureDate AS returnDate, 
        b.status AS bookingStatus, CONCAT(f.flightDepartureDate, ' | ', f.returnDepartureDate) AS FlightDate, 
        p.packageName AS PackageName, b.bookingDate, b.pax AS TotalPax,  
        b.totalPrice AS PackagePrice, br.branchName as branchName, COALESCE(SUM(pa.amount), 0) AS TotalAmountPaid,
        CONCAT(a.lName, ', ', a.fName, ' ', IFNULL(CONCAT(SUBSTRING(a.mName, 1, 1), '.'), '')) AS agentName,
        COALESCE(SUM(r.requestCost), 0) AS TotalRequestAmount
        FROM booking b
        JOIN branch br ON b.agentCode = br.branchAgentCode
        JOIN flight f ON f.flightId = b.flightId
        JOIN package p ON p.packageId = b.packageId
        LEFT JOIN agent a ON b.accountType = 'Agent' AND b.accountId = a.accountId
        LEFT JOIN company c ON a.companyId = c.companyId
        LEFT JOIN client cl ON b.accountType = 'Client' AND b.accountId = cl.accountId
        LEFT JOIN company cc ON cl.companyId = cc.companyId
        LEFT JOIN payment pa ON pa.transactNo = b.transactNo AND pa.paymentStatus = 'Approved'
        LEFT JOIN request r ON r.transactNo = b.transactNo AND r.requestStatus = 'Confirmed'
        
        GROUP BY b.transactNo, f.flightDepartureDate, f.returnDepartureDate, b.status, 
                 p.packageName, b.bookingDate, b.pax, b.totalPrice, a.lName, a.fName, a.mName, br.branchName
        ORDER BY CAST(SUBSTRING_INDEX(b.transactNo, '-', -1) AS UNSIGNED)
[2025-08-13 05:19:00] WHERE clause: 
[2025-08-13 05:19:00] SQL Query: SELECT b.transactNo, DATE_FORMAT(f.flightDepartureDate, '%Y.%m.%d') AS departureDate, f.returnDepartureDate AS returnDate, 
        b.status AS bookingStatus, CONCAT(f.flightDepartureDate, ' | ', f.returnDepartureDate) AS FlightDate, 
        p.packageName AS PackageName, b.bookingDate, b.pax AS TotalPax,  
        b.totalPrice AS PackagePrice, br.branchName as branchName, COALESCE(SUM(pa.amount), 0) AS TotalAmountPaid,
        CONCAT(a.lName, ', ', a.fName, ' ', IFNULL(CONCAT(SUBSTRING(a.mName, 1, 1), '.'), '')) AS agentName,
        COALESCE(SUM(r.requestCost), 0) AS TotalRequestAmount
        FROM booking b
        JOIN branch br ON b.agentCode = br.branchAgentCode
        JOIN flight f ON f.flightId = b.flightId
        JOIN package p ON p.packageId = b.packageId
        LEFT JOIN agent a ON b.accountType = 'Agent' AND b.accountId = a.accountId
        LEFT JOIN company c ON a.companyId = c.companyId
        LEFT JOIN client cl ON b.accountType = 'Client' AND b.accountId = cl.accountId
        LEFT JOIN company cc ON cl.companyId = cc.companyId
        LEFT JOIN payment pa ON pa.transactNo = b.transactNo AND pa.paymentStatus = 'Approved'
        LEFT JOIN request r ON r.transactNo = b.transactNo AND r.requestStatus = 'Confirmed'
        
        GROUP BY b.transactNo, f.flightDepartureDate, f.returnDepartureDate, b.status, 
                 p.packageName, b.bookingDate, b.pax, b.totalPrice, a.lName, a.fName, a.mName, br.branchName
        ORDER BY CAST(SUBSTRING_INDEX(b.transactNo, '-', -1) AS UNSIGNED)
[2025-08-13 05:19:00] Total records fetched: 98
[2025-08-13 05:19:00] Total records fetched: 98
[2025-08-13 05:29:24] WHERE clause: 
[2025-08-13 05:29:24] SQL Query: SELECT b.transactNo, DATE_FORMAT(f.flightDepartureDate, '%Y.%m.%d') AS departureDate, f.returnDepartureDate AS returnDate, 
        b.status AS bookingStatus, CONCAT(f.flightDepartureDate, ' | ', f.returnDepartureDate) AS FlightDate, 
        p.packageName AS PackageName, b.bookingDate, b.pax AS TotalPax,  
        b.totalPrice AS PackagePrice, br.branchName as branchName, COALESCE(SUM(pa.amount), 0) AS TotalAmountPaid,
        CONCAT(a.lName, ', ', a.fName, ' ', IFNULL(CONCAT(SUBSTRING(a.mName, 1, 1), '.'), '')) AS agentName,
        COALESCE(SUM(r.requestCost), 0) AS TotalRequestAmount
        FROM booking b
        JOIN branch br ON b.agentCode = br.branchAgentCode
        JOIN flight f ON f.flightId = b.flightId
        JOIN package p ON p.packageId = b.packageId
        LEFT JOIN agent a ON b.accountType = 'Agent' AND b.accountId = a.accountId
        LEFT JOIN company c ON a.companyId = c.companyId
        LEFT JOIN client cl ON b.accountType = 'Client' AND b.accountId = cl.accountId
        LEFT JOIN company cc ON cl.companyId = cc.companyId
        LEFT JOIN payment pa ON pa.transactNo = b.transactNo AND pa.paymentStatus = 'Approved'
        LEFT JOIN request r ON r.transactNo = b.transactNo AND r.requestStatus = 'Confirmed'
        
        GROUP BY b.transactNo, f.flightDepartureDate, f.returnDepartureDate, b.status, 
                 p.packageName, b.bookingDate, b.pax, b.totalPrice, a.lName, a.fName, a.mName, br.branchName
        ORDER BY CAST(SUBSTRING_INDEX(b.transactNo, '-', -1) AS UNSIGNED)
[2025-08-13 05:29:24] WHERE clause: 
[2025-08-13 05:29:24] SQL Query: SELECT b.transactNo, DATE_FORMAT(f.flightDepartureDate, '%Y.%m.%d') AS departureDate, f.returnDepartureDate AS returnDate, 
        b.status AS bookingStatus, CONCAT(f.flightDepartureDate, ' | ', f.returnDepartureDate) AS FlightDate, 
        p.packageName AS PackageName, b.bookingDate, b.pax AS TotalPax,  
        b.totalPrice AS PackagePrice, br.branchName as branchName, COALESCE(SUM(pa.amount), 0) AS TotalAmountPaid,
        CONCAT(a.lName, ', ', a.fName, ' ', IFNULL(CONCAT(SUBSTRING(a.mName, 1, 1), '.'), '')) AS agentName,
        COALESCE(SUM(r.requestCost), 0) AS TotalRequestAmount
        FROM booking b
        JOIN branch br ON b.agentCode = br.branchAgentCode
        JOIN flight f ON f.flightId = b.flightId
        JOIN package p ON p.packageId = b.packageId
        LEFT JOIN agent a ON b.accountType = 'Agent' AND b.accountId = a.accountId
        LEFT JOIN company c ON a.companyId = c.companyId
        LEFT JOIN client cl ON b.accountType = 'Client' AND b.accountId = cl.accountId
        LEFT JOIN company cc ON cl.companyId = cc.companyId
        LEFT JOIN payment pa ON pa.transactNo = b.transactNo AND pa.paymentStatus = 'Approved'
        LEFT JOIN request r ON r.transactNo = b.transactNo AND r.requestStatus = 'Confirmed'
        
        GROUP BY b.transactNo, f.flightDepartureDate, f.returnDepartureDate, b.status, 
                 p.packageName, b.bookingDate, b.pax, b.totalPrice, a.lName, a.fName, a.mName, br.branchName
        ORDER BY CAST(SUBSTRING_INDEX(b.transactNo, '-', -1) AS UNSIGNED)
[2025-08-13 05:29:24] Total records fetched: 98
[2025-08-13 05:29:24] Total records fetched: 98
[2025-08-13 05:29:30] WHERE clause: 
[2025-08-13 05:29:30] SQL Query: SELECT b.transactNo, DATE_FORMAT(f.flightDepartureDate, '%Y.%m.%d') AS departureDate, f.returnDepartureDate AS returnDate, 
        b.status AS bookingStatus, CONCAT(f.flightDepartureDate, ' | ', f.returnDepartureDate) AS FlightDate, 
        p.packageName AS PackageName, b.bookingDate, b.pax AS TotalPax,  
        b.totalPrice AS PackagePrice, br.branchName as branchName, COALESCE(SUM(pa.amount), 0) AS TotalAmountPaid,
        CONCAT(a.lName, ', ', a.fName, ' ', IFNULL(CONCAT(SUBSTRING(a.mName, 1, 1), '.'), '')) AS agentName,
        COALESCE(SUM(r.requestCost), 0) AS TotalRequestAmount
        FROM booking b
        JOIN branch br ON b.agentCode = br.branchAgentCode
        JOIN flight f ON f.flightId = b.flightId
        JOIN package p ON p.packageId = b.packageId
        LEFT JOIN agent a ON b.accountType = 'Agent' AND b.accountId = a.accountId
        LEFT JOIN company c ON a.companyId = c.companyId
        LEFT JOIN client cl ON b.accountType = 'Client' AND b.accountId = cl.accountId
        LEFT JOIN company cc ON cl.companyId = cc.companyId
        LEFT JOIN payment pa ON pa.transactNo = b.transactNo AND pa.paymentStatus = 'Approved'
        LEFT JOIN request r ON r.transactNo = b.transactNo AND r.requestStatus = 'Confirmed'
        
        GROUP BY b.transactNo, f.flightDepartureDate, f.returnDepartureDate, b.status, 
                 p.packageName, b.bookingDate, b.pax, b.totalPrice, a.lName, a.fName, a.mName, br.branchName
        ORDER BY CAST(SUBSTRING_INDEX(b.transactNo, '-', -1) AS UNSIGNED)
[2025-08-13 05:29:30] Total records fetched: 98
[2025-08-13 05:29:30] WHERE clause: 
[2025-08-13 05:29:30] SQL Query: SELECT b.transactNo, DATE_FORMAT(f.flightDepartureDate, '%Y.%m.%d') AS departureDate, f.returnDepartureDate AS returnDate, 
        b.status AS bookingStatus, CONCAT(f.flightDepartureDate, ' | ', f.returnDepartureDate) AS FlightDate, 
        p.packageName AS PackageName, b.bookingDate, b.pax AS TotalPax,  
        b.totalPrice AS PackagePrice, br.branchName as branchName, COALESCE(SUM(pa.amount), 0) AS TotalAmountPaid,
        CONCAT(a.lName, ', ', a.fName, ' ', IFNULL(CONCAT(SUBSTRING(a.mName, 1, 1), '.'), '')) AS agentName,
        COALESCE(SUM(r.requestCost), 0) AS TotalRequestAmount
        FROM booking b
        JOIN branch br ON b.agentCode = br.branchAgentCode
        JOIN flight f ON f.flightId = b.flightId
        JOIN package p ON p.packageId = b.packageId
        LEFT JOIN agent a ON b.accountType = 'Agent' AND b.accountId = a.accountId
        LEFT JOIN company c ON a.companyId = c.companyId
        LEFT JOIN client cl ON b.accountType = 'Client' AND b.accountId = cl.accountId
        LEFT JOIN company cc ON cl.companyId = cc.companyId
        LEFT JOIN payment pa ON pa.transactNo = b.transactNo AND pa.paymentStatus = 'Approved'
        LEFT JOIN request r ON r.transactNo = b.transactNo AND r.requestStatus = 'Confirmed'
        
        GROUP BY b.transactNo, f.flightDepartureDate, f.returnDepartureDate, b.status, 
                 p.packageName, b.bookingDate, b.pax, b.totalPrice, a.lName, a.fName, a.mName, br.branchName
        ORDER BY CAST(SUBSTRING_INDEX(b.transactNo, '-', -1) AS UNSIGNED)
[2025-08-13 05:29:30] Total records fetched: 98
[2025-08-13 05:32:45] WHERE clause: 
[2025-08-13 05:32:45] SQL Query: SELECT b.transactNo, DATE_FORMAT(f.flightDepartureDate, '%Y.%m.%d') AS departureDate, f.returnDepartureDate AS returnDate, 
        b.status AS bookingStatus, CONCAT(f.flightDepartureDate, ' | ', f.returnDepartureDate) AS FlightDate, 
        p.packageName AS PackageName, b.bookingDate, b.pax AS TotalPax,  
        b.totalPrice AS PackagePrice, br.branchName as branchName, COALESCE(SUM(pa.amount), 0) AS TotalAmountPaid,
        CONCAT(a.lName, ', ', a.fName, ' ', IFNULL(CONCAT(SUBSTRING(a.mName, 1, 1), '.'), '')) AS agentName,
        COALESCE(SUM(r.requestCost), 0) AS TotalRequestAmount
        FROM booking b
        JOIN branch br ON b.agentCode = br.branchAgentCode
        JOIN flight f ON f.flightId = b.flightId
        JOIN package p ON p.packageId = b.packageId
        LEFT JOIN agent a ON b.accountType = 'Agent' AND b.accountId = a.accountId
        LEFT JOIN company c ON a.companyId = c.companyId
        LEFT JOIN client cl ON b.accountType = 'Client' AND b.accountId = cl.accountId
        LEFT JOIN company cc ON cl.companyId = cc.companyId
        LEFT JOIN payment pa ON pa.transactNo = b.transactNo AND pa.paymentStatus = 'Approved'
        LEFT JOIN request r ON r.transactNo = b.transactNo AND r.requestStatus = 'Confirmed'
        
        GROUP BY b.transactNo, f.flightDepartureDate, f.returnDepartureDate, b.status, 
                 p.packageName, b.bookingDate, b.pax, b.totalPrice, a.lName, a.fName, a.mName, br.branchName
        ORDER BY CAST(SUBSTRING_INDEX(b.transactNo, '-', -1) AS UNSIGNED)
[2025-08-13 05:32:45] WHERE clause: 
[2025-08-13 05:32:45] SQL Query: SELECT b.transactNo, DATE_FORMAT(f.flightDepartureDate, '%Y.%m.%d') AS departureDate, f.returnDepartureDate AS returnDate, 
        b.status AS bookingStatus, CONCAT(f.flightDepartureDate, ' | ', f.returnDepartureDate) AS FlightDate, 
        p.packageName AS PackageName, b.bookingDate, b.pax AS TotalPax,  
        b.totalPrice AS PackagePrice, br.branchName as branchName, COALESCE(SUM(pa.amount), 0) AS TotalAmountPaid,
        CONCAT(a.lName, ', ', a.fName, ' ', IFNULL(CONCAT(SUBSTRING(a.mName, 1, 1), '.'), '')) AS agentName,
        COALESCE(SUM(r.requestCost), 0) AS TotalRequestAmount
        FROM booking b
        JOIN branch br ON b.agentCode = br.branchAgentCode
        JOIN flight f ON f.flightId = b.flightId
        JOIN package p ON p.packageId = b.packageId
        LEFT JOIN agent a ON b.accountType = 'Agent' AND b.accountId = a.accountId
        LEFT JOIN company c ON a.companyId = c.companyId
        LEFT JOIN client cl ON b.accountType = 'Client' AND b.accountId = cl.accountId
        LEFT JOIN company cc ON cl.companyId = cc.companyId
        LEFT JOIN payment pa ON pa.transactNo = b.transactNo AND pa.paymentStatus = 'Approved'
        LEFT JOIN request r ON r.transactNo = b.transactNo AND r.requestStatus = 'Confirmed'
        
        GROUP BY b.transactNo, f.flightDepartureDate, f.returnDepartureDate, b.status, 
                 p.packageName, b.bookingDate, b.pax, b.totalPrice, a.lName, a.fName, a.mName, br.branchName
        ORDER BY CAST(SUBSTRING_INDEX(b.transactNo, '-', -1) AS UNSIGNED)
[2025-08-13 05:32:45] Total records fetched: 98
[2025-08-13 05:32:45] Total records fetched: 98
[2025-08-13 05:32:50] WHERE clause: 
[2025-08-13 05:32:50] WHERE clause: 
[2025-08-13 05:32:50] SQL Query: SELECT b.transactNo, DATE_FORMAT(f.flightDepartureDate, '%Y.%m.%d') AS departureDate, f.returnDepartureDate AS returnDate, 
        b.status AS bookingStatus, CONCAT(f.flightDepartureDate, ' | ', f.returnDepartureDate) AS FlightDate, 
        p.packageName AS PackageName, b.bookingDate, b.pax AS TotalPax,  
        b.totalPrice AS PackagePrice, br.branchName as branchName, COALESCE(SUM(pa.amount), 0) AS TotalAmountPaid,
        CONCAT(a.lName, ', ', a.fName, ' ', IFNULL(CONCAT(SUBSTRING(a.mName, 1, 1), '.'), '')) AS agentName,
        COALESCE(SUM(r.requestCost), 0) AS TotalRequestAmount
        FROM booking b
        JOIN branch br ON b.agentCode = br.branchAgentCode
        JOIN flight f ON f.flightId = b.flightId
        JOIN package p ON p.packageId = b.packageId
        LEFT JOIN agent a ON b.accountType = 'Agent' AND b.accountId = a.accountId
        LEFT JOIN company c ON a.companyId = c.companyId
        LEFT JOIN client cl ON b.accountType = 'Client' AND b.accountId = cl.accountId
        LEFT JOIN company cc ON cl.companyId = cc.companyId
        LEFT JOIN payment pa ON pa.transactNo = b.transactNo AND pa.paymentStatus = 'Approved'
        LEFT JOIN request r ON r.transactNo = b.transactNo AND r.requestStatus = 'Confirmed'
        
        GROUP BY b.transactNo, f.flightDepartureDate, f.returnDepartureDate, b.status, 
                 p.packageName, b.bookingDate, b.pax, b.totalPrice, a.lName, a.fName, a.mName, br.branchName
        ORDER BY CAST(SUBSTRING_INDEX(b.transactNo, '-', -1) AS UNSIGNED)
[2025-08-13 05:32:50] SQL Query: SELECT b.transactNo, DATE_FORMAT(f.flightDepartureDate, '%Y.%m.%d') AS departureDate, f.returnDepartureDate AS returnDate, 
        b.status AS bookingStatus, CONCAT(f.flightDepartureDate, ' | ', f.returnDepartureDate) AS FlightDate, 
        p.packageName AS PackageName, b.bookingDate, b.pax AS TotalPax,  
        b.totalPrice AS PackagePrice, br.branchName as branchName, COALESCE(SUM(pa.amount), 0) AS TotalAmountPaid,
        CONCAT(a.lName, ', ', a.fName, ' ', IFNULL(CONCAT(SUBSTRING(a.mName, 1, 1), '.'), '')) AS agentName,
        COALESCE(SUM(r.requestCost), 0) AS TotalRequestAmount
        FROM booking b
        JOIN branch br ON b.agentCode = br.branchAgentCode
        JOIN flight f ON f.flightId = b.flightId
        JOIN package p ON p.packageId = b.packageId
        LEFT JOIN agent a ON b.accountType = 'Agent' AND b.accountId = a.accountId
        LEFT JOIN company c ON a.companyId = c.companyId
        LEFT JOIN client cl ON b.accountType = 'Client' AND b.accountId = cl.accountId
        LEFT JOIN company cc ON cl.companyId = cc.companyId
        LEFT JOIN payment pa ON pa.transactNo = b.transactNo AND pa.paymentStatus = 'Approved'
        LEFT JOIN request r ON r.transactNo = b.transactNo AND r.requestStatus = 'Confirmed'
        
        GROUP BY b.transactNo, f.flightDepartureDate, f.returnDepartureDate, b.status, 
                 p.packageName, b.bookingDate, b.pax, b.totalPrice, a.lName, a.fName, a.mName, br.branchName
        ORDER BY CAST(SUBSTRING_INDEX(b.transactNo, '-', -1) AS UNSIGNED)
[2025-08-13 05:32:50] Total records fetched: 98
[2025-08-13 05:32:50] Total records fetched: 98
[2025-08-13 05:32:51] WHERE clause: 
[2025-08-13 05:32:51] SQL Query: SELECT b.transactNo, DATE_FORMAT(f.flightDepartureDate, '%Y.%m.%d') AS departureDate, f.returnDepartureDate AS returnDate, 
        b.status AS bookingStatus, CONCAT(f.flightDepartureDate, ' | ', f.returnDepartureDate) AS FlightDate, 
        p.packageName AS PackageName, b.bookingDate, b.pax AS TotalPax,  
        b.totalPrice AS PackagePrice, br.branchName as branchName, COALESCE(SUM(pa.amount), 0) AS TotalAmountPaid,
        CONCAT(a.lName, ', ', a.fName, ' ', IFNULL(CONCAT(SUBSTRING(a.mName, 1, 1), '.'), '')) AS agentName,
        COALESCE(SUM(r.requestCost), 0) AS TotalRequestAmount
        FROM booking b
        JOIN branch br ON b.agentCode = br.branchAgentCode
        JOIN flight f ON f.flightId = b.flightId
        JOIN package p ON p.packageId = b.packageId
        LEFT JOIN agent a ON b.accountType = 'Agent' AND b.accountId = a.accountId
        LEFT JOIN company c ON a.companyId = c.companyId
        LEFT JOIN client cl ON b.accountType = 'Client' AND b.accountId = cl.accountId
        LEFT JOIN company cc ON cl.companyId = cc.companyId
        LEFT JOIN payment pa ON pa.transactNo = b.transactNo AND pa.paymentStatus = 'Approved'
        LEFT JOIN request r ON r.transactNo = b.transactNo AND r.requestStatus = 'Confirmed'
        
        GROUP BY b.transactNo, f.flightDepartureDate, f.returnDepartureDate, b.status, 
                 p.packageName, b.bookingDate, b.pax, b.totalPrice, a.lName, a.fName, a.mName, br.branchName
        ORDER BY CAST(SUBSTRING_INDEX(b.transactNo, '-', -1) AS UNSIGNED)
[2025-08-13 05:32:51] Total records fetched: 98
[2025-08-13 05:32:51] WHERE clause: 
[2025-08-13 05:32:51] SQL Query: SELECT b.transactNo, DATE_FORMAT(f.flightDepartureDate, '%Y.%m.%d') AS departureDate, f.returnDepartureDate AS returnDate, 
        b.status AS bookingStatus, CONCAT(f.flightDepartureDate, ' | ', f.returnDepartureDate) AS FlightDate, 
        p.packageName AS PackageName, b.bookingDate, b.pax AS TotalPax,  
        b.totalPrice AS PackagePrice, br.branchName as branchName, COALESCE(SUM(pa.amount), 0) AS TotalAmountPaid,
        CONCAT(a.lName, ', ', a.fName, ' ', IFNULL(CONCAT(SUBSTRING(a.mName, 1, 1), '.'), '')) AS agentName,
        COALESCE(SUM(r.requestCost), 0) AS TotalRequestAmount
        FROM booking b
        JOIN branch br ON b.agentCode = br.branchAgentCode
        JOIN flight f ON f.flightId = b.flightId
        JOIN package p ON p.packageId = b.packageId
        LEFT JOIN agent a ON b.accountType = 'Agent' AND b.accountId = a.accountId
        LEFT JOIN company c ON a.companyId = c.companyId
        LEFT JOIN client cl ON b.accountType = 'Client' AND b.accountId = cl.accountId
        LEFT JOIN company cc ON cl.companyId = cc.companyId
        LEFT JOIN payment pa ON pa.transactNo = b.transactNo AND pa.paymentStatus = 'Approved'
        LEFT JOIN request r ON r.transactNo = b.transactNo AND r.requestStatus = 'Confirmed'
        
        GROUP BY b.transactNo, f.flightDepartureDate, f.returnDepartureDate, b.status, 
                 p.packageName, b.bookingDate, b.pax, b.totalPrice, a.lName, a.fName, a.mName, br.branchName
        ORDER BY CAST(SUBSTRING_INDEX(b.transactNo, '-', -1) AS UNSIGNED)
[2025-08-13 05:32:51] Total records fetched: 98
[2025-08-13 05:32:52] WHERE clause: 
[2025-08-13 05:32:52] SQL Query: SELECT b.transactNo, DATE_FORMAT(f.flightDepartureDate, '%Y.%m.%d') AS departureDate, f.returnDepartureDate AS returnDate, 
        b.status AS bookingStatus, CONCAT(f.flightDepartureDate, ' | ', f.returnDepartureDate) AS FlightDate, 
        p.packageName AS PackageName, b.bookingDate, b.pax AS TotalPax,  
        b.totalPrice AS PackagePrice, br.branchName as branchName, COALESCE(SUM(pa.amount), 0) AS TotalAmountPaid,
        CONCAT(a.lName, ', ', a.fName, ' ', IFNULL(CONCAT(SUBSTRING(a.mName, 1, 1), '.'), '')) AS agentName,
        COALESCE(SUM(r.requestCost), 0) AS TotalRequestAmount
        FROM booking b
        JOIN branch br ON b.agentCode = br.branchAgentCode
        JOIN flight f ON f.flightId = b.flightId
        JOIN package p ON p.packageId = b.packageId
        LEFT JOIN agent a ON b.accountType = 'Agent' AND b.accountId = a.accountId
        LEFT JOIN company c ON a.companyId = c.companyId
        LEFT JOIN client cl ON b.accountType = 'Client' AND b.accountId = cl.accountId
        LEFT JOIN company cc ON cl.companyId = cc.companyId
        LEFT JOIN payment pa ON pa.transactNo = b.transactNo AND pa.paymentStatus = 'Approved'
        LEFT JOIN request r ON r.transactNo = b.transactNo AND r.requestStatus = 'Confirmed'
        
        GROUP BY b.transactNo, f.flightDepartureDate, f.returnDepartureDate, b.status, 
                 p.packageName, b.bookingDate, b.pax, b.totalPrice, a.lName, a.fName, a.mName, br.branchName
        ORDER BY CAST(SUBSTRING_INDEX(b.transactNo, '-', -1) AS UNSIGNED)
[2025-08-13 05:32:52] WHERE clause: 
[2025-08-13 05:32:52] SQL Query: SELECT b.transactNo, DATE_FORMAT(f.flightDepartureDate, '%Y.%m.%d') AS departureDate, f.returnDepartureDate AS returnDate, 
        b.status AS bookingStatus, CONCAT(f.flightDepartureDate, ' | ', f.returnDepartureDate) AS FlightDate, 
        p.packageName AS PackageName, b.bookingDate, b.pax AS TotalPax,  
        b.totalPrice AS PackagePrice, br.branchName as branchName, COALESCE(SUM(pa.amount), 0) AS TotalAmountPaid,
        CONCAT(a.lName, ', ', a.fName, ' ', IFNULL(CONCAT(SUBSTRING(a.mName, 1, 1), '.'), '')) AS agentName,
        COALESCE(SUM(r.requestCost), 0) AS TotalRequestAmount
        FROM booking b
        JOIN branch br ON b.agentCode = br.branchAgentCode
        JOIN flight f ON f.flightId = b.flightId
        JOIN package p ON p.packageId = b.packageId
        LEFT JOIN agent a ON b.accountType = 'Agent' AND b.accountId = a.accountId
        LEFT JOIN company c ON a.companyId = c.companyId
        LEFT JOIN client cl ON b.accountType = 'Client' AND b.accountId = cl.accountId
        LEFT JOIN company cc ON cl.companyId = cc.companyId
        LEFT JOIN payment pa ON pa.transactNo = b.transactNo AND pa.paymentStatus = 'Approved'
        LEFT JOIN request r ON r.transactNo = b.transactNo AND r.requestStatus = 'Confirmed'
        
        GROUP BY b.transactNo, f.flightDepartureDate, f.returnDepartureDate, b.status, 
                 p.packageName, b.bookingDate, b.pax, b.totalPrice, a.lName, a.fName, a.mName, br.branchName
        ORDER BY CAST(SUBSTRING_INDEX(b.transactNo, '-', -1) AS UNSIGNED)
[2025-08-13 05:32:52] Total records fetched: 98
[2025-08-13 05:32:52] Total records fetched: 98
[2025-08-13 05:32:52] WHERE clause: 
[2025-08-13 05:32:52] WHERE clause: 
[2025-08-13 05:32:52] SQL Query: SELECT b.transactNo, DATE_FORMAT(f.flightDepartureDate, '%Y.%m.%d') AS departureDate, f.returnDepartureDate AS returnDate, 
        b.status AS bookingStatus, CONCAT(f.flightDepartureDate, ' | ', f.returnDepartureDate) AS FlightDate, 
        p.packageName AS PackageName, b.bookingDate, b.pax AS TotalPax,  
        b.totalPrice AS PackagePrice, br.branchName as branchName, COALESCE(SUM(pa.amount), 0) AS TotalAmountPaid,
        CONCAT(a.lName, ', ', a.fName, ' ', IFNULL(CONCAT(SUBSTRING(a.mName, 1, 1), '.'), '')) AS agentName,
        COALESCE(SUM(r.requestCost), 0) AS TotalRequestAmount
        FROM booking b
        JOIN branch br ON b.agentCode = br.branchAgentCode
        JOIN flight f ON f.flightId = b.flightId
        JOIN package p ON p.packageId = b.packageId
        LEFT JOIN agent a ON b.accountType = 'Agent' AND b.accountId = a.accountId
        LEFT JOIN company c ON a.companyId = c.companyId
        LEFT JOIN client cl ON b.accountType = 'Client' AND b.accountId = cl.accountId
        LEFT JOIN company cc ON cl.companyId = cc.companyId
        LEFT JOIN payment pa ON pa.transactNo = b.transactNo AND pa.paymentStatus = 'Approved'
        LEFT JOIN request r ON r.transactNo = b.transactNo AND r.requestStatus = 'Confirmed'
        
        GROUP BY b.transactNo, f.flightDepartureDate, f.returnDepartureDate, b.status, 
                 p.packageName, b.bookingDate, b.pax, b.totalPrice, a.lName, a.fName, a.mName, br.branchName
        ORDER BY CAST(SUBSTRING_INDEX(b.transactNo, '-', -1) AS UNSIGNED)
[2025-08-13 05:32:52] SQL Query: SELECT b.transactNo, DATE_FORMAT(f.flightDepartureDate, '%Y.%m.%d') AS departureDate, f.returnDepartureDate AS returnDate, 
        b.status AS bookingStatus, CONCAT(f.flightDepartureDate, ' | ', f.returnDepartureDate) AS FlightDate, 
        p.packageName AS PackageName, b.bookingDate, b.pax AS TotalPax,  
        b.totalPrice AS PackagePrice, br.branchName as branchName, COALESCE(SUM(pa.amount), 0) AS TotalAmountPaid,
        CONCAT(a.lName, ', ', a.fName, ' ', IFNULL(CONCAT(SUBSTRING(a.mName, 1, 1), '.'), '')) AS agentName,
        COALESCE(SUM(r.requestCost), 0) AS TotalRequestAmount
        FROM booking b
        JOIN branch br ON b.agentCode = br.branchAgentCode
        JOIN flight f ON f.flightId = b.flightId
        JOIN package p ON p.packageId = b.packageId
        LEFT JOIN agent a ON b.accountType = 'Agent' AND b.accountId = a.accountId
        LEFT JOIN company c ON a.companyId = c.companyId
        LEFT JOIN client cl ON b.accountType = 'Client' AND b.accountId = cl.accountId
        LEFT JOIN company cc ON cl.companyId = cc.companyId
        LEFT JOIN payment pa ON pa.transactNo = b.transactNo AND pa.paymentStatus = 'Approved'
        LEFT JOIN request r ON r.transactNo = b.transactNo AND r.requestStatus = 'Confirmed'
        
        GROUP BY b.transactNo, f.flightDepartureDate, f.returnDepartureDate, b.status, 
                 p.packageName, b.bookingDate, b.pax, b.totalPrice, a.lName, a.fName, a.mName, br.branchName
        ORDER BY CAST(SUBSTRING_INDEX(b.transactNo, '-', -1) AS UNSIGNED)
[2025-08-13 05:32:52] Total records fetched: 98
[2025-08-13 05:34:27] WHERE clause: 
[2025-08-13 05:34:27] SQL Query: SELECT b.transactNo, DATE_FORMAT(f.flightDepartureDate, '%Y.%m.%d') AS departureDate, f.returnDepartureDate AS returnDate, 
        b.status AS bookingStatus, CONCAT(f.flightDepartureDate, ' | ', f.returnDepartureDate) AS FlightDate, 
        p.packageName AS PackageName, b.bookingDate, b.pax AS TotalPax,  
        b.totalPrice AS PackagePrice, br.branchName as branchName, COALESCE(SUM(pa.amount), 0) AS TotalAmountPaid,
        CONCAT(a.lName, ', ', a.fName, ' ', IFNULL(CONCAT(SUBSTRING(a.mName, 1, 1), '.'), '')) AS agentName,
        COALESCE(SUM(r.requestCost), 0) AS TotalRequestAmount
        FROM booking b
        JOIN branch br ON b.agentCode = br.branchAgentCode
        JOIN flight f ON f.flightId = b.flightId
        JOIN package p ON p.packageId = b.packageId
        LEFT JOIN agent a ON b.accountType = 'Agent' AND b.accountId = a.accountId
        LEFT JOIN company c ON a.companyId = c.companyId
        LEFT JOIN client cl ON b.accountType = 'Client' AND b.accountId = cl.accountId
        LEFT JOIN company cc ON cl.companyId = cc.companyId
        LEFT JOIN payment pa ON pa.transactNo = b.transactNo AND pa.paymentStatus = 'Approved'
        LEFT JOIN request r ON r.transactNo = b.transactNo AND r.requestStatus = 'Confirmed'
        
        GROUP BY b.transactNo, f.flightDepartureDate, f.returnDepartureDate, b.status, 
                 p.packageName, b.bookingDate, b.pax, b.totalPrice, a.lName, a.fName, a.mName, br.branchName
        ORDER BY CAST(SUBSTRING_INDEX(b.transactNo, '-', -1) AS UNSIGNED)
[2025-08-13 05:34:27] Total records fetched: 98
[2025-08-13 05:34:27] WHERE clause: 
[2025-08-13 05:34:27] SQL Query: SELECT b.transactNo, DATE_FORMAT(f.flightDepartureDate, '%Y.%m.%d') AS departureDate, f.returnDepartureDate AS returnDate, 
        b.status AS bookingStatus, CONCAT(f.flightDepartureDate, ' | ', f.returnDepartureDate) AS FlightDate, 
        p.packageName AS PackageName, b.bookingDate, b.pax AS TotalPax,  
        b.totalPrice AS PackagePrice, br.branchName as branchName, COALESCE(SUM(pa.amount), 0) AS TotalAmountPaid,
        CONCAT(a.lName, ', ', a.fName, ' ', IFNULL(CONCAT(SUBSTRING(a.mName, 1, 1), '.'), '')) AS agentName,
        COALESCE(SUM(r.requestCost), 0) AS TotalRequestAmount
        FROM booking b
        JOIN branch br ON b.agentCode = br.branchAgentCode
        JOIN flight f ON f.flightId = b.flightId
        JOIN package p ON p.packageId = b.packageId
        LEFT JOIN agent a ON b.accountType = 'Agent' AND b.accountId = a.accountId
        LEFT JOIN company c ON a.companyId = c.companyId
        LEFT JOIN client cl ON b.accountType = 'Client' AND b.accountId = cl.accountId
        LEFT JOIN company cc ON cl.companyId = cc.companyId
        LEFT JOIN payment pa ON pa.transactNo = b.transactNo AND pa.paymentStatus = 'Approved'
        LEFT JOIN request r ON r.transactNo = b.transactNo AND r.requestStatus = 'Confirmed'
        
        GROUP BY b.transactNo, f.flightDepartureDate, f.returnDepartureDate, b.status, 
                 p.packageName, b.bookingDate, b.pax, b.totalPrice, a.lName, a.fName, a.mName, br.branchName
        ORDER BY CAST(SUBSTRING_INDEX(b.transactNo, '-', -1) AS UNSIGNED)
[2025-08-13 05:34:27] Total records fetched: 98
[2025-08-13 05:35:39] WHERE clause: 
[2025-08-13 05:35:39] SQL Query: SELECT b.transactNo, DATE_FORMAT(f.flightDepartureDate, '%Y.%m.%d') AS departureDate, f.returnDepartureDate AS returnDate, 
        b.status AS bookingStatus, CONCAT(f.flightDepartureDate, ' | ', f.returnDepartureDate) AS FlightDate, 
        p.packageName AS PackageName, b.bookingDate, b.pax AS TotalPax,  
        b.totalPrice AS PackagePrice, br.branchName as branchName, COALESCE(SUM(pa.amount), 0) AS TotalAmountPaid,
        CONCAT(a.lName, ', ', a.fName, ' ', IFNULL(CONCAT(SUBSTRING(a.mName, 1, 1), '.'), '')) AS agentName,
        COALESCE(SUM(r.requestCost), 0) AS TotalRequestAmount
        FROM booking b
        JOIN branch br ON b.agentCode = br.branchAgentCode
        JOIN flight f ON f.flightId = b.flightId
        JOIN package p ON p.packageId = b.packageId
        LEFT JOIN agent a ON b.accountType = 'Agent' AND b.accountId = a.accountId
        LEFT JOIN company c ON a.companyId = c.companyId
        LEFT JOIN client cl ON b.accountType = 'Client' AND b.accountId = cl.accountId
        LEFT JOIN company cc ON cl.companyId = cc.companyId
        LEFT JOIN payment pa ON pa.transactNo = b.transactNo AND pa.paymentStatus = 'Approved'
        LEFT JOIN request r ON r.transactNo = b.transactNo AND r.requestStatus = 'Confirmed'
        
        GROUP BY b.transactNo, f.flightDepartureDate, f.returnDepartureDate, b.status, 
                 p.packageName, b.bookingDate, b.pax, b.totalPrice, a.lName, a.fName, a.mName, br.branchName
        ORDER BY CAST(SUBSTRING_INDEX(b.transactNo, '-', -1) AS UNSIGNED)
[2025-08-13 05:35:39] WHERE clause: 
[2025-08-13 05:35:39] SQL Query: SELECT b.transactNo, DATE_FORMAT(f.flightDepartureDate, '%Y.%m.%d') AS departureDate, f.returnDepartureDate AS returnDate, 
        b.status AS bookingStatus, CONCAT(f.flightDepartureDate, ' | ', f.returnDepartureDate) AS FlightDate, 
        p.packageName AS PackageName, b.bookingDate, b.pax AS TotalPax,  
        b.totalPrice AS PackagePrice, br.branchName as branchName, COALESCE(SUM(pa.amount), 0) AS TotalAmountPaid,
        CONCAT(a.lName, ', ', a.fName, ' ', IFNULL(CONCAT(SUBSTRING(a.mName, 1, 1), '.'), '')) AS agentName,
        COALESCE(SUM(r.requestCost), 0) AS TotalRequestAmount
        FROM booking b
        JOIN branch br ON b.agentCode = br.branchAgentCode
        JOIN flight f ON f.flightId = b.flightId
        JOIN package p ON p.packageId = b.packageId
        LEFT JOIN agent a ON b.accountType = 'Agent' AND b.accountId = a.accountId
        LEFT JOIN company c ON a.companyId = c.companyId
        LEFT JOIN client cl ON b.accountType = 'Client' AND b.accountId = cl.accountId
        LEFT JOIN company cc ON cl.companyId = cc.companyId
        LEFT JOIN payment pa ON pa.transactNo = b.transactNo AND pa.paymentStatus = 'Approved'
        LEFT JOIN request r ON r.transactNo = b.transactNo AND r.requestStatus = 'Confirmed'
        
        GROUP BY b.transactNo, f.flightDepartureDate, f.returnDepartureDate, b.status, 
                 p.packageName, b.bookingDate, b.pax, b.totalPrice, a.lName, a.fName, a.mName, br.branchName
        ORDER BY CAST(SUBSTRING_INDEX(b.transactNo, '-', -1) AS UNSIGNED)
[2025-08-13 05:35:39] Total records fetched: 98
[2025-08-13 05:35:39] Total records fetched: 98
[2025-08-13 05:37:01] WHERE clause: 
[2025-08-13 05:37:01] SQL Query: SELECT b.transactNo, DATE_FORMAT(f.flightDepartureDate, '%Y.%m.%d') AS departureDate, f.returnDepartureDate AS returnDate, 
        b.status AS bookingStatus, CONCAT(f.flightDepartureDate, ' | ', f.returnDepartureDate) AS FlightDate, 
        p.packageName AS PackageName, b.bookingDate, b.pax AS TotalPax,  
        b.totalPrice AS PackagePrice, br.branchName as branchName, COALESCE(SUM(pa.amount), 0) AS TotalAmountPaid,
        CONCAT(a.lName, ', ', a.fName, ' ', IFNULL(CONCAT(SUBSTRING(a.mName, 1, 1), '.'), '')) AS agentName,
        COALESCE(SUM(r.requestCost), 0) AS TotalRequestAmount
        FROM booking b
        JOIN branch br ON b.agentCode = br.branchAgentCode
        JOIN flight f ON f.flightId = b.flightId
        JOIN package p ON p.packageId = b.packageId
        LEFT JOIN agent a ON b.accountType = 'Agent' AND b.accountId = a.accountId
        LEFT JOIN company c ON a.companyId = c.companyId
        LEFT JOIN client cl ON b.accountType = 'Client' AND b.accountId = cl.accountId
        LEFT JOIN company cc ON cl.companyId = cc.companyId
        LEFT JOIN payment pa ON pa.transactNo = b.transactNo AND pa.paymentStatus = 'Approved'
        LEFT JOIN request r ON r.transactNo = b.transactNo AND r.requestStatus = 'Confirmed'
        
        GROUP BY b.transactNo, f.flightDepartureDate, f.returnDepartureDate, b.status, 
                 p.packageName, b.bookingDate, b.pax, b.totalPrice, a.lName, a.fName, a.mName, br.branchName
        ORDER BY CAST(SUBSTRING_INDEX(b.transactNo, '-', -1) AS UNSIGNED)
[2025-08-13 05:37:01] WHERE clause: 
[2025-08-13 05:37:01] SQL Query: SELECT b.transactNo, DATE_FORMAT(f.flightDepartureDate, '%Y.%m.%d') AS departureDate, f.returnDepartureDate AS returnDate, 
        b.status AS bookingStatus, CONCAT(f.flightDepartureDate, ' | ', f.returnDepartureDate) AS FlightDate, 
        p.packageName AS PackageName, b.bookingDate, b.pax AS TotalPax,  
        b.totalPrice AS PackagePrice, br.branchName as branchName, COALESCE(SUM(pa.amount), 0) AS TotalAmountPaid,
        CONCAT(a.lName, ', ', a.fName, ' ', IFNULL(CONCAT(SUBSTRING(a.mName, 1, 1), '.'), '')) AS agentName,
        COALESCE(SUM(r.requestCost), 0) AS TotalRequestAmount
        FROM booking b
        JOIN branch br ON b.agentCode = br.branchAgentCode
        JOIN flight f ON f.flightId = b.flightId
        JOIN package p ON p.packageId = b.packageId
        LEFT JOIN agent a ON b.accountType = 'Agent' AND b.accountId = a.accountId
        LEFT JOIN company c ON a.companyId = c.companyId
        LEFT JOIN client cl ON b.accountType = 'Client' AND b.accountId = cl.accountId
        LEFT JOIN company cc ON cl.companyId = cc.companyId
        LEFT JOIN payment pa ON pa.transactNo = b.transactNo AND pa.paymentStatus = 'Approved'
        LEFT JOIN request r ON r.transactNo = b.transactNo AND r.requestStatus = 'Confirmed'
        
        GROUP BY b.transactNo, f.flightDepartureDate, f.returnDepartureDate, b.status, 
                 p.packageName, b.bookingDate, b.pax, b.totalPrice, a.lName, a.fName, a.mName, br.branchName
        ORDER BY CAST(SUBSTRING_INDEX(b.transactNo, '-', -1) AS UNSIGNED)
[2025-08-13 05:37:01] Total records fetched: 98
[2025-08-13 05:37:01] Total records fetched: 98
[2025-08-13 05:38:07] WHERE clause: 
[2025-08-13 05:38:07] SQL Query: SELECT b.transactNo, DATE_FORMAT(f.flightDepartureDate, '%Y.%m.%d') AS departureDate, f.returnDepartureDate AS returnDate, 
        b.status AS bookingStatus, CONCAT(f.flightDepartureDate, ' | ', f.returnDepartureDate) AS FlightDate, 
        p.packageName AS PackageName, b.bookingDate, b.pax AS TotalPax,  
        b.totalPrice AS PackagePrice, br.branchName as branchName, COALESCE(SUM(pa.amount), 0) AS TotalAmountPaid,
        CONCAT(a.lName, ', ', a.fName, ' ', IFNULL(CONCAT(SUBSTRING(a.mName, 1, 1), '.'), '')) AS agentName,
        COALESCE(SUM(r.requestCost), 0) AS TotalRequestAmount
        FROM booking b
        JOIN branch br ON b.agentCode = br.branchAgentCode
        JOIN flight f ON f.flightId = b.flightId
        JOIN package p ON p.packageId = b.packageId
        LEFT JOIN agent a ON b.accountType = 'Agent' AND b.accountId = a.accountId
        LEFT JOIN company c ON a.companyId = c.companyId
        LEFT JOIN client cl ON b.accountType = 'Client' AND b.accountId = cl.accountId
        LEFT JOIN company cc ON cl.companyId = cc.companyId
        LEFT JOIN payment pa ON pa.transactNo = b.transactNo AND pa.paymentStatus = 'Approved'
        LEFT JOIN request r ON r.transactNo = b.transactNo AND r.requestStatus = 'Confirmed'
        
        GROUP BY b.transactNo, f.flightDepartureDate, f.returnDepartureDate, b.status, 
                 p.packageName, b.bookingDate, b.pax, b.totalPrice, a.lName, a.fName, a.mName, br.branchName
        ORDER BY CAST(SUBSTRING_INDEX(b.transactNo, '-', -1) AS UNSIGNED)
[2025-08-13 05:38:07] Total records fetched: 98
[2025-08-13 05:38:07] WHERE clause: 
[2025-08-13 05:38:07] SQL Query: SELECT b.transactNo, DATE_FORMAT(f.flightDepartureDate, '%Y.%m.%d') AS departureDate, f.returnDepartureDate AS returnDate, 
        b.status AS bookingStatus, CONCAT(f.flightDepartureDate, ' | ', f.returnDepartureDate) AS FlightDate, 
        p.packageName AS PackageName, b.bookingDate, b.pax AS TotalPax,  
        b.totalPrice AS PackagePrice, br.branchName as branchName, COALESCE(SUM(pa.amount), 0) AS TotalAmountPaid,
        CONCAT(a.lName, ', ', a.fName, ' ', IFNULL(CONCAT(SUBSTRING(a.mName, 1, 1), '.'), '')) AS agentName,
        COALESCE(SUM(r.requestCost), 0) AS TotalRequestAmount
        FROM booking b
        JOIN branch br ON b.agentCode = br.branchAgentCode
        JOIN flight f ON f.flightId = b.flightId
        JOIN package p ON p.packageId = b.packageId
        LEFT JOIN agent a ON b.accountType = 'Agent' AND b.accountId = a.accountId
        LEFT JOIN company c ON a.companyId = c.companyId
        LEFT JOIN client cl ON b.accountType = 'Client' AND b.accountId = cl.accountId
        LEFT JOIN company cc ON cl.companyId = cc.companyId
        LEFT JOIN payment pa ON pa.transactNo = b.transactNo AND pa.paymentStatus = 'Approved'
        LEFT JOIN request r ON r.transactNo = b.transactNo AND r.requestStatus = 'Confirmed'
        
        GROUP BY b.transactNo, f.flightDepartureDate, f.returnDepartureDate, b.status, 
                 p.packageName, b.bookingDate, b.pax, b.totalPrice, a.lName, a.fName, a.mName, br.branchName
        ORDER BY CAST(SUBSTRING_INDEX(b.transactNo, '-', -1) AS UNSIGNED)
[2025-08-13 05:38:07] Total records fetched: 98
[2025-08-13 05:39:52] WHERE clause: 
[2025-08-13 05:39:52] SQL Query: SELECT b.transactNo, DATE_FORMAT(f.flightDepartureDate, '%Y.%m.%d') AS departureDate, f.returnDepartureDate AS returnDate, 
        b.status AS bookingStatus, CONCAT(f.flightDepartureDate, ' | ', f.returnDepartureDate) AS FlightDate, 
        p.packageName AS PackageName, b.bookingDate, b.pax AS TotalPax,  
        b.totalPrice AS PackagePrice, br.branchName as branchName, COALESCE(SUM(pa.amount), 0) AS TotalAmountPaid,
        CONCAT(a.lName, ', ', a.fName, ' ', IFNULL(CONCAT(SUBSTRING(a.mName, 1, 1), '.'), '')) AS agentName,
        COALESCE(SUM(r.requestCost), 0) AS TotalRequestAmount
        FROM booking b
        JOIN branch br ON b.agentCode = br.branchAgentCode
        JOIN flight f ON f.flightId = b.flightId
        JOIN package p ON p.packageId = b.packageId
        LEFT JOIN agent a ON b.accountType = 'Agent' AND b.accountId = a.accountId
        LEFT JOIN company c ON a.companyId = c.companyId
        LEFT JOIN client cl ON b.accountType = 'Client' AND b.accountId = cl.accountId
        LEFT JOIN company cc ON cl.companyId = cc.companyId
        LEFT JOIN payment pa ON pa.transactNo = b.transactNo AND pa.paymentStatus = 'Approved'
        LEFT JOIN request r ON r.transactNo = b.transactNo AND r.requestStatus = 'Confirmed'
        
        GROUP BY b.transactNo, f.flightDepartureDate, f.returnDepartureDate, b.status, 
                 p.packageName, b.bookingDate, b.pax, b.totalPrice, a.lName, a.fName, a.mName, br.branchName
        ORDER BY CAST(SUBSTRING_INDEX(b.transactNo, '-', -1) AS UNSIGNED)
[2025-08-13 05:39:52] Total records fetched: 98
[2025-08-13 05:39:52] WHERE clause: 
[2025-08-13 05:39:52] SQL Query: SELECT b.transactNo, DATE_FORMAT(f.flightDepartureDate, '%Y.%m.%d') AS departureDate, f.returnDepartureDate AS returnDate, 
        b.status AS bookingStatus, CONCAT(f.flightDepartureDate, ' | ', f.returnDepartureDate) AS FlightDate, 
        p.packageName AS PackageName, b.bookingDate, b.pax AS TotalPax,  
        b.totalPrice AS PackagePrice, br.branchName as branchName, COALESCE(SUM(pa.amount), 0) AS TotalAmountPaid,
        CONCAT(a.lName, ', ', a.fName, ' ', IFNULL(CONCAT(SUBSTRING(a.mName, 1, 1), '.'), '')) AS agentName,
        COALESCE(SUM(r.requestCost), 0) AS TotalRequestAmount
        FROM booking b
        JOIN branch br ON b.agentCode = br.branchAgentCode
        JOIN flight f ON f.flightId = b.flightId
        JOIN package p ON p.packageId = b.packageId
        LEFT JOIN agent a ON b.accountType = 'Agent' AND b.accountId = a.accountId
        LEFT JOIN company c ON a.companyId = c.companyId
        LEFT JOIN client cl ON b.accountType = 'Client' AND b.accountId = cl.accountId
        LEFT JOIN company cc ON cl.companyId = cc.companyId
        LEFT JOIN payment pa ON pa.transactNo = b.transactNo AND pa.paymentStatus = 'Approved'
        LEFT JOIN request r ON r.transactNo = b.transactNo AND r.requestStatus = 'Confirmed'
        
        GROUP BY b.transactNo, f.flightDepartureDate, f.returnDepartureDate, b.status, 
                 p.packageName, b.bookingDate, b.pax, b.totalPrice, a.lName, a.fName, a.mName, br.branchName
        ORDER BY CAST(SUBSTRING_INDEX(b.transactNo, '-', -1) AS UNSIGNED)
[2025-08-13 05:39:52] Total records fetched: 98
[2025-08-13 05:41:32] WHERE clause: 
[2025-08-13 05:41:32] SQL Query: SELECT b.transactNo, DATE_FORMAT(f.flightDepartureDate, '%Y.%m.%d') AS departureDate, f.returnDepartureDate AS returnDate, 
        b.status AS bookingStatus, CONCAT(f.flightDepartureDate, ' | ', f.returnDepartureDate) AS FlightDate, 
        p.packageName AS PackageName, b.bookingDate, b.pax AS TotalPax,  
        b.totalPrice AS PackagePrice, br.branchName as branchName, COALESCE(SUM(pa.amount), 0) AS TotalAmountPaid,
        CONCAT(a.lName, ', ', a.fName, ' ', IFNULL(CONCAT(SUBSTRING(a.mName, 1, 1), '.'), '')) AS agentName,
        COALESCE(SUM(r.requestCost), 0) AS TotalRequestAmount
        FROM booking b
        JOIN branch br ON b.agentCode = br.branchAgentCode
        JOIN flight f ON f.flightId = b.flightId
        JOIN package p ON p.packageId = b.packageId
        LEFT JOIN agent a ON b.accountType = 'Agent' AND b.accountId = a.accountId
        LEFT JOIN company c ON a.companyId = c.companyId
        LEFT JOIN client cl ON b.accountType = 'Client' AND b.accountId = cl.accountId
        LEFT JOIN company cc ON cl.companyId = cc.companyId
        LEFT JOIN payment pa ON pa.transactNo = b.transactNo AND pa.paymentStatus = 'Approved'
        LEFT JOIN request r ON r.transactNo = b.transactNo AND r.requestStatus = 'Confirmed'
        
        GROUP BY b.transactNo, f.flightDepartureDate, f.returnDepartureDate, b.status, 
                 p.packageName, b.bookingDate, b.pax, b.totalPrice, a.lName, a.fName, a.mName, br.branchName
        ORDER BY CAST(SUBSTRING_INDEX(b.transactNo, '-', -1) AS UNSIGNED)
[2025-08-13 05:41:32] Total records fetched: 98
[2025-08-13 05:41:32] WHERE clause: 
[2025-08-13 05:41:32] SQL Query: SELECT b.transactNo, DATE_FORMAT(f.flightDepartureDate, '%Y.%m.%d') AS departureDate, f.returnDepartureDate AS returnDate, 
        b.status AS bookingStatus, CONCAT(f.flightDepartureDate, ' | ', f.returnDepartureDate) AS FlightDate, 
        p.packageName AS PackageName, b.bookingDate, b.pax AS TotalPax,  
        b.totalPrice AS PackagePrice, br.branchName as branchName, COALESCE(SUM(pa.amount), 0) AS TotalAmountPaid,
        CONCAT(a.lName, ', ', a.fName, ' ', IFNULL(CONCAT(SUBSTRING(a.mName, 1, 1), '.'), '')) AS agentName,
        COALESCE(SUM(r.requestCost), 0) AS TotalRequestAmount
        FROM booking b
        JOIN branch br ON b.agentCode = br.branchAgentCode
        JOIN flight f ON f.flightId = b.flightId
        JOIN package p ON p.packageId = b.packageId
        LEFT JOIN agent a ON b.accountType = 'Agent' AND b.accountId = a.accountId
        LEFT JOIN company c ON a.companyId = c.companyId
        LEFT JOIN client cl ON b.accountType = 'Client' AND b.accountId = cl.accountId
        LEFT JOIN company cc ON cl.companyId = cc.companyId
        LEFT JOIN payment pa ON pa.transactNo = b.transactNo AND pa.paymentStatus = 'Approved'
        LEFT JOIN request r ON r.transactNo = b.transactNo AND r.requestStatus = 'Confirmed'
        
        GROUP BY b.transactNo, f.flightDepartureDate, f.returnDepartureDate, b.status, 
                 p.packageName, b.bookingDate, b.pax, b.totalPrice, a.lName, a.fName, a.mName, br.branchName
        ORDER BY CAST(SUBSTRING_INDEX(b.transactNo, '-', -1) AS UNSIGNED)
[2025-08-13 05:41:33] Total records fetched: 98
[2025-08-13 05:41:35] WHERE clause: 
[2025-08-13 05:41:35] SQL Query: SELECT b.transactNo, DATE_FORMAT(f.flightDepartureDate, '%Y.%m.%d') AS departureDate, f.returnDepartureDate AS returnDate, 
        b.status AS bookingStatus, CONCAT(f.flightDepartureDate, ' | ', f.returnDepartureDate) AS FlightDate, 
        p.packageName AS PackageName, b.bookingDate, b.pax AS TotalPax,  
        b.totalPrice AS PackagePrice, br.branchName as branchName, COALESCE(SUM(pa.amount), 0) AS TotalAmountPaid,
        CONCAT(a.lName, ', ', a.fName, ' ', IFNULL(CONCAT(SUBSTRING(a.mName, 1, 1), '.'), '')) AS agentName,
        COALESCE(SUM(r.requestCost), 0) AS TotalRequestAmount
        FROM booking b
        JOIN branch br ON b.agentCode = br.branchAgentCode
        JOIN flight f ON f.flightId = b.flightId
        JOIN package p ON p.packageId = b.packageId
        LEFT JOIN agent a ON b.accountType = 'Agent' AND b.accountId = a.accountId
        LEFT JOIN company c ON a.companyId = c.companyId
        LEFT JOIN client cl ON b.accountType = 'Client' AND b.accountId = cl.accountId
        LEFT JOIN company cc ON cl.companyId = cc.companyId
        LEFT JOIN payment pa ON pa.transactNo = b.transactNo AND pa.paymentStatus = 'Approved'
        LEFT JOIN request r ON r.transactNo = b.transactNo AND r.requestStatus = 'Confirmed'
        
        GROUP BY b.transactNo, f.flightDepartureDate, f.returnDepartureDate, b.status, 
                 p.packageName, b.bookingDate, b.pax, b.totalPrice, a.lName, a.fName, a.mName, br.branchName
        ORDER BY CAST(SUBSTRING_INDEX(b.transactNo, '-', -1) AS UNSIGNED)
[2025-08-13 05:41:35] WHERE clause: 
[2025-08-13 05:41:35] SQL Query: SELECT b.transactNo, DATE_FORMAT(f.flightDepartureDate, '%Y.%m.%d') AS departureDate, f.returnDepartureDate AS returnDate, 
        b.status AS bookingStatus, CONCAT(f.flightDepartureDate, ' | ', f.returnDepartureDate) AS FlightDate, 
        p.packageName AS PackageName, b.bookingDate, b.pax AS TotalPax,  
        b.totalPrice AS PackagePrice, br.branchName as branchName, COALESCE(SUM(pa.amount), 0) AS TotalAmountPaid,
        CONCAT(a.lName, ', ', a.fName, ' ', IFNULL(CONCAT(SUBSTRING(a.mName, 1, 1), '.'), '')) AS agentName,
        COALESCE(SUM(r.requestCost), 0) AS TotalRequestAmount
        FROM booking b
        JOIN branch br ON b.agentCode = br.branchAgentCode
        JOIN flight f ON f.flightId = b.flightId
        JOIN package p ON p.packageId = b.packageId
        LEFT JOIN agent a ON b.accountType = 'Agent' AND b.accountId = a.accountId
        LEFT JOIN company c ON a.companyId = c.companyId
        LEFT JOIN client cl ON b.accountType = 'Client' AND b.accountId = cl.accountId
        LEFT JOIN company cc ON cl.companyId = cc.companyId
        LEFT JOIN payment pa ON pa.transactNo = b.transactNo AND pa.paymentStatus = 'Approved'
        LEFT JOIN request r ON r.transactNo = b.transactNo AND r.requestStatus = 'Confirmed'
        
        GROUP BY b.transactNo, f.flightDepartureDate, f.returnDepartureDate, b.status, 
                 p.packageName, b.bookingDate, b.pax, b.totalPrice, a.lName, a.fName, a.mName, br.branchName
        ORDER BY CAST(SUBSTRING_INDEX(b.transactNo, '-', -1) AS UNSIGNED)
[2025-08-13 05:41:35] Total records fetched: 98
[2025-08-13 05:41:35] Total records fetched: 98
[2025-08-13 05:44:06] WHERE clause: 
[2025-08-13 05:44:06] SQL Query: SELECT b.transactNo, DATE_FORMAT(f.flightDepartureDate, '%Y.%m.%d') AS departureDate, f.returnDepartureDate AS returnDate, 
        b.status AS bookingStatus, CONCAT(f.flightDepartureDate, ' | ', f.returnDepartureDate) AS FlightDate, 
        p.packageName AS PackageName, b.bookingDate, b.pax AS TotalPax,  
        b.totalPrice AS PackagePrice, br.branchName as branchName, COALESCE(SUM(pa.amount), 0) AS TotalAmountPaid,
        CONCAT(a.lName, ', ', a.fName, ' ', IFNULL(CONCAT(SUBSTRING(a.mName, 1, 1), '.'), '')) AS agentName,
        COALESCE(SUM(r.requestCost), 0) AS TotalRequestAmount
        FROM booking b
        JOIN branch br ON b.agentCode = br.branchAgentCode
        JOIN flight f ON f.flightId = b.flightId
        JOIN package p ON p.packageId = b.packageId
        LEFT JOIN agent a ON b.accountType = 'Agent' AND b.accountId = a.accountId
        LEFT JOIN company c ON a.companyId = c.companyId
        LEFT JOIN client cl ON b.accountType = 'Client' AND b.accountId = cl.accountId
        LEFT JOIN company cc ON cl.companyId = cc.companyId
        LEFT JOIN payment pa ON pa.transactNo = b.transactNo AND pa.paymentStatus = 'Approved'
        LEFT JOIN request r ON r.transactNo = b.transactNo AND r.requestStatus = 'Confirmed'
        
        GROUP BY b.transactNo, f.flightDepartureDate, f.returnDepartureDate, b.status, 
                 p.packageName, b.bookingDate, b.pax, b.totalPrice, a.lName, a.fName, a.mName, br.branchName
        ORDER BY CAST(SUBSTRING_INDEX(b.transactNo, '-', -1) AS UNSIGNED)
[2025-08-13 05:44:06] WHERE clause: 
[2025-08-13 05:44:06] SQL Query: SELECT b.transactNo, DATE_FORMAT(f.flightDepartureDate, '%Y.%m.%d') AS departureDate, f.returnDepartureDate AS returnDate, 
        b.status AS bookingStatus, CONCAT(f.flightDepartureDate, ' | ', f.returnDepartureDate) AS FlightDate, 
        p.packageName AS PackageName, b.bookingDate, b.pax AS TotalPax,  
        b.totalPrice AS PackagePrice, br.branchName as branchName, COALESCE(SUM(pa.amount), 0) AS TotalAmountPaid,
        CONCAT(a.lName, ', ', a.fName, ' ', IFNULL(CONCAT(SUBSTRING(a.mName, 1, 1), '.'), '')) AS agentName,
        COALESCE(SUM(r.requestCost), 0) AS TotalRequestAmount
        FROM booking b
        JOIN branch br ON b.agentCode = br.branchAgentCode
        JOIN flight f ON f.flightId = b.flightId
        JOIN package p ON p.packageId = b.packageId
        LEFT JOIN agent a ON b.accountType = 'Agent' AND b.accountId = a.accountId
        LEFT JOIN company c ON a.companyId = c.companyId
        LEFT JOIN client cl ON b.accountType = 'Client' AND b.accountId = cl.accountId
        LEFT JOIN company cc ON cl.companyId = cc.companyId
        LEFT JOIN payment pa ON pa.transactNo = b.transactNo AND pa.paymentStatus = 'Approved'
        LEFT JOIN request r ON r.transactNo = b.transactNo AND r.requestStatus = 'Confirmed'
        
        GROUP BY b.transactNo, f.flightDepartureDate, f.returnDepartureDate, b.status, 
                 p.packageName, b.bookingDate, b.pax, b.totalPrice, a.lName, a.fName, a.mName, br.branchName
        ORDER BY CAST(SUBSTRING_INDEX(b.transactNo, '-', -1) AS UNSIGNED)
[2025-08-13 05:44:06] Total records fetched: 98
[2025-08-13 05:44:06] Total records fetched: 98
[2025-08-13 05:44:08] WHERE clause: 
[2025-08-13 05:44:08] SQL Query: SELECT b.transactNo, DATE_FORMAT(f.flightDepartureDate, '%Y.%m.%d') AS departureDate, f.returnDepartureDate AS returnDate, 
        b.status AS bookingStatus, CONCAT(f.flightDepartureDate, ' | ', f.returnDepartureDate) AS FlightDate, 
        p.packageName AS PackageName, b.bookingDate, b.pax AS TotalPax,  
        b.totalPrice AS PackagePrice, br.branchName as branchName, COALESCE(SUM(pa.amount), 0) AS TotalAmountPaid,
        CONCAT(a.lName, ', ', a.fName, ' ', IFNULL(CONCAT(SUBSTRING(a.mName, 1, 1), '.'), '')) AS agentName,
        COALESCE(SUM(r.requestCost), 0) AS TotalRequestAmount
        FROM booking b
        JOIN branch br ON b.agentCode = br.branchAgentCode
        JOIN flight f ON f.flightId = b.flightId
        JOIN package p ON p.packageId = b.packageId
        LEFT JOIN agent a ON b.accountType = 'Agent' AND b.accountId = a.accountId
        LEFT JOIN company c ON a.companyId = c.companyId
        LEFT JOIN client cl ON b.accountType = 'Client' AND b.accountId = cl.accountId
        LEFT JOIN company cc ON cl.companyId = cc.companyId
        LEFT JOIN payment pa ON pa.transactNo = b.transactNo AND pa.paymentStatus = 'Approved'
        LEFT JOIN request r ON r.transactNo = b.transactNo AND r.requestStatus = 'Confirmed'
        
        GROUP BY b.transactNo, f.flightDepartureDate, f.returnDepartureDate, b.status, 
                 p.packageName, b.bookingDate, b.pax, b.totalPrice, a.lName, a.fName, a.mName, br.branchName
        ORDER BY CAST(SUBSTRING_INDEX(b.transactNo, '-', -1) AS UNSIGNED)
[2025-08-13 05:44:08] Total records fetched: 98
[2025-08-13 05:44:08] WHERE clause: 
[2025-08-13 05:44:08] SQL Query: SELECT b.transactNo, DATE_FORMAT(f.flightDepartureDate, '%Y.%m.%d') AS departureDate, f.returnDepartureDate AS returnDate, 
        b.status AS bookingStatus, CONCAT(f.flightDepartureDate, ' | ', f.returnDepartureDate) AS FlightDate, 
        p.packageName AS PackageName, b.bookingDate, b.pax AS TotalPax,  
        b.totalPrice AS PackagePrice, br.branchName as branchName, COALESCE(SUM(pa.amount), 0) AS TotalAmountPaid,
        CONCAT(a.lName, ', ', a.fName, ' ', IFNULL(CONCAT(SUBSTRING(a.mName, 1, 1), '.'), '')) AS agentName,
        COALESCE(SUM(r.requestCost), 0) AS TotalRequestAmount
        FROM booking b
        JOIN branch br ON b.agentCode = br.branchAgentCode
        JOIN flight f ON f.flightId = b.flightId
        JOIN package p ON p.packageId = b.packageId
        LEFT JOIN agent a ON b.accountType = 'Agent' AND b.accountId = a.accountId
        LEFT JOIN company c ON a.companyId = c.companyId
        LEFT JOIN client cl ON b.accountType = 'Client' AND b.accountId = cl.accountId
        LEFT JOIN company cc ON cl.companyId = cc.companyId
        LEFT JOIN payment pa ON pa.transactNo = b.transactNo AND pa.paymentStatus = 'Approved'
        LEFT JOIN request r ON r.transactNo = b.transactNo AND r.requestStatus = 'Confirmed'
        
        GROUP BY b.transactNo, f.flightDepartureDate, f.returnDepartureDate, b.status, 
                 p.packageName, b.bookingDate, b.pax, b.totalPrice, a.lName, a.fName, a.mName, br.branchName
        ORDER BY CAST(SUBSTRING_INDEX(b.transactNo, '-', -1) AS UNSIGNED)
[2025-08-13 05:44:08] Total records fetched: 98
[2025-08-13 05:44:15] WHERE clause: 
[2025-08-13 05:44:15] WHERE clause: 
[2025-08-13 05:44:15] SQL Query: SELECT b.transactNo, DATE_FORMAT(f.flightDepartureDate, '%Y.%m.%d') AS departureDate, f.returnDepartureDate AS returnDate, 
        b.status AS bookingStatus, CONCAT(f.flightDepartureDate, ' | ', f.returnDepartureDate) AS FlightDate, 
        p.packageName AS PackageName, b.bookingDate, b.pax AS TotalPax,  
        b.totalPrice AS PackagePrice, br.branchName as branchName, COALESCE(SUM(pa.amount), 0) AS TotalAmountPaid,
        CONCAT(a.lName, ', ', a.fName, ' ', IFNULL(CONCAT(SUBSTRING(a.mName, 1, 1), '.'), '')) AS agentName,
        COALESCE(SUM(r.requestCost), 0) AS TotalRequestAmount
        FROM booking b
        JOIN branch br ON b.agentCode = br.branchAgentCode
        JOIN flight f ON f.flightId = b.flightId
        JOIN package p ON p.packageId = b.packageId
        LEFT JOIN agent a ON b.accountType = 'Agent' AND b.accountId = a.accountId
        LEFT JOIN company c ON a.companyId = c.companyId
        LEFT JOIN client cl ON b.accountType = 'Client' AND b.accountId = cl.accountId
        LEFT JOIN company cc ON cl.companyId = cc.companyId
        LEFT JOIN payment pa ON pa.transactNo = b.transactNo AND pa.paymentStatus = 'Approved'
        LEFT JOIN request r ON r.transactNo = b.transactNo AND r.requestStatus = 'Confirmed'
        
        GROUP BY b.transactNo, f.flightDepartureDate, f.returnDepartureDate, b.status, 
                 p.packageName, b.bookingDate, b.pax, b.totalPrice, a.lName, a.fName, a.mName, br.branchName
        ORDER BY CAST(SUBSTRING_INDEX(b.transactNo, '-', -1) AS UNSIGNED)
[2025-08-13 05:44:15] SQL Query: SELECT b.transactNo, DATE_FORMAT(f.flightDepartureDate, '%Y.%m.%d') AS departureDate, f.returnDepartureDate AS returnDate, 
        b.status AS bookingStatus, CONCAT(f.flightDepartureDate, ' | ', f.returnDepartureDate) AS FlightDate, 
        p.packageName AS PackageName, b.bookingDate, b.pax AS TotalPax,  
        b.totalPrice AS PackagePrice, br.branchName as branchName, COALESCE(SUM(pa.amount), 0) AS TotalAmountPaid,
        CONCAT(a.lName, ', ', a.fName, ' ', IFNULL(CONCAT(SUBSTRING(a.mName, 1, 1), '.'), '')) AS agentName,
        COALESCE(SUM(r.requestCost), 0) AS TotalRequestAmount
        FROM booking b
        JOIN branch br ON b.agentCode = br.branchAgentCode
        JOIN flight f ON f.flightId = b.flightId
        JOIN package p ON p.packageId = b.packageId
        LEFT JOIN agent a ON b.accountType = 'Agent' AND b.accountId = a.accountId
        LEFT JOIN company c ON a.companyId = c.companyId
        LEFT JOIN client cl ON b.accountType = 'Client' AND b.accountId = cl.accountId
        LEFT JOIN company cc ON cl.companyId = cc.companyId
        LEFT JOIN payment pa ON pa.transactNo = b.transactNo AND pa.paymentStatus = 'Approved'
        LEFT JOIN request r ON r.transactNo = b.transactNo AND r.requestStatus = 'Confirmed'
        
        GROUP BY b.transactNo, f.flightDepartureDate, f.returnDepartureDate, b.status, 
                 p.packageName, b.bookingDate, b.pax, b.totalPrice, a.lName, a.fName, a.mName, br.branchName
        ORDER BY CAST(SUBSTRING_INDEX(b.transactNo, '-', -1) AS UNSIGNED)
[2025-08-13 05:44:15] Total records fetched: 98
[2025-08-13 05:44:17] WHERE clause: 
[2025-08-13 05:44:17] SQL Query: SELECT b.transactNo, DATE_FORMAT(f.flightDepartureDate, '%Y.%m.%d') AS departureDate, f.returnDepartureDate AS returnDate, 
        b.status AS bookingStatus, CONCAT(f.flightDepartureDate, ' | ', f.returnDepartureDate) AS FlightDate, 
        p.packageName AS PackageName, b.bookingDate, b.pax AS TotalPax,  
        b.totalPrice AS PackagePrice, br.branchName as branchName, COALESCE(SUM(pa.amount), 0) AS TotalAmountPaid,
        CONCAT(a.lName, ', ', a.fName, ' ', IFNULL(CONCAT(SUBSTRING(a.mName, 1, 1), '.'), '')) AS agentName,
        COALESCE(SUM(r.requestCost), 0) AS TotalRequestAmount
        FROM booking b
        JOIN branch br ON b.agentCode = br.branchAgentCode
        JOIN flight f ON f.flightId = b.flightId
        JOIN package p ON p.packageId = b.packageId
        LEFT JOIN agent a ON b.accountType = 'Agent' AND b.accountId = a.accountId
        LEFT JOIN company c ON a.companyId = c.companyId
        LEFT JOIN client cl ON b.accountType = 'Client' AND b.accountId = cl.accountId
        LEFT JOIN company cc ON cl.companyId = cc.companyId
        LEFT JOIN payment pa ON pa.transactNo = b.transactNo AND pa.paymentStatus = 'Approved'
        LEFT JOIN request r ON r.transactNo = b.transactNo AND r.requestStatus = 'Confirmed'
        
        GROUP BY b.transactNo, f.flightDepartureDate, f.returnDepartureDate, b.status, 
                 p.packageName, b.bookingDate, b.pax, b.totalPrice, a.lName, a.fName, a.mName, br.branchName
        ORDER BY CAST(SUBSTRING_INDEX(b.transactNo, '-', -1) AS UNSIGNED)
[2025-08-13 05:44:17] WHERE clause: 
[2025-08-13 05:44:17] SQL Query: SELECT b.transactNo, DATE_FORMAT(f.flightDepartureDate, '%Y.%m.%d') AS departureDate, f.returnDepartureDate AS returnDate, 
        b.status AS bookingStatus, CONCAT(f.flightDepartureDate, ' | ', f.returnDepartureDate) AS FlightDate, 
        p.packageName AS PackageName, b.bookingDate, b.pax AS TotalPax,  
        b.totalPrice AS PackagePrice, br.branchName as branchName, COALESCE(SUM(pa.amount), 0) AS TotalAmountPaid,
        CONCAT(a.lName, ', ', a.fName, ' ', IFNULL(CONCAT(SUBSTRING(a.mName, 1, 1), '.'), '')) AS agentName,
        COALESCE(SUM(r.requestCost), 0) AS TotalRequestAmount
        FROM booking b
        JOIN branch br ON b.agentCode = br.branchAgentCode
        JOIN flight f ON f.flightId = b.flightId
        JOIN package p ON p.packageId = b.packageId
        LEFT JOIN agent a ON b.accountType = 'Agent' AND b.accountId = a.accountId
        LEFT JOIN company c ON a.companyId = c.companyId
        LEFT JOIN client cl ON b.accountType = 'Client' AND b.accountId = cl.accountId
        LEFT JOIN company cc ON cl.companyId = cc.companyId
        LEFT JOIN payment pa ON pa.transactNo = b.transactNo AND pa.paymentStatus = 'Approved'
        LEFT JOIN request r ON r.transactNo = b.transactNo AND r.requestStatus = 'Confirmed'
        
        GROUP BY b.transactNo, f.flightDepartureDate, f.returnDepartureDate, b.status, 
                 p.packageName, b.bookingDate, b.pax, b.totalPrice, a.lName, a.fName, a.mName, br.branchName
        ORDER BY CAST(SUBSTRING_INDEX(b.transactNo, '-', -1) AS UNSIGNED)
[2025-08-13 05:44:17] Total records fetched: 98
[2025-08-13 05:44:17] Total records fetched: 98
[2025-08-13 06:23:10] WHERE clause: 
[2025-08-13 06:23:10] SQL Query: SELECT b.transactNo, DATE_FORMAT(f.flightDepartureDate, '%Y.%m.%d') AS departureDate, f.returnDepartureDate AS returnDate, 
        b.status AS bookingStatus, CONCAT(f.flightDepartureDate, ' | ', f.returnDepartureDate) AS FlightDate, 
        p.packageName AS PackageName, b.bookingDate, b.pax AS TotalPax,  
        b.totalPrice AS PackagePrice, br.branchName as branchName, COALESCE(SUM(pa.amount), 0) AS TotalAmountPaid,
        CONCAT(a.lName, ', ', a.fName, ' ', IFNULL(CONCAT(SUBSTRING(a.mName, 1, 1), '.'), '')) AS agentName,
        COALESCE(SUM(r.requestCost), 0) AS TotalRequestAmount
        FROM booking b
        JOIN branch br ON b.agentCode = br.branchAgentCode
        JOIN flight f ON f.flightId = b.flightId
        JOIN package p ON p.packageId = b.packageId
        LEFT JOIN agent a ON b.accountType = 'Agent' AND b.accountId = a.accountId
        LEFT JOIN company c ON a.companyId = c.companyId
        LEFT JOIN client cl ON b.accountType = 'Client' AND b.accountId = cl.accountId
        LEFT JOIN company cc ON cl.companyId = cc.companyId
        LEFT JOIN payment pa ON pa.transactNo = b.transactNo AND pa.paymentStatus = 'Approved'
        LEFT JOIN request r ON r.transactNo = b.transactNo AND r.requestStatus = 'Confirmed'
        
        GROUP BY b.transactNo, f.flightDepartureDate, f.returnDepartureDate, b.status, 
                 p.packageName, b.bookingDate, b.pax, b.totalPrice, a.lName, a.fName, a.mName, br.branchName
        ORDER BY CAST(SUBSTRING_INDEX(b.transactNo, '-', -1) AS UNSIGNED)
[2025-08-13 06:23:10] Total records fetched: 98
[2025-08-13 06:23:10] WHERE clause: 
[2025-08-13 06:23:10] SQL Query: SELECT b.transactNo, DATE_FORMAT(f.flightDepartureDate, '%Y.%m.%d') AS departureDate, f.returnDepartureDate AS returnDate, 
        b.status AS bookingStatus, CONCAT(f.flightDepartureDate, ' | ', f.returnDepartureDate) AS FlightDate, 
        p.packageName AS PackageName, b.bookingDate, b.pax AS TotalPax,  
        b.totalPrice AS PackagePrice, br.branchName as branchName, COALESCE(SUM(pa.amount), 0) AS TotalAmountPaid,
        CONCAT(a.lName, ', ', a.fName, ' ', IFNULL(CONCAT(SUBSTRING(a.mName, 1, 1), '.'), '')) AS agentName,
        COALESCE(SUM(r.requestCost), 0) AS TotalRequestAmount
        FROM booking b
        JOIN branch br ON b.agentCode = br.branchAgentCode
        JOIN flight f ON f.flightId = b.flightId
        JOIN package p ON p.packageId = b.packageId
        LEFT JOIN agent a ON b.accountType = 'Agent' AND b.accountId = a.accountId
        LEFT JOIN company c ON a.companyId = c.companyId
        LEFT JOIN client cl ON b.accountType = 'Client' AND b.accountId = cl.accountId
        LEFT JOIN company cc ON cl.companyId = cc.companyId
        LEFT JOIN payment pa ON pa.transactNo = b.transactNo AND pa.paymentStatus = 'Approved'
        LEFT JOIN request r ON r.transactNo = b.transactNo AND r.requestStatus = 'Confirmed'
        
        GROUP BY b.transactNo, f.flightDepartureDate, f.returnDepartureDate, b.status, 
                 p.packageName, b.bookingDate, b.pax, b.totalPrice, a.lName, a.fName, a.mName, br.branchName
        ORDER BY CAST(SUBSTRING_INDEX(b.transactNo, '-', -1) AS UNSIGNED)
[2025-08-13 06:23:10] Total records fetched: 98
[2025-08-13 06:23:15] WHERE clause: 
[2025-08-13 06:23:15] WHERE clause: 
CT b.transactNo, DATE_FORMAT(f.flightDepartureDate, '%Y.%m.%d') AS departureDate, f.returnDepartureDate AS returnDate, 
        b.status AS bookingStatus, CONCAT(f.flightDepartureDate, ' | ', f.returnDepartureDate) AS FlightDate, 
        p.packageName AS PackageName, b.bookingDate, b.pax AS TotalPax,  
        b.totalPrice AS PackagePrice, br.branchName as branchName, COALESCE(SUM(pa.amount), 0) AS TotalAmountPaid,
        CONCAT(a.lName, ', ', a.fName, ' ', IFNULL(CONCAT(SUBSTRING(a.mName, 1, 1), '.'), '')) AS agentName,
        COALESCE(SUM(r.requestCost), 0) AS TotalRequestAmount
        FROM booking b
        JOIN branch br ON b.agentCode = br.branchAgentCode
        JOIN flight f ON f.flightId = b.flightId
        JOIN package p ON p.packageId = b.packageId
        LEFT JOIN agent a ON b.accountType = 'Agent' AND b.accountId = a.accountId
        LEFT JOIN company c ON a.companyId = c.companyId
        LEFT JOIN client cl ON b.accountType = 'Client' AND b.accountId = cl.accountId
        LEFT JOIN company cc ON cl.companyId = cc.companyId
        LEFT JOIN payment pa ON pa.transactNo = b.transactNo AND pa.paymentStatus = 'Approved'
        LEFT JOIN request r ON r.transactNo = b.transactNo AND r.requestStatus = 'Confirmed'
        
        GROUP BY b.transactNo, f.flightDepartureDate, f.returnDepartureDate, b.status, 
                 p.packageName, b.bookingDate, b.pax, b.totalPrice, a.lName, a.fName, a.mName, br.branchName
        ORDER BY CAST(SUBSTRING_INDEX(b.transactNo, '-', -1) AS UNSIGNED)
[2025-08-13 06:23:15] SQL Query: SELECT b.transactNo, DATE_FORMAT(f.flightDepartureDate, '%Y.%m.%d') AS departureDate, f.returnDepartureDate AS returnDate, 
        b.status AS bookingStatus, CONCAT(f.flightDepartureDate, ' | ', f.returnDepartureDate) AS FlightDate, 
        p.packageName AS PackageName, b.bookingDate, b.pax AS TotalPax,  
        b.totalPrice AS PackagePrice, br.branchName as branchName, COALESCE(SUM(pa.amount), 0) AS TotalAmountPaid,
        CONCAT(a.lName, ', ', a.fName, ' ', IFNULL(CONCAT(SUBSTRING(a.mName, 1, 1), '.'), '')) AS agentName,
        COALESCE(SUM(r.requestCost), 0) AS TotalRequestAmount
        FROM booking b
        JOIN branch br ON b.agentCode = br.branchAgentCode
        JOIN flight f ON f.flightId = b.flightId
        JOIN package p ON p.packageId = b.packageId
        LEFT JOIN agent a ON b.accountType = 'Agent' AND b.accountId = a.accountId
        LEFT JOIN company c ON a.companyId = c.companyId
        LEFT JOIN client cl ON b.accountType = 'Client' AND b.accountId = cl.accountId
        LEFT JOIN company cc ON cl.companyId = cc.companyId
        LEFT JOIN payment pa ON pa.transactNo = b.transactNo AND pa.paymentStatus = 'Approved'
        LEFT JOIN request r ON r.transactNo = b.transactNo AND r.requestStatus = 'Confirmed'
        
        GROUP BY b.transactNo, f.flightDepartureDate, f.returnDepartureDate, b.status, 
                 p.packageName, b.bookingDate, b.pax, b.totalPrice, a.lName, a.fName, a.mName, br.branchName
        ORDER BY CAST(SUBSTRING_INDEX(b.transactNo, '-', -1) AS UNSIGNED)
[2025-08-13 06:23:15] Total records fetched: 98
[2025-08-13 06:23:15] Total records fetched: 98
[2025-08-13 07:45:03] WHERE clause: 
[2025-08-13 07:45:03] SQL Query: SELECT b.transactNo, DATE_FORMAT(f.flightDepartureDate, '%Y.%m.%d') AS departureDate, f.returnDepartureDate AS returnDate, 
        b.status AS bookingStatus, CONCAT(f.flightDepartureDate, ' | ', f.returnDepartureDate) AS FlightDate, 
        p.packageName AS PackageName, b.bookingDate, b.pax AS TotalPax,  
        b.totalPrice AS PackagePrice, br.branchName as branchName, COALESCE(SUM(pa.amount), 0) AS TotalAmountPaid,
        CONCAT(a.lName, ', ', a.fName, ' ', IFNULL(CONCAT(SUBSTRING(a.mName, 1, 1), '.'), '')) AS agentName,
        COALESCE(SUM(r.requestCost), 0) AS TotalRequestAmount
        FROM booking b
        JOIN branch br ON b.agentCode = br.branchAgentCode
        JOIN flight f ON f.flightId = b.flightId
        JOIN package p ON p.packageId = b.packageId
        LEFT JOIN agent a ON b.accountType = 'Agent' AND b.accountId = a.accountId
        LEFT JOIN company c ON a.companyId = c.companyId
        LEFT JOIN client cl ON b.accountType = 'Client' AND b.accountId = cl.accountId
        LEFT JOIN company cc ON cl.companyId = cc.companyId
        LEFT JOIN payment pa ON pa.transactNo = b.transactNo AND pa.paymentStatus = 'Approved'
        LEFT JOIN request r ON r.transactNo = b.transactNo AND r.requestStatus = 'Confirmed'
        
        GROUP BY b.transactNo, f.flightDepartureDate, f.returnDepartureDate, b.status, 
                 p.packageName, b.bookingDate, b.pax, b.totalPrice, a.lName, a.fName, a.mName, br.branchName
        ORDER BY CAST(SUBSTRING_INDEX(b.transactNo, '-', -1) AS UNSIGNED)
[2025-08-13 07:45:03] Total records fetched: 98
[2025-08-13 07:45:03] WHERE clause: 
[2025-08-13 07:45:03] SQL Query: SELECT b.transactNo, DATE_FORMAT(f.flightDepartureDate, '%Y.%m.%d') AS departureDate, f.returnDepartureDate AS returnDate, 
        b.status AS bookingStatus, CONCAT(f.flightDepartureDate, ' | ', f.returnDepartureDate) AS FlightDate, 
        p.packageName AS PackageName, b.bookingDate, b.pax AS TotalPax,  
        b.totalPrice AS PackagePrice, br.branchName as branchName, COALESCE(SUM(pa.amount), 0) AS TotalAmountPaid,
        CONCAT(a.lName, ', ', a.fName, ' ', IFNULL(CONCAT(SUBSTRING(a.mName, 1, 1), '.'), '')) AS agentName,
        COALESCE(SUM(r.requestCost), 0) AS TotalRequestAmount
        FROM booking b
        JOIN branch br ON b.agentCode = br.branchAgentCode
        JOIN flight f ON f.flightId = b.flightId
        JOIN package p ON p.packageId = b.packageId
        LEFT JOIN agent a ON b.accountType = 'Agent' AND b.accountId = a.accountId
        LEFT JOIN company c ON a.companyId = c.companyId
        LEFT JOIN client cl ON b.accountType = 'Client' AND b.accountId = cl.accountId
        LEFT JOIN company cc ON cl.companyId = cc.companyId
        LEFT JOIN payment pa ON pa.transactNo = b.transactNo AND pa.paymentStatus = 'Approved'
        LEFT JOIN request r ON r.transactNo = b.transactNo AND r.requestStatus = 'Confirmed'
        
        GROUP BY b.transactNo, f.flightDepartureDate, f.returnDepartureDate, b.status, 
                 p.packageName, b.bookingDate, b.pax, b.totalPrice, a.lName, a.fName, a.mName, br.branchName
        ORDER BY CAST(SUBSTRING_INDEX(b.transactNo, '-', -1) AS UNSIGNED)
[2025-08-13 07:45:03] Total records fetched: 98
[2025-08-13 07:45:08] WHERE clause: 
[2025-08-13 07:45:08] SQL Query: SELECT b.transactNo, DATE_FORMAT(f.flightDepartureDate, '%Y.%m.%d') AS departureDate, f.returnDepartureDate AS returnDate, 
        b.status AS bookingStatus, CONCAT(f.flightDepartureDate, ' | ', f.returnDepartureDate) AS FlightDate, 
        p.packageName AS PackageName, b.bookingDate, b.pax AS TotalPax,  
        b.totalPrice AS PackagePrice, br.branchName as branchName, COALESCE(SUM(pa.amount), 0) AS TotalAmountPaid,
        CONCAT(a.lName, ', ', a.fName, ' ', IFNULL(CONCAT(SUBSTRING(a.mName, 1, 1), '.'), '')) AS agentName,
        COALESCE(SUM(r.requestCost), 0) AS TotalRequestAmount
        FROM booking b
        JOIN branch br ON b.agentCode = br.branchAgentCode
        JOIN flight f ON f.flightId = b.flightId
        JOIN package p ON p.packageId = b.packageId
        LEFT JOIN agent a ON b.accountType = 'Agent' AND b.accountId = a.accountId
        LEFT JOIN company c ON a.companyId = c.companyId
        LEFT JOIN client cl ON b.accountType = 'Client' AND b.accountId = cl.accountId
        LEFT JOIN company cc ON cl.companyId = cc.companyId
        LEFT JOIN payment pa ON pa.transactNo = b.transactNo AND pa.paymentStatus = 'Approved'
        LEFT JOIN request r ON r.transactNo = b.transactNo AND r.requestStatus = 'Confirmed'
        
        GROUP BY b.transactNo, f.flightDepartureDate, f.returnDepartureDate, b.status, 
                 p.packageName, b.bookingDate, b.pax, b.totalPrice, a.lName, a.fName, a.mName, br.branchName
        ORDER BY CAST(SUBSTRING_INDEX(b.transactNo, '-', -1) AS UNSIGNED)
[2025-08-13 07:45:08] WHERE clause: 
[2025-08-13 07:45:08] SQL Query: SELECT b.transactNo, DATE_FORMAT(f.flightDepartureDate, '%Y.%m.%d') AS departureDate, f.returnDepartureDate AS returnDate, 
        b.status AS bookingStatus, CONCAT(f.flightDepartureDate, ' | ', f.returnDepartureDate) AS FlightDate, 
        p.packageName AS PackageName, b.bookingDate, b.pax AS TotalPax,  
        b.totalPrice AS PackagePrice, br.branchName as branchName, COALESCE(SUM(pa.amount), 0) AS TotalAmountPaid,
        CONCAT(a.lName, ', ', a.fName, ' ', IFNULL(CONCAT(SUBSTRING(a.mName, 1, 1), '.'), '')) AS agentName,
        COALESCE(SUM(r.requestCost), 0) AS TotalRequestAmount
        FROM booking b
        JOIN branch br ON b.agentCode = br.branchAgentCode
        JOIN flight f ON f.flightId = b.flightId
        JOIN package p ON p.packageId = b.packageId
        LEFT JOIN agent a ON b.accountType = 'Agent' AND b.accountId = a.accountId
        LEFT JOIN company c ON a.companyId = c.companyId
        LEFT JOIN client cl ON b.accountType = 'Client' AND b.accountId = cl.accountId
        LEFT JOIN company cc ON cl.companyId = cc.companyId
        LEFT JOIN payment pa ON pa.transactNo = b.transactNo AND pa.paymentStatus = 'Approved'
        LEFT JOIN request r ON r.transactNo = b.transactNo AND r.requestStatus = 'Confirmed'
        
        GROUP BY b.transactNo, f.flightDepartureDate, f.returnDepartureDate, b.status, 
                 p.packageName, b.bookingDate, b.pax, b.totalPrice, a.lName, a.fName, a.mName, br.branchName
        ORDER BY CAST(SUBSTRING_INDEX(b.transactNo, '-', -1) AS UNSIGNED)
[2025-08-13 07:45:08] Total records fetched: 98
[2025-08-13 07:45:08] Total records fetched: 98
[2025-08-13 08:09:44] WHERE clause: 
[2025-08-13 08:09:44] SQL Query: SELECT b.transactNo, DATE_FORMAT(f.flightDepartureDate, '%Y.%m.%d') AS departureDate, f.returnDepartureDate AS returnDate, 
        b.status AS bookingStatus, CONCAT(f.flightDepartureDate, ' | ', f.returnDepartureDate) AS FlightDate, 
        p.packageName AS PackageName, b.bookingDate, b.pax AS TotalPax,  
        b.totalPrice AS PackagePrice, br.branchName as branchName, COALESCE(SUM(pa.amount), 0) AS TotalAmountPaid,
        CONCAT(a.lName, ', ', a.fName, ' ', IFNULL(CONCAT(SUBSTRING(a.mName, 1, 1), '.'), '')) AS agentName,
        COALESCE(SUM(r.requestCost), 0) AS TotalRequestAmount
        FROM booking b
        JOIN branch br ON b.agentCode = br.branchAgentCode
        JOIN flight f ON f.flightId = b.flightId
        JOIN package p ON p.packageId = b.packageId
        LEFT JOIN agent a ON b.accountType = 'Agent' AND b.accountId = a.accountId
        LEFT JOIN company c ON a.companyId = c.companyId
        LEFT JOIN client cl ON b.accountType = 'Client' AND b.accountId = cl.accountId
        LEFT JOIN company cc ON cl.companyId = cc.companyId
        LEFT JOIN payment pa ON pa.transactNo = b.transactNo AND pa.paymentStatus = 'Approved'
        LEFT JOIN request r ON r.transactNo = b.transactNo AND r.requestStatus = 'Confirmed'
        
        GROUP BY b.transactNo, f.flightDepartureDate, f.returnDepartureDate, b.status, 
                 p.packageName, b.bookingDate, b.pax, b.totalPrice, a.lName, a.fName, a.mName, br.branchName
        ORDER BY CAST(SUBSTRING_INDEX(b.transactNo, '-', -1) AS UNSIGNED)
[2025-08-13 08:09:44] Total records fetched: 98
[2025-08-13 08:09:44] WHERE clause: 
[2025-08-13 08:09:44] SQL Query: SELECT b.transactNo, DATE_FORMAT(f.flightDepartureDate, '%Y.%m.%d') AS departureDate, f.returnDepartureDate AS returnDate, 
        b.status AS bookingStatus, CONCAT(f.flightDepartureDate, ' | ', f.returnDepartureDate) AS FlightDate, 
        p.packageName AS PackageName, b.bookingDate, b.pax AS TotalPax,  
        b.totalPrice AS PackagePrice, br.branchName as branchName, COALESCE(SUM(pa.amount), 0) AS TotalAmountPaid,
        CONCAT(a.lName, ', ', a.fName, ' ', IFNULL(CONCAT(SUBSTRING(a.mName, 1, 1), '.'), '')) AS agentName,
        COALESCE(SUM(r.requestCost), 0) AS TotalRequestAmount
        FROM booking b
        JOIN branch br ON b.agentCode = br.branchAgentCode
        JOIN flight f ON f.flightId = b.flightId
        JOIN package p ON p.packageId = b.packageId
        LEFT JOIN agent a ON b.accountType = 'Agent' AND b.accountId = a.accountId
        LEFT JOIN company c ON a.companyId = c.companyId
        LEFT JOIN client cl ON b.accountType = 'Client' AND b.accountId = cl.accountId
        LEFT JOIN company cc ON cl.companyId = cc.companyId
        LEFT JOIN payment pa ON pa.transactNo = b.transactNo AND pa.paymentStatus = 'Approved'
        LEFT JOIN request r ON r.transactNo = b.transactNo AND r.requestStatus = 'Confirmed'
        
        GROUP BY b.transactNo, f.flightDepartureDate, f.returnDepartureDate, b.status, 
                 p.packageName, b.bookingDate, b.pax, b.totalPrice, a.lName, a.fName, a.mName, br.branchName
        ORDER BY CAST(SUBSTRING_INDEX(b.transactNo, '-', -1) AS UNSIGNED)
[2025-08-13 08:09:44] Total records fetched: 98
[2025-08-13 08:09:47] WHERE clause: 
[2025-08-13 08:09:47] SQL Query: SELECT b.transactNo, DATE_FORMAT(f.flightDepartureDate, '%Y.%m.%d') AS departureDate, f.returnDepartureDate AS returnDate, 
        b.status AS bookingStatus, CONCAT(f.flightDepartureDate, ' | ', f.returnDepartureDate) AS FlightDate, 
        p.packageName AS PackageName, b.bookingDate, b.pax AS TotalPax,  
        b.totalPrice AS PackagePrice, br.branchName as branchName, COALESCE(SUM(pa.amount), 0) AS TotalAmountPaid,
        CONCAT(a.lName, ', ', a.fName, ' ', IFNULL(CONCAT(SUBSTRING(a.mName, 1, 1), '.'), '')) AS agentName,
        COALESCE(SUM(r.requestCost), 0) AS TotalRequestAmount
        FROM booking b
        JOIN branch br ON b.agentCode = br.branchAgentCode
        JOIN flight f ON f.flightId = b.flightId
        JOIN package p ON p.packageId = b.packageId
        LEFT JOIN agent a ON b.accountType = 'Agent' AND b.accountId = a.accountId
        LEFT JOIN company c ON a.companyId = c.companyId
        LEFT JOIN client cl ON b.accountType = 'Client' AND b.accountId = cl.accountId
        LEFT JOIN company cc ON cl.companyId = cc.companyId
        LEFT JOIN payment pa ON pa.transactNo = b.transactNo AND pa.paymentStatus = 'Approved'
        LEFT JOIN request r ON r.transactNo = b.transactNo AND r.requestStatus = 'Confirmed'
        
        GROUP BY b.transactNo, f.flightDepartureDate, f.returnDepartureDate, b.status, 
                 p.packageName, b.bookingDate, b.pax, b.totalPrice, a.lName, a.fName, a.mName, br.branchName
        ORDER BY CAST(SUBSTRING_INDEX(b.transactNo, '-', -1) AS UNSIGNED)
[2025-08-13 08:09:47] SQL Query: SELECT b.transactNo, DATE_FORMAT(f.flightDepartureDate, '%Y.%m.%d') AS departureDate, f.returnDepartureDate AS returnDate, 
        b.status AS bookingStatus, CONCAT(f.flightDepartureDate, ' | ', f.returnDepartureDate) AS FlightDate, 
        p.packageName AS PackageName, b.bookingDate, b.pax AS TotalPax,  
        b.totalPrice AS PackagePrice, br.branchName as branchName, COALESCE(SUM(pa.amount), 0) AS TotalAmountPaid,
        CONCAT(a.lName, ', ', a.fName, ' ', IFNULL(CONCAT(SUBSTRING(a.mName, 1, 1), '.'), '')) AS agentName,
        COALESCE(SUM(r.requestCost), 0) AS TotalRequestAmount
        FROM booking b
        JOIN branch br ON b.agentCode = br.branchAgentCode
        JOIN flight f ON f.flightId = b.flightId
        JOIN package p ON p.packageId = b.packageId
        LEFT JOIN agent a ON b.accountType = 'Agent' AND b.accountId = a.accountId
        LEFT JOIN company c ON a.companyId = c.companyId
        LEFT JOIN client cl ON b.accountType = 'Client' AND b.accountId = cl.accountId
        LEFT JOIN company cc ON cl.companyId = cc.companyId
        LEFT JOIN payment pa ON pa.transactNo = b.transactNo AND pa.paymentStatus = 'Approved'
        LEFT JOIN request r ON r.transactNo = b.transactNo AND r.requestStatus = 'Confirmed'
        
        GROUP BY b.transactNo, f.flightDepartureDate, f.returnDepartureDate, b.status, 
                 p.packageName, b.bookingDate, b.pax, b.totalPrice, a.lName, a.fName, a.mName, br.branchName
        ORDER BY CAST(SUBSTRING_INDEX(b.transactNo, '-', -1) AS UNSIGNED)
[2025-08-13 08:09:47] Total records fetched: 98
[2025-08-13 08:09:47] Total records fetched: 98
[2025-08-13 09:07:30] WHERE clause: 
[2025-08-13 09:07:30] SQL Query: SELECT b.transactNo, DATE_FORMAT(f.flightDepartureDate, '%Y.%m.%d') AS departureDate, f.returnDepartureDate AS returnDate, 
        b.status AS bookingStatus, CONCAT(f.flightDepartureDate, ' | ', f.returnDepartureDate) AS FlightDate, 
        p.packageName AS PackageName, b.bookingDate, b.pax AS TotalPax,  
        b.totalPrice AS PackagePrice, br.branchName as branchName, COALESCE(SUM(pa.amount), 0) AS TotalAmountPaid,
        CONCAT(a.lName, ', ', a.fName, ' ', IFNULL(CONCAT(SUBSTRING(a.mName, 1, 1), '.'), '')) AS agentName,
        COALESCE(SUM(r.requestCost), 0) AS TotalRequestAmount
        FROM booking b
        JOIN branch br ON b.agentCode = br.branchAgentCode
        JOIN flight f ON f.flightId = b.flightId
        JOIN package p ON p.packageId = b.packageId
        LEFT JOIN agent a ON b.accountType = 'Agent' AND b.accountId = a.accountId
        LEFT JOIN company c ON a.companyId = c.companyId
        LEFT JOIN client cl ON b.accountType = 'Client' AND b.accountId = cl.accountId
        LEFT JOIN company cc ON cl.companyId = cc.companyId
        LEFT JOIN payment pa ON pa.transactNo = b.transactNo AND pa.paymentStatus = 'Approved'
        LEFT JOIN request r ON r.transactNo = b.transactNo AND r.requestStatus = 'Confirmed'
        
        GROUP BY b.transactNo, f.flightDepartureDate, f.returnDepartureDate, b.status, 
                 p.packageName, b.bookingDate, b.pax, b.totalPrice, a.lName, a.fName, a.mName, br.branchName
        ORDER BY CAST(SUBSTRING_INDEX(b.transactNo, '-', -1) AS UNSIGNED)
[2025-08-13 09:07:30] WHERE clause: 
[2025-08-13 09:07:30] SQL Query: SELECT b.transactNo, DATE_FORMAT(f.flightDepartureDate, '%Y.%m.%d') AS departureDate, f.returnDepartureDate AS returnDate, 
        b.status AS bookingStatus, CONCAT(f.flightDepartureDate, ' | ', f.returnDepartureDate) AS FlightDate, 
        p.packageName AS PackageName, b.bookingDate, b.pax AS TotalPax,  
        b.totalPrice AS PackagePrice, br.branchName as branchName, COALESCE(SUM(pa.amount), 0) AS TotalAmountPaid,
        CONCAT(a.lName, ', ', a.fName, ' ', IFNULL(CONCAT(SUBSTRING(a.mName, 1, 1), '.'), '')) AS agentName,
        COALESCE(SUM(r.requestCost), 0) AS TotalRequestAmount
        FROM booking b
        JOIN branch br ON b.agentCode = br.branchAgentCode
        JOIN flight f ON f.flightId = b.flightId
        JOIN package p ON p.packageId = b.packageId
        LEFT JOIN agent a ON b.accountType = 'Agent' AND b.accountId = a.accountId
        LEFT JOIN company c ON a.companyId = c.companyId
        LEFT JOIN client cl ON b.accountType = 'Client' AND b.accountId = cl.accountId
        LEFT JOIN company cc ON cl.companyId = cc.companyId
        LEFT JOIN payment pa ON pa.transactNo = b.transactNo AND pa.paymentStatus = 'Approved'
        LEFT JOIN request r ON r.transactNo = b.transactNo AND r.requestStatus = 'Confirmed'
        
        GROUP BY b.transactNo, f.flightDepartureDate, f.returnDepartureDate, b.status, 
                 p.packageName, b.bookingDate, b.pax, b.totalPrice, a.lName, a.fName, a.mName, br.branchName
        ORDER BY CAST(SUBSTRING_INDEX(b.transactNo, '-', -1) AS UNSIGNED)
[2025-08-13 09:07:30] Total records fetched: 98
[2025-08-13 09:07:30] Total records fetched: 98
[2025-08-13 09:52:43] WHERE clause: 
[2025-08-13 09:52:43] SQL Query: SELECT b.transactNo, DATE_FORMAT(f.flightDepartureDate, '%Y.%m.%d') AS departureDate, f.returnDepartureDate AS returnDate, 
        b.status AS bookingStatus, CONCAT(f.flightDepartureDate, ' | ', f.returnDepartureDate) AS FlightDate, 
        p.packageName AS PackageName, b.bookingDate, b.pax AS TotalPax,  
        b.totalPrice AS PackagePrice, br.branchName as branchName, COALESCE(SUM(pa.amount), 0) AS TotalAmountPaid,
        CONCAT(a.lName, ', ', a.fName, ' ', IFNULL(CONCAT(SUBSTRING(a.mName, 1, 1), '.'), '')) AS agentName,
        COALESCE(SUM(r.requestCost), 0) AS TotalRequestAmount
        FROM booking b
        JOIN branch br ON b.agentCode = br.branchAgentCode
        JOIN flight f ON f.flightId = b.flightId
        JOIN package p ON p.packageId = b.packageId
        LEFT JOIN agent a ON b.accountType = 'Agent' AND b.accountId = a.accountId
        LEFT JOIN company c ON a.companyId = c.companyId
        LEFT JOIN client cl ON b.accountType = 'Client' AND b.accountId = cl.accountId
        LEFT JOIN company cc ON cl.companyId = cc.companyId
        LEFT JOIN payment pa ON pa.transactNo = b.transactNo AND pa.paymentStatus = 'Approved'
        LEFT JOIN request r ON r.transactNo = b.transactNo AND r.requestStatus = 'Confirmed'
        
        GROUP BY b.transactNo, f.flightDepartureDate, f.returnDepartureDate, b.status, 
                 p.packageName, b.bookingDate, b.pax, b.totalPrice, a.lName, a.fName, a.mName, br.branchName
        ORDER BY CAST(SUBSTRING_INDEX(b.transactNo, '-', -1) AS UNSIGNED)
[2025-08-13 09:52:43] Total records fetched: 98
[2025-08-13 09:52:43] WHERE clause: 
[2025-08-13 09:52:43] SQL Query: SELECT b.transactNo, DATE_FORMAT(f.flightDepartureDate, '%Y.%m.%d') AS departureDate, f.returnDepartureDate AS returnDate, 
        b.status AS bookingStatus, CONCAT(f.flightDepartureDate, ' | ', f.returnDepartureDate) AS FlightDate, 
        p.packageName AS PackageName, b.bookingDate, b.pax AS TotalPax,  
        b.totalPrice AS PackagePrice, br.branchName as branchName, COALESCE(SUM(pa.amount), 0) AS TotalAmountPaid,
        CONCAT(a.lName, ', ', a.fName, ' ', IFNULL(CONCAT(SUBSTRING(a.mName, 1, 1), '.'), '')) AS agentName,
        COALESCE(SUM(r.requestCost), 0) AS TotalRequestAmount
        FROM booking b
        JOIN branch br ON b.agentCode = br.branchAgentCode
        JOIN flight f ON f.flightId = b.flightId
        JOIN package p ON p.packageId = b.packageId
        LEFT JOIN agent a ON b.accountType = 'Agent' AND b.accountId = a.accountId
        LEFT JOIN company c ON a.companyId = c.companyId
        LEFT JOIN client cl ON b.accountType = 'Client' AND b.accountId = cl.accountId
        LEFT JOIN company cc ON cl.companyId = cc.companyId
        LEFT JOIN payment pa ON pa.transactNo = b.transactNo AND pa.paymentStatus = 'Approved'
        LEFT JOIN request r ON r.transactNo = b.transactNo AND r.requestStatus = 'Confirmed'
        
        GROUP BY b.transactNo, f.flightDepartureDate, f.returnDepartureDate, b.status, 
                 p.packageName, b.bookingDate, b.pax, b.totalPrice, a.lName, a.fName, a.mName, br.branchName
        ORDER BY CAST(SUBSTRING_INDEX(b.transactNo, '-', -1) AS UNSIGNED)
[2025-08-13 09:52:43] Total records fetched: 98
[2025-08-13 09:54:22] WHERE clause: 
[2025-08-13 09:54:22] SQL Query: SELECT b.transactNo, DATE_FORMAT(f.flightDepartureDate, '%Y.%m.%d') AS departureDate, f.returnDepartureDate AS returnDate, 
        b.status AS bookingStatus, CONCAT(f.flightDepartureDate, ' | ', f.returnDepartureDate) AS FlightDate, 
        p.packageName AS PackageName, b.bookingDate, b.pax AS TotalPax,  
        b.totalPrice AS PackagePrice, br.branchName as branchName, COALESCE(SUM(pa.amount), 0) AS TotalAmountPaid,
        CONCAT(a.lName, ', ', a.fName, ' ', IFNULL(CONCAT(SUBSTRING(a.mName, 1, 1), '.'), '')) AS agentName,
        COALESCE(SUM(r.requestCost), 0) AS TotalRequestAmount
        FROM booking b
        JOIN branch br ON b.agentCode = br.branchAgentCode
        JOIN flight f ON f.flightId = b.flightId
        JOIN package p ON p.packageId = b.packageId
        LEFT JOIN agent a ON b.accountType = 'Agent' AND b.accountId = a.accountId
        LEFT JOIN company c ON a.companyId = c.companyId
        LEFT JOIN client cl ON b.accountType = 'Client' AND b.accountId = cl.accountId
        LEFT JOIN company cc ON cl.companyId = cc.companyId
        LEFT JOIN payment pa ON pa.transactNo = b.transactNo AND pa.paymentStatus = 'Approved'
        LEFT JOIN request r ON r.transactNo = b.transactNo AND r.requestStatus = 'Confirmed'
        
        GROUP BY b.transactNo, f.flightDepartureDate, f.returnDepartureDate, b.status, 
                 p.packageName, b.bookingDate, b.pax, b.totalPrice, a.lName, a.fName, a.mName, br.branchName
        ORDER BY CAST(SUBSTRING_INDEX(b.transactNo, '-', -1) AS UNSIGNED)
[2025-08-13 09:54:22] Total records fetched: 98
[2025-08-13 09:54:22] WHERE clause: 
[2025-08-13 09:54:22] SQL Query: SELECT b.transactNo, DATE_FORMAT(f.flightDepartureDate, '%Y.%m.%d') AS departureDate, f.returnDepartureDate AS returnDate, 
        b.status AS bookingStatus, CONCAT(f.flightDepartureDate, ' | ', f.returnDepartureDate) AS FlightDate, 
        p.packageName AS PackageName, b.bookingDate, b.pax AS TotalPax,  
        b.totalPrice AS PackagePrice, br.branchName as branchName, COALESCE(SUM(pa.amount), 0) AS TotalAmountPaid,
        CONCAT(a.lName, ', ', a.fName, ' ', IFNULL(CONCAT(SUBSTRING(a.mName, 1, 1), '.'), '')) AS agentName,
        COALESCE(SUM(r.requestCost), 0) AS TotalRequestAmount
        FROM booking b
        JOIN branch br ON b.agentCode = br.branchAgentCode
        JOIN flight f ON f.flightId = b.flightId
        JOIN package p ON p.packageId = b.packageId
        LEFT JOIN agent a ON b.accountType = 'Agent' AND b.accountId = a.accountId
        LEFT JOIN company c ON a.companyId = c.companyId
        LEFT JOIN client cl ON b.accountType = 'Client' AND b.accountId = cl.accountId
        LEFT JOIN company cc ON cl.companyId = cc.companyId
        LEFT JOIN payment pa ON pa.transactNo = b.transactNo AND pa.paymentStatus = 'Approved'
        LEFT JOIN request r ON r.transactNo = b.transactNo AND r.requestStatus = 'Confirmed'
        
        GROUP BY b.transactNo, f.flightDepartureDate, f.returnDepartureDate, b.status, 
                 p.packageName, b.bookingDate, b.pax, b.totalPrice, a.lName, a.fName, a.mName, br.branchName
        ORDER BY CAST(SUBSTRING_INDEX(b.transactNo, '-', -1) AS UNSIGNED)
[2025-08-13 09:54:22] Total records fetched: 98
[2025-08-13 09:54:33] WHERE clause: 
[2025-08-13 09:54:33] SQL Query: SELECT b.transactNo, DATE_FORMAT(f.flightDepartureDate, '%Y.%m.%d') AS departureDate, f.returnDepartureDate AS returnDate, 
        b.status AS bookingStatus, CONCAT(f.flightDepartureDate, ' | ', f.returnDepartureDate) AS FlightDate, 
        p.packageName AS PackageName, b.bookingDate, b.pax AS TotalPax,  
        b.totalPrice AS PackagePrice, br.branchName as branchName, COALESCE(SUM(pa.amount), 0) AS TotalAmountPaid,
        CONCAT(a.lName, ', ', a.fName, ' ', IFNULL(CONCAT(SUBSTRING(a.mName, 1, 1), '.'), '')) AS agentName,
        COALESCE(SUM(r.requestCost), 0) AS TotalRequestAmount
        FROM booking b
        JOIN branch br ON b.agentCode = br.branchAgentCode
        JOIN flight f ON f.flightId = b.flightId
        JOIN package p ON p.packageId = b.packageId
        LEFT JOIN agent a ON b.accountType = 'Agent' AND b.accountId = a.accountId
        LEFT JOIN company c ON a.companyId = c.companyId
        LEFT JOIN client cl ON b.accountType = 'Client' AND b.accountId = cl.accountId
        LEFT JOIN company cc ON cl.companyId = cc.companyId
        LEFT JOIN payment pa ON pa.transactNo = b.transactNo AND pa.paymentStatus = 'Approved'
        LEFT JOIN request r ON r.transactNo = b.transactNo AND r.requestStatus = 'Confirmed'
        
        GROUP BY b.transactNo, f.flightDepartureDate, f.returnDepartureDate, b.status, 
                 p.packageName, b.bookingDate, b.pax, b.totalPrice, a.lName, a.fName, a.mName, br.branchName
        ORDER BY CAST(SUBSTRING_INDEX(b.transactNo, '-', -1) AS UNSIGNED)
[2025-08-13 09:54:33] Total records fetched: 98
[2025-08-13 09:54:33] WHERE clause: 
[2025-08-13 09:54:33] SQL Query: SELECT b.transactNo, DATE_FORMAT(f.flightDepartureDate, '%Y.%m.%d') AS departureDate, f.returnDepartureDate AS returnDate, 
        b.status AS bookingStatus, CONCAT(f.flightDepartureDate, ' | ', f.returnDepartureDate) AS FlightDate, 
        p.packageName AS PackageName, b.bookingDate, b.pax AS TotalPax,  
        b.totalPrice AS PackagePrice, br.branchName as branchName, COALESCE(SUM(pa.amount), 0) AS TotalAmountPaid,
        CONCAT(a.lName, ', ', a.fName, ' ', IFNULL(CONCAT(SUBSTRING(a.mName, 1, 1), '.'), '')) AS agentName,
        COALESCE(SUM(r.requestCost), 0) AS TotalRequestAmount
        FROM booking b
        JOIN branch br ON b.agentCode = br.branchAgentCode
        JOIN flight f ON f.flightId = b.flightId
        JOIN package p ON p.packageId = b.packageId
        LEFT JOIN agent a ON b.accountType = 'Agent' AND b.accountId = a.accountId
        LEFT JOIN company c ON a.companyId = c.companyId
        LEFT JOIN client cl ON b.accountType = 'Client' AND b.accountId = cl.accountId
        LEFT JOIN company cc ON cl.companyId = cc.companyId
        LEFT JOIN payment pa ON pa.transactNo = b.transactNo AND pa.paymentStatus = 'Approved'
        LEFT JOIN request r ON r.transactNo = b.transactNo AND r.requestStatus = 'Confirmed'
        
        GROUP BY b.transactNo, f.flightDepartureDate, f.returnDepartureDate, b.status, 
                 p.packageName, b.bookingDate, b.pax, b.totalPrice, a.lName, a.fName, a.mName, br.branchName
        ORDER BY CAST(SUBSTRING_INDEX(b.transactNo, '-', -1) AS UNSIGNED)
[2025-08-13 09:54:33] Total records fetched: 98
[2025-08-13 09:55:13] WHERE clause: 
[2025-08-13 09:55:13] SQL Query: SELECT b.transactNo, DATE_FORMAT(f.flightDepartureDate, '%Y.%m.%d') AS departureDate, f.returnDepartureDate AS returnDate, 
        b.status AS bookingStatus, CONCAT(f.flightDepartureDate, ' | ', f.returnDepartureDate) AS FlightDate, 
        p.packageName AS PackageName, b.bookingDate, b.pax AS TotalPax,  
        b.totalPrice AS PackagePrice, br.branchName as branchName, COALESCE(SUM(pa.amount), 0) AS TotalAmountPaid,
        CONCAT(a.lName, ', ', a.fName, ' ', IFNULL(CONCAT(SUBSTRING(a.mName, 1, 1), '.'), '')) AS agentName,
        COALESCE(SUM(r.requestCost), 0) AS TotalRequestAmount
        FROM booking b
        JOIN branch br ON b.agentCode = br.branchAgentCode
        JOIN flight f ON f.flightId = b.flightId
        JOIN package p ON p.packageId = b.packageId
        LEFT JOIN agent a ON b.accountType = 'Agent' AND b.accountId = a.accountId
        LEFT JOIN company c ON a.companyId = c.companyId
        LEFT JOIN client cl ON b.accountType = 'Client' AND b.accountId = cl.accountId
        LEFT JOIN company cc ON cl.companyId = cc.companyId
        LEFT JOIN payment pa ON pa.transactNo = b.transactNo AND pa.paymentStatus = 'Approved'
        LEFT JOIN request r ON r.transactNo = b.transactNo AND r.requestStatus = 'Confirmed'
        
        GROUP BY b.transactNo, f.flightDepartureDate, f.returnDepartureDate, b.status, 
                 p.packageName, b.bookingDate, b.pax, b.totalPrice, a.lName, a.fName, a.mName, br.branchName
        ORDER BY CAST(SUBSTRING_INDEX(b.transactNo, '-', -1) AS UNSIGNED)
[2025-08-13 09:55:13] Total records fetched: 98
[2025-08-13 09:55:13] WHERE clause: 
[2025-08-13 09:55:13] SQL Query: SELECT b.transactNo, DATE_FORMAT(f.flightDepartureDate, '%Y.%m.%d') AS departureDate, f.returnDepartureDate AS returnDate, 
        b.status AS bookingStatus, CONCAT(f.flightDepartureDate, ' | ', f.returnDepartureDate) AS FlightDate, 
        p.packageName AS PackageName, b.bookingDate, b.pax AS TotalPax,  
        b.totalPrice AS PackagePrice, br.branchName as branchName, COALESCE(SUM(pa.amount), 0) AS TotalAmountPaid,
        CONCAT(a.lName, ', ', a.fName, ' ', IFNULL(CONCAT(SUBSTRING(a.mName, 1, 1), '.'), '')) AS agentName,
        COALESCE(SUM(r.requestCost), 0) AS TotalRequestAmount
        FROM booking b
        JOIN branch br ON b.agentCode = br.branchAgentCode
        JOIN flight f ON f.flightId = b.flightId
        JOIN package p ON p.packageId = b.packageId
        LEFT JOIN agent a ON b.accountType = 'Agent' AND b.accountId = a.accountId
        LEFT JOIN company c ON a.companyId = c.companyId
        LEFT JOIN client cl ON b.accountType = 'Client' AND b.accountId = cl.accountId
        LEFT JOIN company cc ON cl.companyId = cc.companyId
        LEFT JOIN payment pa ON pa.transactNo = b.transactNo AND pa.paymentStatus = 'Approved'
        LEFT JOIN request r ON r.transactNo = b.transactNo AND r.requestStatus = 'Confirmed'
        
        GROUP BY b.transactNo, f.flightDepartureDate, f.returnDepartureDate, b.status, 
                 p.packageName, b.bookingDate, b.pax, b.totalPrice, a.lName, a.fName, a.mName, br.branchName
        ORDER BY CAST(SUBSTRING_INDEX(b.transactNo, '-', -1) AS UNSIGNED)
[2025-08-13 09:55:13] Total records fetched: 98
[2025-08-13 09:55:14] WHERE clause: 
[2025-08-13 09:55:14] SQL Query: SELECT b.transactNo, DATE_FORMAT(f.flightDepartureDate, '%Y.%m.%d') AS departureDate, f.returnDepartureDate AS returnDate, 
        b.status AS bookingStatus, CONCAT(f.flightDepartureDate, ' | ', f.returnDepartureDate) AS FlightDate, 
        p.packageName AS PackageName, b.bookingDate, b.pax AS TotalPax,  
        b.totalPrice AS PackagePrice, br.branchName as branchName, COALESCE(SUM(pa.amount), 0) AS TotalAmountPaid,
        CONCAT(a.lName, ', ', a.fName, ' ', IFNULL(CONCAT(SUBSTRING(a.mName, 1, 1), '.'), '')) AS agentName,
        COALESCE(SUM(r.requestCost), 0) AS TotalRequestAmount
        FROM booking b
        JOIN branch br ON b.agentCode = br.branchAgentCode
        JOIN flight f ON f.flightId = b.flightId
        JOIN package p ON p.packageId = b.packageId
        LEFT JOIN agent a ON b.accountType = 'Agent' AND b.accountId = a.accountId
        LEFT JOIN company c ON a.companyId = c.companyId
        LEFT JOIN client cl ON b.accountType = 'Client' AND b.accountId = cl.accountId
        LEFT JOIN company cc ON cl.companyId = cc.companyId
        LEFT JOIN payment pa ON pa.transactNo = b.transactNo AND pa.paymentStatus = 'Approved'
        LEFT JOIN request r ON r.transactNo = b.transactNo AND r.requestStatus = 'Confirmed'
        
        GROUP BY b.transactNo, f.flightDepartureDate, f.returnDepartureDate, b.status, 
                 p.packageName, b.bookingDate, b.pax, b.totalPrice, a.lName, a.fName, a.mName, br.branchName
        ORDER BY CAST(SUBSTRING_INDEX(b.transactNo, '-', -1) AS UNSIGNED)
[2025-08-13 09:55:14] WHERE clause: 
[2025-08-13 09:55:14] SQL Query: SELECT b.transactNo, DATE_FORMAT(f.flightDepartureDate, '%Y.%m.%d') AS departureDate, f.returnDepartureDate AS returnDate, 
        b.status AS bookingStatus, CONCAT(f.flightDepartureDate, ' | ', f.returnDepartureDate) AS FlightDate, 
        p.packageName AS PackageName, b.bookingDate, b.pax AS TotalPax,  
        b.totalPrice AS PackagePrice, br.branchName as branchName, COALESCE(SUM(pa.amount), 0) AS TotalAmountPaid,
        CONCAT(a.lName, ', ', a.fName, ' ', IFNULL(CONCAT(SUBSTRING(a.mName, 1, 1), '.'), '')) AS agentName,
        COALESCE(SUM(r.requestCost), 0) AS TotalRequestAmount
        FROM booking b
        JOIN branch br ON b.agentCode = br.branchAgentCode
        JOIN flight f ON f.flightId = b.flightId
        JOIN package p ON p.packageId = b.packageId
        LEFT JOIN agent a ON b.accountType = 'Agent' AND b.accountId = a.accountId
        LEFT JOIN company c ON a.companyId = c.companyId
        LEFT JOIN client cl ON b.accountType = 'Client' AND b.accountId = cl.accountId
        LEFT JOIN company cc ON cl.companyId = cc.companyId
        LEFT JOIN payment pa ON pa.transactNo = b.transactNo AND pa.paymentStatus = 'Approved'
        LEFT JOIN request r ON r.transactNo = b.transactNo AND r.requestStatus = 'Confirmed'
        
        GROUP BY b.transactNo, f.flightDepartureDate, f.returnDepartureDate, b.status, 
                 p.packageName, b.bookingDate, b.pax, b.totalPrice, a.lName, a.fName, a.mName, br.branchName
        ORDER BY CAST(SUBSTRING_INDEX(b.transactNo, '-', -1) AS UNSIGNED)
[2025-08-13 09:55:14] Total records fetched: 98
[2025-08-13 09:55:14] Total records fetched: 98
[2025-08-14 03:31:54] WHERE clause: 
[2025-08-14 03:31:54] SQL Query: SELECT b.transactNo, DATE_FORMAT(f.flightDepartureDate, '%Y.%m.%d') AS departureDate, f.returnDepartureDate AS returnDate, 
        b.status AS bookingStatus, CONCAT(f.flightDepartureDate, ' | ', f.returnDepartureDate) AS FlightDate, 
        p.packageName AS PackageName, b.bookingDate, b.pax AS TotalPax,  
        b.totalPrice AS PackagePrice, br.branchName as branchName, COALESCE(SUM(pa.amount), 0) AS TotalAmountPaid,
        CONCAT(a.lName, ', ', a.fName, ' ', IFNULL(CONCAT(SUBSTRING(a.mName, 1, 1), '.'), '')) AS agentName,
        COALESCE(SUM(r.requestCost), 0) AS TotalRequestAmount
        FROM booking b
        JOIN branch br ON b.agentCode = br.branchAgentCode
        JOIN flight f ON f.flightId = b.flightId
        JOIN package p ON p.packageId = b.packageId
        LEFT JOIN agent a ON b.accountType = 'Agent' AND b.accountId = a.accountId
        LEFT JOIN company c ON a.companyId = c.companyId
        LEFT JOIN client cl ON b.accountType = 'Client' AND b.accountId = cl.accountId
        LEFT JOIN company cc ON cl.companyId = cc.companyId
        LEFT JOIN payment pa ON pa.transactNo = b.transactNo AND pa.paymentStatus = 'Approved'
        LEFT JOIN request r ON r.transactNo = b.transactNo AND r.requestStatus = 'Confirmed'
        
        GROUP BY b.transactNo, f.flightDepartureDate, f.returnDepartureDate, b.status, 
                 p.packageName, b.bookingDate, b.pax, b.totalPrice, a.lName, a.fName, a.mName, br.branchName
        ORDER BY CAST(SUBSTRING_INDEX(b.transactNo, '-', -1) AS UNSIGNED)
[2025-08-14 03:31:54] Total records fetched: 98
[2025-08-14 03:31:54] WHERE clause: 
[2025-08-14 03:31:54] SQL Query: SELECT b.transactNo, DATE_FORMAT(f.flightDepartureDate, '%Y.%m.%d') AS departureDate, f.returnDepartureDate AS returnDate, 
        b.status AS bookingStatus, CONCAT(f.flightDepartureDate, ' | ', f.returnDepartureDate) AS FlightDate, 
        p.packageName AS PackageName, b.bookingDate, b.pax AS TotalPax,  
        b.totalPrice AS PackagePrice, br.branchName as branchName, COALESCE(SUM(pa.amount), 0) AS TotalAmountPaid,
        CONCAT(a.lName, ', ', a.fName, ' ', IFNULL(CONCAT(SUBSTRING(a.mName, 1, 1), '.'), '')) AS agentName,
        COALESCE(SUM(r.requestCost), 0) AS TotalRequestAmount
        FROM booking b
        JOIN branch br ON b.agentCode = br.branchAgentCode
        JOIN flight f ON f.flightId = b.flightId
        JOIN package p ON p.packageId = b.packageId
        LEFT JOIN agent a ON b.accountType = 'Agent' AND b.accountId = a.accountId
        LEFT JOIN company c ON a.companyId = c.companyId
        LEFT JOIN client cl ON b.accountType = 'Client' AND b.accountId = cl.accountId
        LEFT JOIN company cc ON cl.companyId = cc.companyId
        LEFT JOIN payment pa ON pa.transactNo = b.transactNo AND pa.paymentStatus = 'Approved'
        LEFT JOIN request r ON r.transactNo = b.transactNo AND r.requestStatus = 'Confirmed'
        
        GROUP BY b.transactNo, f.flightDepartureDate, f.returnDepartureDate, b.status, 
                 p.packageName, b.bookingDate, b.pax, b.totalPrice, a.lName, a.fName, a.mName, br.branchName
        ORDER BY CAST(SUBSTRING_INDEX(b.transactNo, '-', -1) AS UNSIGNED)
[2025-08-14 03:31:54] Total records fetched: 98
[2025-08-14 07:05:03] WHERE clause: 
[2025-08-14 07:05:03] SQL Query: SELECT b.transactNo, DATE_FORMAT(f.flightDepartureDate, '%Y.%m.%d') AS departureDate, f.returnDepartureDate AS returnDate, 
        b.status AS bookingStatus, CONCAT(f.flightDepartureDate, ' | ', f.returnDepartureDate) AS FlightDate, 
        p.packageName AS PackageName, b.bookingDate, b.pax AS TotalPax,  
        b.totalPrice AS PackagePrice, br.branchName as branchName, COALESCE(SUM(pa.amount), 0) AS TotalAmountPaid,
        CONCAT(a.lName, ', ', a.fName, ' ', IFNULL(CONCAT(SUBSTRING(a.mName, 1, 1), '.'), '')) AS agentName,
        COALESCE(SUM(r.requestCost), 0) AS TotalRequestAmount
        FROM booking b
        JOIN branch br ON b.agentCode = br.branchAgentCode
        JOIN flight f ON f.flightId = b.flightId
        JOIN package p ON p.packageId = b.packageId
        LEFT JOIN agent a ON b.accountType = 'Agent' AND b.accountId = a.accountId
        LEFT JOIN company c ON a.companyId = c.companyId
        LEFT JOIN client cl ON b.accountType = 'Client' AND b.accountId = cl.accountId
        LEFT JOIN company cc ON cl.companyId = cc.companyId
        LEFT JOIN payment pa ON pa.transactNo = b.transactNo AND pa.paymentStatus = 'Approved'
        LEFT JOIN request r ON r.transactNo = b.transactNo AND r.requestStatus = 'Confirmed'
        
        GROUP BY b.transactNo, f.flightDepartureDate, f.returnDepartureDate, b.status, 
                 p.packageName, b.bookingDate, b.pax, b.totalPrice, a.lName, a.fName, a.mName, br.branchName
        ORDER BY CAST(SUBSTRING_INDEX(b.transactNo, '-', -1) AS UNSIGNED)
[2025-08-14 07:05:03] SQL Query: SELECT b.transactNo, DATE_FORMAT(f.flightDepartureDate, '%Y.%m.%d') AS departureDate, f.returnDepartureDate AS returnDate, 
        b.status AS bookingStatus, CONCAT(f.flightDepartureDate, ' | ', f.returnDepartureDate) AS FlightDate, 
        p.packageName AS PackageName, b.bookingDate, b.pax AS TotalPax,  
        b.totalPrice AS PackagePrice, br.branchName as branchName, COALESCE(SUM(pa.amount), 0) AS TotalAmountPaid,
        CONCAT(a.lName, ', ', a.fName, ' ', IFNULL(CONCAT(SUBSTRING(a.mName, 1, 1), '.'), '')) AS agentName,
        COALESCE(SUM(r.requestCost), 0) AS TotalRequestAmount
        FROM booking b
        JOIN branch br ON b.agentCode = br.branchAgentCode
        JOIN flight f ON f.flightId = b.flightId
        JOIN package p ON p.packageId = b.packageId
        LEFT JOIN agent a ON b.accountType = 'Agent' AND b.accountId = a.accountId
        LEFT JOIN company c ON a.companyId = c.companyId
        LEFT JOIN client cl ON b.accountType = 'Client' AND b.accountId = cl.accountId
        LEFT JOIN company cc ON cl.companyId = cc.companyId
        LEFT JOIN payment pa ON pa.transactNo = b.transactNo AND pa.paymentStatus = 'Approved'
        LEFT JOIN request r ON r.transactNo = b.transactNo AND r.requestStatus = 'Confirmed'
        
        GROUP BY b.transactNo, f.flightDepartureDate, f.returnDepartureDate, b.status, 
                 p.packageName, b.bookingDate, b.pax, b.totalPrice, a.lName, a.fName, a.mName, br.branchName
        ORDER BY CAST(SUBSTRING_INDEX(b.transactNo, '-', -1) AS UNSIGNED)
[2025-08-14 07:05:03] Total records fetched: 98
[2025-08-14 07:05:03] Total records fetched: 98
[2025-08-14 09:09:45] WHERE clause: 
[2025-08-14 09:09:45] SQL Query: SELECT b.transactNo, DATE_FORMAT(f.flightDepartureDate, '%Y.%m.%d') AS departureDate, f.returnDepartureDate AS returnDate, 
        b.status AS bookingStatus, CONCAT(f.flightDepartureDate, ' | ', f.returnDepartureDate) AS FlightDate, 
        p.packageName AS PackageName, b.bookingDate, b.pax AS TotalPax,  
        b.totalPrice AS PackagePrice, br.branchName as branchName, COALESCE(SUM(pa.amount), 0) AS TotalAmountPaid,
        CONCAT(a.lName, ', ', a.fName, ' ', IFNULL(CONCAT(SUBSTRING(a.mName, 1, 1), '.'), '')) AS agentName,
        COALESCE(SUM(r.requestCost), 0) AS TotalRequestAmount
        FROM booking b
        JOIN branch br ON b.agentCode = br.branchAgentCode
        JOIN flight f ON f.flightId = b.flightId
        JOIN package p ON p.packageId = b.packageId
        LEFT JOIN agent a ON b.accountType = 'Agent' AND b.accountId = a.accountId
        LEFT JOIN company c ON a.companyId = c.companyId
        LEFT JOIN client cl ON b.accountType = 'Client' AND b.accountId = cl.accountId
        LEFT JOIN company cc ON cl.companyId = cc.companyId
        LEFT JOIN payment pa ON pa.transactNo = b.transactNo AND pa.paymentStatus = 'Approved'
        LEFT JOIN request r ON r.transactNo = b.transactNo AND r.requestStatus = 'Confirmed'
        
        GROUP BY b.transactNo, f.flightDepartureDate, f.returnDepartureDate, b.status, 
                 p.packageName, b.bookingDate, b.pax, b.totalPrice, a.lName, a.fName, a.mName, br.branchName
        ORDER BY CAST(SUBSTRING_INDEX(b.transactNo, '-', -1) AS UNSIGNED)
[2025-08-14 09:09:45] WHERE clause: 
[2025-08-14 09:09:45] SQL Query: SELECT b.transactNo, DATE_FORMAT(f.flightDepartureDate, '%Y.%m.%d') AS departureDate, f.returnDepartureDate AS returnDate, 
        b.status AS bookingStatus, CONCAT(f.flightDepartureDate, ' | ', f.returnDepartureDate) AS FlightDate, 
        p.packageName AS PackageName, b.bookingDate, b.pax AS TotalPax,  
        b.totalPrice AS PackagePrice, br.branchName as branchName, COALESCE(SUM(pa.amount), 0) AS TotalAmountPaid,
        CONCAT(a.lName, ', ', a.fName, ' ', IFNULL(CONCAT(SUBSTRING(a.mName, 1, 1), '.'), '')) AS agentName,
        COALESCE(SUM(r.requestCost), 0) AS TotalRequestAmount
        FROM booking b
        JOIN branch br ON b.agentCode = br.branchAgentCode
        JOIN flight f ON f.flightId = b.flightId
        JOIN package p ON p.packageId = b.packageId
        LEFT JOIN agent a ON b.accountType = 'Agent' AND b.accountId = a.accountId
        LEFT JOIN company c ON a.companyId = c.companyId
        LEFT JOIN client cl ON b.accountType = 'Client' AND b.accountId = cl.accountId
        LEFT JOIN company cc ON cl.companyId = cc.companyId
        LEFT JOIN payment pa ON pa.transactNo = b.transactNo AND pa.paymentStatus = 'Approved'
        LEFT JOIN request r ON r.transactNo = b.transactNo AND r.requestStatus = 'Confirmed'
        
        GROUP BY b.transactNo, f.flightDepartureDate, f.returnDepartureDate, b.status, 
                 p.packageName, b.bookingDate, b.pax, b.totalPrice, a.lName, a.fName, a.mName, br.branchName
        ORDER BY CAST(SUBSTRING_INDEX(b.transactNo, '-', -1) AS UNSIGNED)
[2025-08-14 09:09:45] Total records fetched: 98
[2025-08-14 09:09:45] Total records fetched: 98
[2025-08-14 09:09:58] WHERE clause: 
[2025-08-14 09:09:58] WHERE clause: 
[2025-08-14 09:09:58] SQL Query: SELECT b.transactNo, DATE_FORMAT(f.flightDepartureDate, '%Y.%m.%d') AS departureDate, f.returnDepartureDate AS returnDate, 
        b.status AS bookingStatus, CONCAT(f.flightDepartureDate, ' | ', f.returnDepartureDate) AS FlightDate, 
        p.packageName AS PackageName, b.bookingDate, b.pax AS TotalPax,  
        b.totalPrice AS PackagePrice, br.branchName as branchName, COALESCE(SUM(pa.amount), 0) AS TotalAmountPaid,
        CONCAT(a.lName, ', ', a.fName, ' ', IFNULL(CONCAT(SUBSTRING(a.mName, 1, 1), '.'), '')) AS agentName,
        COALESCE(SUM(r.requestCost), 0) AS TotalRequestAmount
        FROM booking b
        JOIN branch br ON b.agentCode = br.branchAgentCode
        JOIN flight f ON f.flightId = b.flightId
        JOIN package p ON p.packageId = b.packageId
        LEFT JOIN agent a ON b.accountType = 'Agent' AND b.accountId = a.accountId
        LEFT JOIN company c ON a.companyId = c.companyId
        LEFT JOIN client cl ON b.accountType = 'Client' AND b.accountId = cl.accountId
        LEFT JOIN company cc ON cl.companyId = cc.companyId
        LEFT JOIN payment pa ON pa.transactNo = b.transactNo AND pa.paymentStatus = 'Approved'
        LEFT JOIN request r ON r.transactNo = b.transactNo AND r.requestStatus = 'Confirmed'
        
        GROUP BY b.transactNo, f.flightDepartureDate, f.returnDepartureDate, b.status, 
                 p.packageName, b.bookingDate, b.pax, b.totalPrice, a.lName, a.fName, a.mName, br.branchName
        ORDER BY CAST(SUBSTRING_INDEX(b.transactNo, '-', -1) AS UNSIGNED)
[2025-08-14 09:09:58] Total records fetched: 98
[2025-08-14 09:09:58] Total records fetched: 98
[2025-08-14 09:13:11] WHERE clause: 
[2025-08-14 09:13:11] SQL Query: SELECT b.transactNo, DATE_FORMAT(f.flightDepartureDate, '%Y.%m.%d') AS departureDate, f.returnDepartureDate AS returnDate, 
        b.status AS bookingStatus, CONCAT(f.flightDepartureDate, ' | ', f.returnDepartureDate) AS FlightDate, 
        p.packageName AS PackageName, b.bookingDate, b.pax AS TotalPax,  
        b.totalPrice AS PackagePrice, br.branchName as branchName, COALESCE(SUM(pa.amount), 0) AS TotalAmountPaid,
        CONCAT(a.lName, ', ', a.fName, ' ', IFNULL(CONCAT(SUBSTRING(a.mName, 1, 1), '.'), '')) AS agentName,
        COALESCE(SUM(r.requestCost), 0) AS TotalRequestAmount
        FROM booking b
        JOIN branch br ON b.agentCode = br.branchAgentCode
        JOIN flight f ON f.flightId = b.flightId
        JOIN package p ON p.packageId = b.packageId
        LEFT JOIN agent a ON b.accountType = 'Agent' AND b.accountId = a.accountId
        LEFT JOIN company c ON a.companyId = c.companyId
        LEFT JOIN client cl ON b.accountType = 'Client' AND b.accountId = cl.accountId
        LEFT JOIN company cc ON cl.companyId = cc.companyId
        LEFT JOIN payment pa ON pa.transactNo = b.transactNo AND pa.paymentStatus = 'Approved'
        LEFT JOIN request r ON r.transactNo = b.transactNo AND r.requestStatus = 'Confirmed'
        
        GROUP BY b.transactNo, f.flightDepartureDate, f.returnDepartureDate, b.status, 
                 p.packageName, b.bookingDate, b.pax, b.totalPrice, a.lName, a.fName, a.mName, br.branchName
        ORDER BY CAST(SUBSTRING_INDEX(b.transactNo, '-', -1) AS UNSIGNED)
[2025-08-14 09:13:11] Total records fetched: 98
[2025-08-14 09:42:26] WHERE clause: 
[2025-08-14 09:42:26] SQL Query: SELECT b.transactNo, DATE_FORMAT(f.flightDepartureDate, '%Y.%m.%d') AS departureDate, f.returnDepartureDate AS returnDate, 
        b.status AS bookingStatus, CONCAT(f.flightDepartureDate, ' | ', f.returnDepartureDate) AS FlightDate, 
        p.packageName AS PackageName, b.bookingDate, b.pax AS TotalPax,  
        b.totalPrice AS PackagePrice, br.branchName as branchName, COALESCE(SUM(pa.amount), 0) AS TotalAmountPaid,
        CONCAT(a.lName, ', ', a.fName, ' ', IFNULL(CONCAT(SUBSTRING(a.mName, 1, 1), '.'), '')) AS agentName,
        COALESCE(SUM(r.requestCost), 0) AS TotalRequestAmount
        FROM booking b
        JOIN branch br ON b.agentCode = br.branchAgentCode
        JOIN flight f ON f.flightId = b.flightId
        JOIN package p ON p.packageId = b.packageId
        LEFT JOIN agent a ON b.accountType = 'Agent' AND b.accountId = a.accountId
        LEFT JOIN company c ON a.companyId = c.companyId
        LEFT JOIN client cl ON b.accountType = 'Client' AND b.accountId = cl.accountId
        LEFT JOIN company cc ON cl.companyId = cc.companyId
        LEFT JOIN payment pa ON pa.transactNo = b.transactNo AND pa.paymentStatus = 'Approved'
        LEFT JOIN request r ON r.transactNo = b.transactNo AND r.requestStatus = 'Confirmed'
        
        GROUP BY b.transactNo, f.flightDepartureDate, f.returnDepartureDate, b.status, 
                 p.packageName, b.bookingDate, b.pax, b.totalPrice, a.lName, a.fName, a.mName, br.branchName
        ORDER BY CAST(SUBSTRING_INDEX(b.transactNo, '-', -1) AS UNSIGNED)
[2025-08-14 09:42:26] Total records fetched: 98
[2025-08-14 09:42:26] WHERE clause: 
[2025-08-14 09:42:26] SQL Query: SELECT b.transactNo, DATE_FORMAT(f.flightDepartureDate, '%Y.%m.%d') AS departureDate, f.returnDepartureDate AS returnDate, 
        b.status AS bookingStatus, CONCAT(f.flightDepartureDate, ' | ', f.returnDepartureDate) AS FlightDate, 
        p.packageName AS PackageName, b.bookingDate, b.pax AS TotalPax,  
        b.totalPrice AS PackagePrice, br.branchName as branchName, COALESCE(SUM(pa.amount), 0) AS TotalAmountPaid,
        CONCAT(a.lName, ', ', a.fName, ' ', IFNULL(CONCAT(SUBSTRING(a.mName, 1, 1), '.'), '')) AS agentName,
        COALESCE(SUM(r.requestCost), 0) AS TotalRequestAmount
        FROM booking b
        JOIN branch br ON b.agentCode = br.branchAgentCode
        JOIN flight f ON f.flightId = b.flightId
        JOIN package p ON p.packageId = b.packageId
        LEFT JOIN agent a ON b.accountType = 'Agent' AND b.accountId = a.accountId
        LEFT JOIN company c ON a.companyId = c.companyId
        LEFT JOIN client cl ON b.accountType = 'Client' AND b.accountId = cl.accountId
        LEFT JOIN company cc ON cl.companyId = cc.companyId
        LEFT JOIN payment pa ON pa.transactNo = b.transactNo AND pa.paymentStatus = 'Approved'
        LEFT JOIN request r ON r.transactNo = b.transactNo AND r.requestStatus = 'Confirmed'
        
        GROUP BY b.transactNo, f.flightDepartureDate, f.returnDepartureDate, b.status, 
                 p.packageName, b.bookingDate, b.pax, b.totalPrice, a.lName, a.fName, a.mName, br.branchName
        ORDER BY CAST(SUBSTRING_INDEX(b.transactNo, '-', -1) AS UNSIGNED)
[2025-08-14 09:42:26] Total records fetched: 98
[2025-08-14 10:24:57] WHERE clause: 
[2025-08-14 10:24:57] SQL Query: SELECT b.transactNo, DATE_FORMAT(f.flightDepartureDate, '%Y.%m.%d') AS departureDate, f.returnDepartureDate AS returnDate, 
        b.status AS bookingStatus, CONCAT(f.flightDepartureDate, ' | ', f.returnDepartureDate) AS FlightDate, 
        p.packageName AS PackageName, b.bookingDate, b.pax AS TotalPax,  
        b.totalPrice AS PackagePrice, br.branchName as branchName, COALESCE(SUM(pa.amount), 0) AS TotalAmountPaid,
        CONCAT(a.lName, ', ', a.fName, ' ', IFNULL(CONCAT(SUBSTRING(a.mName, 1, 1), '.'), '')) AS agentName,
        COALESCE(SUM(r.requestCost), 0) AS TotalRequestAmount
        FROM booking b
        JOIN branch br ON b.agentCode = br.branchAgentCode
        JOIN flight f ON f.flightId = b.flightId
        JOIN package p ON p.packageId = b.packageId
        LEFT JOIN agent a ON b.accountType = 'Agent' AND b.accountId = a.accountId
        LEFT JOIN company c ON a.companyId = c.companyId
        LEFT JOIN client cl ON b.accountType = 'Client' AND b.accountId = cl.accountId
        LEFT JOIN company cc ON cl.companyId = cc.companyId
        LEFT JOIN payment pa ON pa.transactNo = b.transactNo AND pa.paymentStatus = 'Approved'
        LEFT JOIN request r ON r.transactNo = b.transactNo AND r.requestStatus = 'Confirmed'
        
        GROUP BY b.transactNo, f.flightDepartureDate, f.returnDepartureDate, b.status, 
                 p.packageName, b.bookingDate, b.pax, b.totalPrice, a.lName, a.fName, a.mName, br.branchName
        ORDER BY CAST(SUBSTRING_INDEX(b.transactNo, '-', -1) AS UNSIGNED)
[2025-08-14 10:24:57] WHERE clause: 
[2025-08-14 10:24:57] SQL Query: SELECT b.transactNo, DATE_FORMAT(f.flightDepartureDate, '%Y.%m.%d') AS departureDate, f.returnDepartureDate AS returnDate, 
        b.status AS bookingStatus, CONCAT(f.flightDepartureDate, ' | ', f.returnDepartureDate) AS FlightDate, 
        p.packageName AS PackageName, b.bookingDate, b.pax AS TotalPax,  
        b.totalPrice AS PackagePrice, br.branchName as branchName, COALESCE(SUM(pa.amount), 0) AS TotalAmountPaid,
        CONCAT(a.lName, ', ', a.fName, ' ', IFNULL(CONCAT(SUBSTRING(a.mName, 1, 1), '.'), '')) AS agentName,
        COALESCE(SUM(r.requestCost), 0) AS TotalRequestAmount
        FROM booking b
        JOIN branch br ON b.agentCode = br.branchAgentCode
        JOIN flight f ON f.flightId = b.flightId
        JOIN package p ON p.packageId = b.packageId
        LEFT JOIN agent a ON b.accountType = 'Agent' AND b.accountId = a.accountId
        LEFT JOIN company c ON a.companyId = c.companyId
        LEFT JOIN client cl ON b.accountType = 'Client' AND b.accountId = cl.accountId
        LEFT JOIN company cc ON cl.companyId = cc.companyId
        LEFT JOIN payment pa ON pa.transactNo = b.transactNo AND pa.paymentStatus = 'Approved'
        LEFT JOIN request r ON r.transactNo = b.transactNo AND r.requestStatus = 'Confirmed'
        
        GROUP BY b.transactNo, f.flightDepartureDate, f.returnDepartureDate, b.status, 
                 p.packageName, b.bookingDate, b.pax, b.totalPrice, a.lName, a.fName, a.mName, br.branchName
        ORDER BY CAST(SUBSTRING_INDEX(b.transactNo, '-', -1) AS UNSIGNED)
[2025-08-14 10:24:57] Total records fetched: 98
[2025-08-14 10:24:57] Total records fetched: 98
[2025-08-14 10:25:59] WHERE clause: 
[2025-08-14 10:25:59] SQL Query: SELECT b.transactNo, DATE_FORMAT(f.flightDepartureDate, '%Y.%m.%d') AS departureDate, f.returnDepartureDate AS returnDate, 
        b.status AS bookingStatus, CONCAT(f.flightDepartureDate, ' | ', f.returnDepartureDate) AS FlightDate, 
        p.packageName AS PackageName, b.bookingDate, b.pax AS TotalPax,  
        b.totalPrice AS PackagePrice, br.branchName as branchName, COALESCE(SUM(pa.amount), 0) AS TotalAmountPaid,
        CONCAT(a.lName, ', ', a.fName, ' ', IFNULL(CONCAT(SUBSTRING(a.mName, 1, 1), '.'), '')) AS agentName,
        COALESCE(SUM(r.requestCost), 0) AS TotalRequestAmount
        FROM booking b
        JOIN branch br ON b.agentCode = br.branchAgentCode
        JOIN flight f ON f.flightId = b.flightId
        JOIN package p ON p.packageId = b.packageId
        LEFT JOIN agent a ON b.accountType = 'Agent' AND b.accountId = a.accountId
        LEFT JOIN company c ON a.companyId = c.companyId
        LEFT JOIN client cl ON b.accountType = 'Client' AND b.accountId = cl.accountId
        LEFT JOIN company cc ON cl.companyId = cc.companyId
        LEFT JOIN payment pa ON pa.transactNo = b.transactNo AND pa.paymentStatus = 'Approved'
        LEFT JOIN request r ON r.transactNo = b.transactNo AND r.requestStatus = 'Confirmed'
        
        GROUP BY b.transactNo, f.flightDepartureDate, f.returnDepartureDate, b.status, 
                 p.packageName, b.bookingDate, b.pax, b.totalPrice, a.lName, a.fName, a.mName, br.branchName
        ORDER BY CAST(SUBSTRING_INDEX(b.transactNo, '-', -1) AS UNSIGNED)
[2025-08-14 10:25:59] WHERE clause: 
[2025-08-14 10:25:59] SQL Query: SELECT b.transactNo, DATE_FORMAT(f.flightDepartureDate, '%Y.%m.%d') AS departureDate, f.returnDepartureDate AS returnDate, 
        b.status AS bookingStatus, CONCAT(f.flightDepartureDate, ' | ', f.returnDepartureDate) AS FlightDate, 
        p.packageName AS PackageName, b.bookingDate, b.pax AS TotalPax,  
        b.totalPrice AS PackagePrice, br.branchName as branchName, COALESCE(SUM(pa.amount), 0) AS TotalAmountPaid,
        CONCAT(a.lName, ', ', a.fName, ' ', IFNULL(CONCAT(SUBSTRING(a.mName, 1, 1), '.'), '')) AS agentName,
        COALESCE(SUM(r.requestCost), 0) AS TotalRequestAmount
        FROM booking b
        JOIN branch br ON b.agentCode = br.branchAgentCode
        JOIN flight f ON f.flightId = b.flightId
        JOIN package p ON p.packageId = b.packageId
        LEFT JOIN agent a ON b.accountType = 'Agent' AND b.accountId = a.accountId
        LEFT JOIN company c ON a.companyId = c.companyId
        LEFT JOIN client cl ON b.accountType = 'Client' AND b.accountId = cl.accountId
        LEFT JOIN company cc ON cl.companyId = cc.companyId
        LEFT JOIN payment pa ON pa.transactNo = b.transactNo AND pa.paymentStatus = 'Approved'
        LEFT JOIN request r ON r.transactNo = b.transactNo AND r.requestStatus = 'Confirmed'
        
        GROUP BY b.transactNo, f.flightDepartureDate, f.returnDepartureDate, b.status, 
                 p.packageName, b.bookingDate, b.pax, b.totalPrice, a.lName, a.fName, a.mName, br.branchName
        ORDER BY CAST(SUBSTRING_INDEX(b.transactNo, '-', -1) AS UNSIGNED)
[2025-08-14 10:25:59] Total records fetched: 98
[2025-08-14 10:25:59] Total records fetched: 98
[2025-08-15 03:16:19] WHERE clause: 
[2025-08-15 03:16:19] SQL Query: SELECT b.transactNo, DATE_FORMAT(f.flightDepartureDate, '%Y.%m.%d') AS departureDate, f.returnDepartureDate AS returnDate, 
        b.status AS bookingStatus, CONCAT(f.flightDepartureDate, ' | ', f.returnDepartureDate) AS FlightDate, 
        p.packageName AS PackageName, b.bookingDate, b.pax AS TotalPax,  
        b.totalPrice AS PackagePrice, br.branchName as branchName, COALESCE(SUM(pa.amount), 0) AS TotalAmountPaid,
        CONCAT(a.lName, ', ', a.fName, ' ', IFNULL(CONCAT(SUBSTRING(a.mName, 1, 1), '.'), '')) AS agentName,
        COALESCE(SUM(r.requestCost), 0) AS TotalRequestAmount
        FROM booking b
        JOIN branch br ON b.agentCode = br.branchAgentCode
        JOIN flight f ON f.flightId = b.flightId
        JOIN package p ON p.packageId = b.packageId
        LEFT JOIN agent a ON b.accountType = 'Agent' AND b.accountId = a.accountId
        LEFT JOIN company c ON a.companyId = c.companyId
        LEFT JOIN client cl ON b.accountType = 'Client' AND b.accountId = cl.accountId
        LEFT JOIN company cc ON cl.companyId = cc.companyId
        LEFT JOIN payment pa ON pa.transactNo = b.transactNo AND pa.paymentStatus = 'Approved'
        LEFT JOIN request r ON r.transactNo = b.transactNo AND r.requestStatus = 'Confirmed'
        
        GROUP BY b.transactNo, f.flightDepartureDate, f.returnDepartureDate, b.status, 
                 p.packageName, b.bookingDate, b.pax, b.totalPrice, a.lName, a.fName, a.mName, br.branchName
        ORDER BY CAST(SUBSTRING_INDEX(b.transactNo, '-', -1) AS UNSIGNED)
[2025-08-15 03:16:19] Total records fetched: 98
[2025-08-15 03:16:19] WHERE clause: 
[2025-08-15 03:16:19] SQL Query: SELECT b.transactNo, DATE_FORMAT(f.flightDepartureDate, '%Y.%m.%d') AS departureDate, f.returnDepartureDate AS returnDate, 
        b.status AS bookingStatus, CONCAT(f.flightDepartureDate, ' | ', f.returnDepartureDate) AS FlightDate, 
        p.packageName AS PackageName, b.bookingDate, b.pax AS TotalPax,  
        b.totalPrice AS PackagePrice, br.branchName as branchName, COALESCE(SUM(pa.amount), 0) AS TotalAmountPaid,
        CONCAT(a.lName, ', ', a.fName, ' ', IFNULL(CONCAT(SUBSTRING(a.mName, 1, 1), '.'), '')) AS agentName,
        COALESCE(SUM(r.requestCost), 0) AS TotalRequestAmount
        FROM booking b
        JOIN branch br ON b.agentCode = br.branchAgentCode
        JOIN flight f ON f.flightId = b.flightId
        JOIN package p ON p.packageId = b.packageId
        LEFT JOIN agent a ON b.accountType = 'Agent' AND b.accountId = a.accountId
        LEFT JOIN company c ON a.companyId = c.companyId
        LEFT JOIN client cl ON b.accountType = 'Client' AND b.accountId = cl.accountId
        LEFT JOIN company cc ON cl.companyId = cc.companyId
        LEFT JOIN payment pa ON pa.transactNo = b.transactNo AND pa.paymentStatus = 'Approved'
        LEFT JOIN request r ON r.transactNo = b.transactNo AND r.requestStatus = 'Confirmed'
        
        GROUP BY b.transactNo, f.flightDepartureDate, f.returnDepartureDate, b.status, 
                 p.packageName, b.bookingDate, b.pax, b.totalPrice, a.lName, a.fName, a.mName, br.branchName
        ORDER BY CAST(SUBSTRING_INDEX(b.transactNo, '-', -1) AS UNSIGNED)
[2025-08-15 03:16:19] Total records fetched: 98
[2025-08-15 03:16:20] WHERE clause: 
[2025-08-15 03:16:20] SQL Query: SELECT b.transactNo, DATE_FORMAT(f.flightDepartureDate, '%Y.%m.%d') AS departureDate, f.returnDepartureDate AS returnDate, 
        b.status AS bookingStatus, CONCAT(f.flightDepartureDate, ' | ', f.returnDepartureDate) AS FlightDate, 
        p.packageName AS PackageName, b.bookingDate, b.pax AS TotalPax,  
        b.totalPrice AS PackagePrice, br.branchName as branchName, COALESCE(SUM(pa.amount), 0) AS TotalAmountPaid,
        CONCAT(a.lName, ', ', a.fName, ' ', IFNULL(CONCAT(SUBSTRING(a.mName, 1, 1), '.'), '')) AS agentName,
        COALESCE(SUM(r.requestCost), 0) AS TotalRequestAmount
        FROM booking b
        JOIN branch br ON b.agentCode = br.branchAgentCode
        JOIN flight f ON f.flightId = b.flightId
        JOIN package p ON p.packageId = b.packageId
        LEFT JOIN agent a ON b.accountType = 'Agent' AND b.accountId = a.accountId
        LEFT JOIN company c ON a.companyId = c.companyId
        LEFT JOIN client cl ON b.accountType = 'Client' AND b.accountId = cl.accountId
        LEFT JOIN company cc ON cl.companyId = cc.companyId
        LEFT JOIN payment pa ON pa.transactNo = b.transactNo AND pa.paymentStatus = 'Approved'
        LEFT JOIN request r ON r.transactNo = b.transactNo AND r.requestStatus = 'Confirmed'
        
        GROUP BY b.transactNo, f.flightDepartureDate, f.returnDepartureDate, b.status, 
                 p.packageName, b.bookingDate, b.pax, b.totalPrice, a.lName, a.fName, a.mName, br.branchName
        ORDER BY CAST(SUBSTRING_INDEX(b.transactNo, '-', -1) AS UNSIGNED)
[2025-08-15 03:16:20] Total records fetched: 98
[2025-08-15 03:16:20] WHERE clause: 
[2025-08-15 03:16:20] SQL Query: SELECT b.transactNo, DATE_FORMAT(f.flightDepartureDate, '%Y.%m.%d') AS departureDate, f.returnDepartureDate AS returnDate, 
        b.status AS bookingStatus, CONCAT(f.flightDepartureDate, ' | ', f.returnDepartureDate) AS FlightDate, 
        p.packageName AS PackageName, b.bookingDate, b.pax AS TotalPax,  
        b.totalPrice AS PackagePrice, br.branchName as branchName, COALESCE(SUM(pa.amount), 0) AS TotalAmountPaid,
        CONCAT(a.lName, ', ', a.fName, ' ', IFNULL(CONCAT(SUBSTRING(a.mName, 1, 1), '.'), '')) AS agentName,
        COALESCE(SUM(r.requestCost), 0) AS TotalRequestAmount
        FROM booking b
        JOIN branch br ON b.agentCode = br.branchAgentCode
        JOIN flight f ON f.flightId = b.flightId
        JOIN package p ON p.packageId = b.packageId
        LEFT JOIN agent a ON b.accountType = 'Agent' AND b.accountId = a.accountId
        LEFT JOIN company c ON a.companyId = c.companyId
        LEFT JOIN client cl ON b.accountType = 'Client' AND b.accountId = cl.accountId
        LEFT JOIN company cc ON cl.companyId = cc.companyId
        LEFT JOIN payment pa ON pa.transactNo = b.transactNo AND pa.paymentStatus = 'Approved'
        LEFT JOIN request r ON r.transactNo = b.transactNo AND r.requestStatus = 'Confirmed'
        
        GROUP BY b.transactNo, f.flightDepartureDate, f.returnDepartureDate, b.status, 
                 p.packageName, b.bookingDate, b.pax, b.totalPrice, a.lName, a.fName, a.mName, br.branchName
        ORDER BY CAST(SUBSTRING_INDEX(b.transactNo, '-', -1) AS UNSIGNED)
[2025-08-15 03:16:20] Total records fetched: 98
[2025-08-15 04:53:11] WHERE clause: 
[2025-08-15 04:53:11] SQL Query: SELECT b.transactNo, DATE_FORMAT(f.flightDepartureDate, '%Y.%m.%d') AS departureDate, f.returnDepartureDate AS returnDate, 
        b.status AS bookingStatus, CONCAT(f.flightDepartureDate, ' | ', f.returnDepartureDate) AS FlightDate, 
        p.packageName AS PackageName, b.bookingDate, b.pax AS TotalPax,  
        b.totalPrice AS PackagePrice, br.branchName as branchName, COALESCE(SUM(pa.amount), 0) AS TotalAmountPaid,
        CONCAT(a.lName, ', ', a.fName, ' ', IFNULL(CONCAT(SUBSTRING(a.mName, 1, 1), '.'), '')) AS agentName,
        COALESCE(SUM(r.requestCost), 0) AS TotalRequestAmount
        FROM booking b
        JOIN branch br ON b.agentCode = br.branchAgentCode
        JOIN flight f ON f.flightId = b.flightId
        JOIN package p ON p.packageId = b.packageId
        LEFT JOIN agent a ON b.accountType = 'Agent' AND b.accountId = a.accountId
        LEFT JOIN company c ON a.companyId = c.companyId
        LEFT JOIN client cl ON b.accountType = 'Client' AND b.accountId = cl.accountId
        LEFT JOIN company cc ON cl.companyId = cc.companyId
        LEFT JOIN payment pa ON pa.transactNo = b.transactNo AND pa.paymentStatus = 'Approved'
        LEFT JOIN request r ON r.transactNo = b.transactNo AND r.requestStatus = 'Confirmed'
        
        GROUP BY b.transactNo, f.flightDepartureDate, f.returnDepartureDate, b.status, 
                 p.packageName, b.bookingDate, b.pax, b.totalPrice, a.lName, a.fName, a.mName, br.branchName
        ORDER BY CAST(SUBSTRING_INDEX(b.transactNo, '-', -1) AS UNSIGNED)
[2025-08-15 04:53:11] Total records fetched: 126
[2025-08-15 04:53:11] WHERE clause: 
[2025-08-15 04:53:11] SQL Query: SELECT b.transactNo, DATE_FORMAT(f.flightDepartureDate, '%Y.%m.%d') AS departureDate, f.returnDepartureDate AS returnDate, 
        b.status AS bookingStatus, CONCAT(f.flightDepartureDate, ' | ', f.returnDepartureDate) AS FlightDate, 
        p.packageName AS PackageName, b.bookingDate, b.pax AS TotalPax,  
        b.totalPrice AS PackagePrice, br.branchName as branchName, COALESCE(SUM(pa.amount), 0) AS TotalAmountPaid,
        CONCAT(a.lName, ', ', a.fName, ' ', IFNULL(CONCAT(SUBSTRING(a.mName, 1, 1), '.'), '')) AS agentName,
        COALESCE(SUM(r.requestCost), 0) AS TotalRequestAmount
        FROM booking b
        JOIN branch br ON b.agentCode = br.branchAgentCode
        JOIN flight f ON f.flightId = b.flightId
        JOIN package p ON p.packageId = b.packageId
        LEFT JOIN agent a ON b.accountType = 'Agent' AND b.accountId = a.accountId
        LEFT JOIN company c ON a.companyId = c.companyId
        LEFT JOIN client cl ON b.accountType = 'Client' AND b.accountId = cl.accountId
        LEFT JOIN company cc ON cl.companyId = cc.companyId
        LEFT JOIN payment pa ON pa.transactNo = b.transactNo AND pa.paymentStatus = 'Approved'
        LEFT JOIN request r ON r.transactNo = b.transactNo AND r.requestStatus = 'Confirmed'
        
        GROUP BY b.transactNo, f.flightDepartureDate, f.returnDepartureDate, b.status, 
                 p.packageName, b.bookingDate, b.pax, b.totalPrice, a.lName, a.fName, a.mName, br.branchName
        ORDER BY CAST(SUBSTRING_INDEX(b.transactNo, '-', -1) AS UNSIGNED)
[2025-08-15 04:53:11] Total records fetched: 126
